disease_finding_id,disease_id,finding_id,presence,typicality,sensitivity_context,specificity_context,disease_stage,age_context,clinical_meaning,distinguishing_value,commonly_tested,step_levels,subject_exams,source_status
DNF-NEUR-D9A9AB9F1155,DIS-NEUR-001,FND-NEUR-PRONATORDRIFT,present,classic,Timing and phenotype determine sensitivity of pronator drift in Transient ischemic attack.,Pronator drift is interpreted against the disease-specific mimics of Transient ischemic attack.,condition-specific,condition-specific,Pronator drift contributes a defined finding pattern to the explicit Transient ischemic attack illness script.,The selected Pronator drift pattern differentiates Transient ischemic attack from the competitors in its curation manifest.,true,Step 1; Step 2 CK; Step 3,Neurology; Internal Medicine; Pediatrics; Emergency Medicine,unverified_ai_generated
DNF-NEUR-63F4EB585F07,DIS-NEUR-001,FND-NEUR-DIFFUSIONRESTRICTION,present,supportive,Timing and phenotype determine sensitivity of diffusion restriction in Transient ischemic attack.,Diffusion restriction is interpreted against the disease-specific mimics of Transient ischemic attack.,condition-specific,condition-specific,Diffusion restriction contributes a defined finding pattern to the explicit Transient ischemic attack illness script.,The selected Diffusion restriction pattern differentiates Transient ischemic attack from the competitors in its curation manifest.,true,Step 1; Step 2 CK; Step 3,Neurology; Internal Medicine; Pediatrics; Emergency Medicine,unverified_ai_generated
DNF-NEUR-6DC9A0EA322E,DIS-NEUR-001,FND-NEUR-HYPERDENSEMCASIGN,present,supportive,Timing and phenotype determine sensitivity of hyperdense mca sign in Transient ischemic attack.,Hyperdense MCA sign is interpreted against the disease-specific mimics of Transient ischemic attack.,condition-specific,condition-specific,Hyperdense MCA sign contributes a defined finding pattern to the explicit Transient ischemic attack illness script.,The selected Hyperdense MCA sign pattern differentiates Transient ischemic attack from the competitors in its curation manifest.,true,Step 1; Step 2 CK; Step 3,Neurology; Internal Medicine; Pediatrics; Emergency Medicine,unverified_ai_generated
DNF-NEUR-DA45081F3572,DIS-NEUR-001,FND-NEUR-BABINSKISIGN,present,supportive,Timing and phenotype determine sensitivity of babinski sign in Transient ischemic attack.,Babinski sign is interpreted against the disease-specific mimics of Transient ischemic attack.,condition-specific,condition-specific,Babinski sign contributes a defined finding pattern to the explicit Transient ischemic attack illness script.,The selected Babinski sign pattern differentiates Transient ischemic attack from the competitors in its curation manifest.,true,Step 1; Step 2 CK; Step 3,Neurology; Internal Medicine; Pediatrics; Emergency Medicine,unverified_ai_generated
DNF-NEUR-7D4218FF46FF,DIS-NEUR-001,FND-NEUR-03E035AA6C05,present,supportive,Timing and phenotype determine sensitivity of visual field deficit in Transient ischemic attack.,Visual field deficit is interpreted against the disease-specific mimics of Transient ischemic attack.,condition-specific,condition-specific,Visual field deficit contributes a defined finding pattern to the explicit Transient ischemic attack illness script.,The selected Visual field deficit pattern differentiates Transient ischemic attack from the competitors in its curation manifest.,true,Step 1; Step 2 CK; Step 3,Neurology; Internal Medicine; Pediatrics; Emergency Medicine,unverified_ai_generated
DNF-NEUR-D8763C9DC6D2,DIS-NEUR-001,FND-NEUR-8A3D2C68E664,present,supportive,Timing and phenotype determine sensitivity of crossed neurologic findings in Transient ischemic attack.,Crossed neurologic findings is interpreted against the disease-specific mimics of Transient ischemic attack.,condition-specific,condition-specific,Crossed neurologic findings contributes a defined finding pattern to the explicit Transient ischemic attack illness script.,The selected Crossed neurologic findings pattern differentiates Transient ischemic attack from the competitors in its curation manifest.,true,Step 1; Step 2 CK; Step 3,Neurology; Internal Medicine; Pediatrics; Emergency Medicine,unverified_ai_generated
DNF-NEUR-245C70A7C855,DIS-N-0061,FND-NEUR-316E24CF8AD2,present,classic,Timing and phenotype determine sensitivity of postictal confusion in Seizure disorder.,Postictal confusion is interpreted against the disease-specific mimics of Seizure disorder.,condition-specific,condition-specific,Postictal confusion contributes a defined finding pattern to the explicit Seizure disorder illness script.,The selected Postictal confusion pattern differentiates Seizure disorder from the competitors in its curation manifest.,true,Step 1; Step 2 CK; Step 3,Neurology; Internal Medicine; Pediatrics; Emergency Medicine,unverified_ai_generated
DNF-NEUR-B7733F4E74DA,DIS-N-0061,FND-NEUR-D1266B0F1533,present,supportive,Timing and phenotype determine sensitivity of lateral tongue biting in Seizure disorder.,Lateral tongue biting is interpreted against the disease-specific mimics of Seizure disorder.,condition-specific,condition-specific,Lateral tongue biting contributes a defined finding pattern to the explicit Seizure disorder illness script.,The selected Lateral tongue biting pattern differentiates Seizure disorder from the competitors in its curation manifest.,true,Step 1; Step 2 CK; Step 3,Neurology; Internal Medicine; Pediatrics; Emergency Medicine,unverified_ai_generated
DNF-NEUR-C6B6970A4676,DIS-N-0061,FND-NEUR-DEBB25411A88,present,supportive,Timing and phenotype determine sensitivity of three-hertz spike-and-wave in Seizure disorder.,Three-hertz spike-and-wave is interpreted against the disease-specific mimics of Seizure disorder.,condition-specific,condition-specific,Three-hertz spike-and-wave contributes a defined finding pattern to the explicit Seizure disorder illness script.,The selected Three-hertz spike-and-wave pattern differentiates Seizure disorder from the competitors in its curation manifest.,true,Step 1; Step 2 CK; Step 3,Neurology; Internal Medicine; Pediatrics; Emergency Medicine,unverified_ai_generated
DNF-NEUR-454824966CE7,DIS-N-0061,FND-NEUR-B477B6F977D7,present,supportive,Timing and phenotype determine sensitivity of hypsarrhythmia in Seizure disorder.,Hypsarrhythmia is interpreted against the disease-specific mimics of Seizure disorder.,condition-specific,condition-specific,Hypsarrhythmia contributes a defined finding pattern to the explicit Seizure disorder illness script.,The selected Hypsarrhythmia pattern differentiates Seizure disorder from the competitors in its curation manifest.,true,Step 1; Step 2 CK; Step 3,Neurology; Internal Medicine; Pediatrics; Emergency Medicine,unverified_ai_generated
DNF-NEUR-6F1F10B28AAA,DIS-N-0061,FND-NEUR-0183C82D25E7,present,supportive,Timing and phenotype determine sensitivity of todd paralysis in Seizure disorder.,Todd paralysis is interpreted against the disease-specific mimics of Seizure disorder.,condition-specific,condition-specific,Todd paralysis contributes a defined finding pattern to the explicit Seizure disorder illness script.,The selected Todd paralysis pattern differentiates Seizure disorder from the competitors in its curation manifest.,true,Step 1; Step 2 CK; Step 3,Neurology; Internal Medicine; Pediatrics; Emergency Medicine,unverified_ai_generated
DNF-NEUR-5FE8EEE48C38,DIS-N-0061,FND-NEUR-TEMPORALLOBEABNORMAL,present,supportive,Timing and phenotype determine sensitivity of temporal-lobe abnormalities in Seizure disorder.,Temporal-lobe abnormalities is interpreted against the disease-specific mimics of Seizure disorder.,condition-specific,condition-specific,Temporal-lobe abnormalities contributes a defined finding pattern to the explicit Seizure disorder illness script.,The selected Temporal-lobe abnormalities pattern differentiates Seizure disorder from the competitors in its curation manifest.,true,Step 1; Step 2 CK; Step 3,Neurology; Internal Medicine; Pediatrics; Emergency Medicine,unverified_ai_generated
DNF-NEUR-39C3976A8839,DIS-N-0063,FND-NEUR-MENINGISMUS,present,classic,Timing and phenotype determine sensitivity of meningismus in Meningitis.,Meningismus is interpreted against the disease-specific mimics of Meningitis.,condition-specific,condition-specific,Meningismus contributes a defined finding pattern to the explicit Meningitis illness script.,The selected Meningismus pattern differentiates Meningitis from the competitors in its curation manifest.,true,Step 1; Step 2 CK; Step 3,Neurology; Internal Medicine; Pediatrics; Emergency Medicine,unverified_ai_generated
DNF-NEUR-1D11CD076CCA,DIS-N-0063,FND-NEUR-NEUTROPHILICCSF,present,supportive,Timing and phenotype determine sensitivity of neutrophilic csf in Meningitis.,Neutrophilic CSF is interpreted against the disease-specific mimics of Meningitis.,condition-specific,condition-specific,Neutrophilic CSF contributes a defined finding pattern to the explicit Meningitis illness script.,The selected Neutrophilic CSF pattern differentiates Meningitis from the competitors in its curation manifest.,true,Step 1; Step 2 CK; Step 3,Neurology; Internal Medicine; Pediatrics; Emergency Medicine,unverified_ai_generated
DNF-NEUR-DAD96D7E9881,DIS-N-0063,FND-NEUR-LYMPHOCYTICCSF,present,supportive,Timing and phenotype determine sensitivity of lymphocytic csf in Meningitis.,Lymphocytic CSF is interpreted against the disease-specific mimics of Meningitis.,condition-specific,condition-specific,Lymphocytic CSF contributes a defined finding pattern to the explicit Meningitis illness script.,The selected Lymphocytic CSF pattern differentiates Meningitis from the competitors in its curation manifest.,true,Step 1; Step 2 CK; Step 3,Neurology; Internal Medicine; Pediatrics; Emergency Medicine,unverified_ai_generated
DNF-NEUR-D8CA669983B4,DIS-N-0063,FND-NEUR-LOWCSFGLUCOSE,present,supportive,Timing and phenotype determine sensitivity of low csf glucose in Meningitis.,Low CSF glucose is interpreted against the disease-specific mimics of Meningitis.,condition-specific,condition-specific,Low CSF glucose contributes a defined finding pattern to the explicit Meningitis illness script.,The selected Low CSF glucose pattern differentiates Meningitis from the competitors in its curation manifest.,true,Step 1; Step 2 CK; Step 3,Neurology; Internal Medicine; Pediatrics; Emergency Medicine,unverified_ai_generated
DNF-NEUR-5271C6EC3A07,DIS-N-0063,FND-NEUR-TEMPORALLOBEABNORMAL,present,supportive,Timing and phenotype determine sensitivity of temporal-lobe abnormalities in Meningitis.,Temporal-lobe abnormalities is interpreted against the disease-specific mimics of Meningitis.,condition-specific,condition-specific,Temporal-lobe abnormalities contributes a defined finding pattern to the explicit Meningitis illness script.,The selected Temporal-lobe abnormalities pattern differentiates Meningitis from the competitors in its curation manifest.,true,Step 1; Step 2 CK; Step 3,Neurology; Internal Medicine; Pediatrics; Emergency Medicine,unverified_ai_generated
DNF-NEUR-E6A3E239099A,DIS-N-0063,FND-NEUR-ELEVATEDOPENINGPRESS,present,supportive,Timing and phenotype determine sensitivity of elevated opening pressure in Meningitis.,Elevated opening pressure is interpreted against the disease-specific mimics of Meningitis.,condition-specific,condition-specific,Elevated opening pressure contributes a defined finding pattern to the explicit Meningitis illness script.,The selected Elevated opening pressure pattern differentiates Meningitis from the competitors in its curation manifest.,true,Step 1; Step 2 CK; Step 3,Neurology; Internal Medicine; Pediatrics; Emergency Medicine,unverified_ai_generated
DNF-NEUR-D577DBB2101F,DIS-N-0069,FND-NEUR-NEUROFIBRILLARYTANGL,present,classic,Timing and phenotype determine sensitivity of neurofibrillary tangles in Delirium.,Neurofibrillary tangles is interpreted against the disease-specific mimics of Delirium.,condition-specific,condition-specific,Neurofibrillary tangles contributes a defined finding pattern to the explicit Delirium illness script.,The selected Neurofibrillary tangles pattern differentiates Delirium from the competitors in its curation manifest.,true,Step 1; Step 2 CK; Step 3,Neurology; Internal Medicine; Pediatrics; Emergency Medicine,unverified_ai_generated
DNF-NEUR-3AA8F4B114B7,DIS-N-0069,FND-NEUR-LEWYBODIES,present,supportive,Timing and phenotype determine sensitivity of lewy bodies in Delirium.,Lewy bodies is interpreted against the disease-specific mimics of Delirium.,condition-specific,condition-specific,Lewy bodies contributes a defined finding pattern to the explicit Delirium illness script.,The selected Lewy bodies pattern differentiates Delirium from the competitors in its curation manifest.,true,Step 1; Step 2 CK; Step 3,Neurology; Internal Medicine; Pediatrics; Emergency Medicine,unverified_ai_generated
DNF-NEUR-29ECF744B6AD,DIS-N-0069,FND-NEUR-VENTRICULOMEGALY,present,supportive,Timing and phenotype determine sensitivity of ventriculomegaly in Delirium.,Ventriculomegaly is interpreted against the disease-specific mimics of Delirium.,condition-specific,condition-specific,Ventriculomegaly contributes a defined finding pattern to the explicit Delirium illness script.,The selected Ventriculomegaly pattern differentiates Delirium from the competitors in its curation manifest.,true,Step 1; Step 2 CK; Step 3,Neurology; Internal Medicine; Pediatrics; Emergency Medicine,unverified_ai_generated
DNF-NEUR-1E3B208B63C3,DIS-N-0069,FND-NEUR-9F0545F48A27,present,supportive,Timing and phenotype determine sensitivity of fluctuating attention in Delirium.,Fluctuating attention is interpreted against the disease-specific mimics of Delirium.,condition-specific,condition-specific,Fluctuating attention contributes a defined finding pattern to the explicit Delirium illness script.,The selected Fluctuating attention pattern differentiates Delirium from the competitors in its curation manifest.,true,Step 1; Step 2 CK; Step 3,Neurology; Internal Medicine; Pediatrics; Emergency Medicine,unverified_ai_generated
DNF-NEUR-3832311A8BCD,DIS-N-0058,FND-NEUR-DIFFUSIONRESTRICTION,present,classic,Timing and phenotype determine sensitivity of diffusion restriction in Acute ischemic stroke.,Diffusion restriction is interpreted against the disease-specific mimics of Acute ischemic stroke.,condition-specific,condition-specific,Diffusion restriction contributes a defined finding pattern to the explicit Acute ischemic stroke illness script.,The selected Diffusion restriction pattern differentiates Acute ischemic stroke from the competitors in its curation manifest.,true,Step 1; Step 2 CK; Step 3,Neurology; Internal Medicine; Pediatrics; Emergency Medicine,unverified_ai_generated
DNF-NEUR-72BDCEA7A612,DIS-N-0058,FND-NEUR-HYPERDENSEMCASIGN,present,supportive,Timing and phenotype determine sensitivity of hyperdense mca sign in Acute ischemic stroke.,Hyperdense MCA sign is interpreted against the disease-specific mimics of Acute ischemic stroke.,condition-specific,condition-specific,Hyperdense MCA sign contributes a defined finding pattern to the explicit Acute ischemic stroke illness script.,The selected Hyperdense MCA sign pattern differentiates Acute ischemic stroke from the competitors in its curation manifest.,true,Step 1; Step 2 CK; Step 3,Neurology; Internal Medicine; Pediatrics; Emergency Medicine,unverified_ai_generated
DNF-NEUR-D40E366E11CE,DIS-N-0058,FND-NEUR-PRONATORDRIFT,present,supportive,Timing and phenotype determine sensitivity of pronator drift in Acute ischemic stroke.,Pronator drift is interpreted against the disease-specific mimics of Acute ischemic stroke.,condition-specific,condition-specific,Pronator drift contributes a defined finding pattern to the explicit Acute ischemic stroke illness script.,The selected Pronator drift pattern differentiates Acute ischemic stroke from the competitors in its curation manifest.,true,Step 1; Step 2 CK; Step 3,Neurology; Internal Medicine; Pediatrics; Emergency Medicine,unverified_ai_generated
DNF-NEUR-183660D00F43,DIS-N-0058,FND-NEUR-51AE1C5C7853,present,supportive,Timing and phenotype determine sensitivity of aphasia in Acute ischemic stroke.,Aphasia is interpreted against the disease-specific mimics of Acute ischemic stroke.,condition-specific,condition-specific,Aphasia contributes a defined finding pattern to the explicit Acute ischemic stroke illness script.,The selected Aphasia pattern differentiates Acute ischemic stroke from the competitors in its curation manifest.,true,Step 1; Step 2 CK; Step 3,Neurology; Internal Medicine; Pediatrics; Emergency Medicine,unverified_ai_generated
DNF-NEUR-1C551761C230,DIS-N-0058,FND-NEUR-03E035AA6C05,present,supportive,Timing and phenotype determine sensitivity of visual field deficit in Acute ischemic stroke.,Visual field deficit is interpreted against the disease-specific mimics of Acute ischemic stroke.,condition-specific,condition-specific,Visual field deficit contributes a defined finding pattern to the explicit Acute ischemic stroke illness script.,The selected Visual field deficit pattern differentiates Acute ischemic stroke from the competitors in its curation manifest.,true,Step 1; Step 2 CK; Step 3,Neurology; Internal Medicine; Pediatrics; Emergency Medicine,unverified_ai_generated
DNF-NEUR-E644FE38897D,DIS-NEUR-006,FND-NEUR-PRONATORDRIFT,present,classic,Timing and phenotype determine sensitivity of pronator drift in Large-vessel occlusion stroke.,Pronator drift is interpreted against the disease-specific mimics of Large-vessel occlusion stroke.,condition-specific,condition-specific,Pronator drift contributes a defined finding pattern to the explicit Large-vessel occlusion stroke illness script.,The selected Pronator drift pattern differentiates Large-vessel occlusion stroke from the competitors in its curation manifest.,true,Step 1; Step 2 CK; Step 3,Neurology; Internal Medicine; Pediatrics; Emergency Medicine,unverified_ai_generated
DNF-NEUR-B0F60F533019,DIS-NEUR-006,FND-NEUR-DIFFUSIONRESTRICTION,present,supportive,Timing and phenotype determine sensitivity of diffusion restriction in Large-vessel occlusion stroke.,Diffusion restriction is interpreted against the disease-specific mimics of Large-vessel occlusion stroke.,condition-specific,condition-specific,Diffusion restriction contributes a defined finding pattern to the explicit Large-vessel occlusion stroke illness script.,The selected Diffusion restriction pattern differentiates Large-vessel occlusion stroke from the competitors in its curation manifest.,true,Step 1; Step 2 CK; Step 3,Neurology; Internal Medicine; Pediatrics; Emergency Medicine,unverified_ai_generated
DNF-NEUR-A359E94BD9C2,DIS-NEUR-006,FND-NEUR-HYPERDENSEMCASIGN,present,supportive,Timing and phenotype determine sensitivity of hyperdense mca sign in Large-vessel occlusion stroke.,Hyperdense MCA sign is interpreted against the disease-specific mimics of Large-vessel occlusion stroke.,condition-specific,condition-specific,Hyperdense MCA sign contributes a defined finding pattern to the explicit Large-vessel occlusion stroke illness script.,The selected Hyperdense MCA sign pattern differentiates Large-vessel occlusion stroke from the competitors in its curation manifest.,true,Step 1; Step 2 CK; Step 3,Neurology; Internal Medicine; Pediatrics; Emergency Medicine,unverified_ai_generated
DNF-NEUR-A8FE935AC82B,DIS-NEUR-006,FND-NEUR-BABINSKISIGN,present,supportive,Timing and phenotype determine sensitivity of babinski sign in Large-vessel occlusion stroke.,Babinski sign is interpreted against the disease-specific mimics of Large-vessel occlusion stroke.,condition-specific,condition-specific,Babinski sign contributes a defined finding pattern to the explicit Large-vessel occlusion stroke illness script.,The selected Babinski sign pattern differentiates Large-vessel occlusion stroke from the competitors in its curation manifest.,true,Step 1; Step 2 CK; Step 3,Neurology; Internal Medicine; Pediatrics; Emergency Medicine,unverified_ai_generated
DNF-NEUR-F06290590DB7,DIS-NEUR-006,FND-NEUR-03E035AA6C05,present,supportive,Timing and phenotype determine sensitivity of visual field deficit in Large-vessel occlusion stroke.,Visual field deficit is interpreted against the disease-specific mimics of Large-vessel occlusion stroke.,condition-specific,condition-specific,Visual field deficit contributes a defined finding pattern to the explicit Large-vessel occlusion stroke illness script.,The selected Visual field deficit pattern differentiates Large-vessel occlusion stroke from the competitors in its curation manifest.,true,Step 1; Step 2 CK; Step 3,Neurology; Internal Medicine; Pediatrics; Emergency Medicine,unverified_ai_generated
DNF-NEUR-0EBBE7EBA96F,DIS-NEUR-006,FND-NEUR-8A3D2C68E664,present,supportive,Timing and phenotype determine sensitivity of crossed neurologic findings in Large-vessel occlusion stroke.,Crossed neurologic findings is interpreted against the disease-specific mimics of Large-vessel occlusion stroke.,condition-specific,condition-specific,Crossed neurologic findings contributes a defined finding pattern to the explicit Large-vessel occlusion stroke illness script.,The selected Crossed neurologic findings pattern differentiates Large-vessel occlusion stroke from the competitors in its curation manifest.,true,Step 1; Step 2 CK; Step 3,Neurology; Internal Medicine; Pediatrics; Emergency Medicine,unverified_ai_generated
DNF-NEUR-5616B8EF5C0A,DIS-NEUR-007,FND-NEUR-PRONATORDRIFT,present,classic,Timing and phenotype determine sensitivity of pronator drift in Lacunar stroke.,Pronator drift is interpreted against the disease-specific mimics of Lacunar stroke.,condition-specific,condition-specific,Pronator drift contributes a defined finding pattern to the explicit Lacunar stroke illness script.,The selected Pronator drift pattern differentiates Lacunar stroke from the competitors in its curation manifest.,true,Step 1; Step 2 CK; Step 3,Neurology; Internal Medicine; Pediatrics; Emergency Medicine,unverified_ai_generated
DNF-NEUR-7AB81EB10AE9,DIS-NEUR-007,FND-NEUR-DIFFUSIONRESTRICTION,present,supportive,Timing and phenotype determine sensitivity of diffusion restriction in Lacunar stroke.,Diffusion restriction is interpreted against the disease-specific mimics of Lacunar stroke.,condition-specific,condition-specific,Diffusion restriction contributes a defined finding pattern to the explicit Lacunar stroke illness script.,The selected Diffusion restriction pattern differentiates Lacunar stroke from the competitors in its curation manifest.,true,Step 1; Step 2 CK; Step 3,Neurology; Internal Medicine; Pediatrics; Emergency Medicine,unverified_ai_generated
DNF-NEUR-A297F826631B,DIS-NEUR-007,FND-NEUR-HYPERDENSEMCASIGN,present,supportive,Timing and phenotype determine sensitivity of hyperdense mca sign in Lacunar stroke.,Hyperdense MCA sign is interpreted against the disease-specific mimics of Lacunar stroke.,condition-specific,condition-specific,Hyperdense MCA sign contributes a defined finding pattern to the explicit Lacunar stroke illness script.,The selected Hyperdense MCA sign pattern differentiates Lacunar stroke from the competitors in its curation manifest.,true,Step 1; Step 2 CK; Step 3,Neurology; Internal Medicine; Pediatrics; Emergency Medicine,unverified_ai_generated
DNF-NEUR-C9D839E82A3C,DIS-NEUR-007,FND-NEUR-BABINSKISIGN,present,supportive,Timing and phenotype determine sensitivity of babinski sign in Lacunar stroke.,Babinski sign is interpreted against the disease-specific mimics of Lacunar stroke.,condition-specific,condition-specific,Babinski sign contributes a defined finding pattern to the explicit Lacunar stroke illness script.,The selected Babinski sign pattern differentiates Lacunar stroke from the competitors in its curation manifest.,true,Step 1; Step 2 CK; Step 3,Neurology; Internal Medicine; Pediatrics; Emergency Medicine,unverified_ai_generated
DNF-NEUR-6182037BB106,DIS-NEUR-007,FND-NEUR-03E035AA6C05,present,supportive,Timing and phenotype determine sensitivity of visual field deficit in Lacunar stroke.,Visual field deficit is interpreted against the disease-specific mimics of Lacunar stroke.,condition-specific,condition-specific,Visual field deficit contributes a defined finding pattern to the explicit Lacunar stroke illness script.,The selected Visual field deficit pattern differentiates Lacunar stroke from the competitors in its curation manifest.,true,Step 1; Step 2 CK; Step 3,Neurology; Internal Medicine; Pediatrics; Emergency Medicine,unverified_ai_generated
DNF-NEUR-1E83DF67BA5E,DIS-NEUR-007,FND-NEUR-8A3D2C68E664,present,supportive,Timing and phenotype determine sensitivity of crossed neurologic findings in Lacunar stroke.,Crossed neurologic findings is interpreted against the disease-specific mimics of Lacunar stroke.,condition-specific,condition-specific,Crossed neurologic findings contributes a defined finding pattern to the explicit Lacunar stroke illness script.,The selected Crossed neurologic findings pattern differentiates Lacunar stroke from the competitors in its curation manifest.,true,Step 1; Step 2 CK; Step 3,Neurology; Internal Medicine; Pediatrics; Emergency Medicine,unverified_ai_generated
DNF-NEUR-F7C4F5785E46,DIS-NEUR-008,FND-NEUR-NEUROFIBRILLARYTANGL,present,classic,Timing and phenotype determine sensitivity of neurofibrillary tangles in Watershed infarction.,Neurofibrillary tangles is interpreted against the disease-specific mimics of Watershed infarction.,condition-specific,condition-specific,Neurofibrillary tangles contributes a defined finding pattern to the explicit Watershed infarction illness script.,The selected Neurofibrillary tangles pattern differentiates Watershed infarction from the competitors in its curation manifest.,true,Step 1; Step 2 CK; Step 3,Neurology; Internal Medicine; Pediatrics; Emergency Medicine,unverified_ai_generated
DNF-NEUR-6E7D7BA01881,DIS-NEUR-008,FND-NEUR-LEWYBODIES,present,supportive,Timing and phenotype determine sensitivity of lewy bodies in Watershed infarction.,Lewy bodies is interpreted against the disease-specific mimics of Watershed infarction.,condition-specific,condition-specific,Lewy bodies contributes a defined finding pattern to the explicit Watershed infarction illness script.,The selected Lewy bodies pattern differentiates Watershed infarction from the competitors in its curation manifest.,true,Step 1; Step 2 CK; Step 3,Neurology; Internal Medicine; Pediatrics; Emergency Medicine,unverified_ai_generated
DNF-NEUR-4D8FE176CFED,DIS-NEUR-008,FND-NEUR-VENTRICULOMEGALY,present,supportive,Timing and phenotype determine sensitivity of ventriculomegaly in Watershed infarction.,Ventriculomegaly is interpreted against the disease-specific mimics of Watershed infarction.,condition-specific,condition-specific,Ventriculomegaly contributes a defined finding pattern to the explicit Watershed infarction illness script.,The selected Ventriculomegaly pattern differentiates Watershed infarction from the competitors in its curation manifest.,true,Step 1; Step 2 CK; Step 3,Neurology; Internal Medicine; Pediatrics; Emergency Medicine,unverified_ai_generated
DNF-NEUR-B6F4EA49AD0B,DIS-NEUR-008,FND-NEUR-9F0545F48A27,present,supportive,Timing and phenotype determine sensitivity of fluctuating attention in Watershed infarction.,Fluctuating attention is interpreted against the disease-specific mimics of Watershed infarction.,condition-specific,condition-specific,Fluctuating attention contributes a defined finding pattern to the explicit Watershed infarction illness script.,The selected Fluctuating attention pattern differentiates Watershed infarction from the competitors in its curation manifest.,true,Step 1; Step 2 CK; Step 3,Neurology; Internal Medicine; Pediatrics; Emergency Medicine,unverified_ai_generated
DNF-NEUR-D2EBF79E1672,DIS-NEUR-008,FND-NEUR-116242E6B543,present,supportive,Timing and phenotype determine sensitivity of visual hallucinations in Watershed infarction.,Visual hallucinations is interpreted against the disease-specific mimics of Watershed infarction.,condition-specific,condition-specific,Visual hallucinations contributes a defined finding pattern to the explicit Watershed infarction illness script.,The selected Visual hallucinations pattern differentiates Watershed infarction from the competitors in its curation manifest.,true,Step 1; Step 2 CK; Step 3,Neurology; Internal Medicine; Pediatrics; Emergency Medicine,unverified_ai_generated
DNF-NEUR-3EA08B27F6FD,DIS-NEUR-009,FND-NEUR-PRONATORDRIFT,present,classic,Timing and phenotype determine sensitivity of pronator drift in Cardioembolic stroke.,Pronator drift is interpreted against the disease-specific mimics of Cardioembolic stroke.,condition-specific,condition-specific,Pronator drift contributes a defined finding pattern to the explicit Cardioembolic stroke illness script.,The selected Pronator drift pattern differentiates Cardioembolic stroke from the competitors in its curation manifest.,true,Step 1; Step 2 CK; Step 3,Neurology; Internal Medicine; Pediatrics; Emergency Medicine,unverified_ai_generated
DNF-NEUR-76ACAEFBD454,DIS-NEUR-009,FND-NEUR-DIFFUSIONRESTRICTION,present,supportive,Timing and phenotype determine sensitivity of diffusion restriction in Cardioembolic stroke.,Diffusion restriction is interpreted against the disease-specific mimics of Cardioembolic stroke.,condition-specific,condition-specific,Diffusion restriction contributes a defined finding pattern to the explicit Cardioembolic stroke illness script.,The selected Diffusion restriction pattern differentiates Cardioembolic stroke from the competitors in its curation manifest.,true,Step 1; Step 2 CK; Step 3,Neurology; Internal Medicine; Pediatrics; Emergency Medicine,unverified_ai_generated
DNF-NEUR-439677CEC5A0,DIS-NEUR-009,FND-NEUR-HYPERDENSEMCASIGN,present,supportive,Timing and phenotype determine sensitivity of hyperdense mca sign in Cardioembolic stroke.,Hyperdense MCA sign is interpreted against the disease-specific mimics of Cardioembolic stroke.,condition-specific,condition-specific,Hyperdense MCA sign contributes a defined finding pattern to the explicit Cardioembolic stroke illness script.,The selected Hyperdense MCA sign pattern differentiates Cardioembolic stroke from the competitors in its curation manifest.,true,Step 1; Step 2 CK; Step 3,Neurology; Internal Medicine; Pediatrics; Emergency Medicine,unverified_ai_generated
DNF-NEUR-1401CD426585,DIS-NEUR-009,FND-NEUR-BABINSKISIGN,present,supportive,Timing and phenotype determine sensitivity of babinski sign in Cardioembolic stroke.,Babinski sign is interpreted against the disease-specific mimics of Cardioembolic stroke.,condition-specific,condition-specific,Babinski sign contributes a defined finding pattern to the explicit Cardioembolic stroke illness script.,The selected Babinski sign pattern differentiates Cardioembolic stroke from the competitors in its curation manifest.,true,Step 1; Step 2 CK; Step 3,Neurology; Internal Medicine; Pediatrics; Emergency Medicine,unverified_ai_generated
DNF-NEUR-74E0082786AC,DIS-NEUR-009,FND-NEUR-03E035AA6C05,present,supportive,Timing and phenotype determine sensitivity of visual field deficit in Cardioembolic stroke.,Visual field deficit is interpreted against the disease-specific mimics of Cardioembolic stroke.,condition-specific,condition-specific,Visual field deficit contributes a defined finding pattern to the explicit Cardioembolic stroke illness script.,The selected Visual field deficit pattern differentiates Cardioembolic stroke from the competitors in its curation manifest.,true,Step 1; Step 2 CK; Step 3,Neurology; Internal Medicine; Pediatrics; Emergency Medicine,unverified_ai_generated
DNF-NEUR-C5349998B94C,DIS-NEUR-009,FND-NEUR-8A3D2C68E664,present,supportive,Timing and phenotype determine sensitivity of crossed neurologic findings in Cardioembolic stroke.,Crossed neurologic findings is interpreted against the disease-specific mimics of Cardioembolic stroke.,condition-specific,condition-specific,Crossed neurologic findings contributes a defined finding pattern to the explicit Cardioembolic stroke illness script.,The selected Crossed neurologic findings pattern differentiates Cardioembolic stroke from the competitors in its curation manifest.,true,Step 1; Step 2 CK; Step 3,Neurology; Internal Medicine; Pediatrics; Emergency Medicine,unverified_ai_generated
DNF-NEUR-2740D7BC25F4,DIS-NEUR-010,FND-NEUR-PRONATORDRIFT,present,classic,Timing and phenotype determine sensitivity of pronator drift in Cryptogenic stroke.,Pronator drift is interpreted against the disease-specific mimics of Cryptogenic stroke.,condition-specific,condition-specific,Pronator drift contributes a defined finding pattern to the explicit Cryptogenic stroke illness script.,The selected Pronator drift pattern differentiates Cryptogenic stroke from the competitors in its curation manifest.,true,Step 1; Step 2 CK; Step 3,Neurology; Internal Medicine; Pediatrics; Emergency Medicine,unverified_ai_generated
DNF-NEUR-97ACA9F60CD5,DIS-NEUR-010,FND-NEUR-DIFFUSIONRESTRICTION,present,supportive,Timing and phenotype determine sensitivity of diffusion restriction in Cryptogenic stroke.,Diffusion restriction is interpreted against the disease-specific mimics of Cryptogenic stroke.,condition-specific,condition-specific,Diffusion restriction contributes a defined finding pattern to the explicit Cryptogenic stroke illness script.,The selected Diffusion restriction pattern differentiates Cryptogenic stroke from the competitors in its curation manifest.,true,Step 1; Step 2 CK; Step 3,Neurology; Internal Medicine; Pediatrics; Emergency Medicine,unverified_ai_generated
DNF-NEUR-A78DEB239291,DIS-NEUR-010,FND-NEUR-HYPERDENSEMCASIGN,present,supportive,Timing and phenotype determine sensitivity of hyperdense mca sign in Cryptogenic stroke.,Hyperdense MCA sign is interpreted against the disease-specific mimics of Cryptogenic stroke.,condition-specific,condition-specific,Hyperdense MCA sign contributes a defined finding pattern to the explicit Cryptogenic stroke illness script.,The selected Hyperdense MCA sign pattern differentiates Cryptogenic stroke from the competitors in its curation manifest.,true,Step 1; Step 2 CK; Step 3,Neurology; Internal Medicine; Pediatrics; Emergency Medicine,unverified_ai_generated
DNF-NEUR-939C45228EB1,DIS-NEUR-010,FND-NEUR-BABINSKISIGN,present,supportive,Timing and phenotype determine sensitivity of babinski sign in Cryptogenic stroke.,Babinski sign is interpreted against the disease-specific mimics of Cryptogenic stroke.,condition-specific,condition-specific,Babinski sign contributes a defined finding pattern to the explicit Cryptogenic stroke illness script.,The selected Babinski sign pattern differentiates Cryptogenic stroke from the competitors in its curation manifest.,true,Step 1; Step 2 CK; Step 3,Neurology; Internal Medicine; Pediatrics; Emergency Medicine,unverified_ai_generated
DNF-NEUR-4B0C7FA8CE0B,DIS-NEUR-010,FND-NEUR-03E035AA6C05,present,supportive,Timing and phenotype determine sensitivity of visual field deficit in Cryptogenic stroke.,Visual field deficit is interpreted against the disease-specific mimics of Cryptogenic stroke.,condition-specific,condition-specific,Visual field deficit contributes a defined finding pattern to the explicit Cryptogenic stroke illness script.,The selected Visual field deficit pattern differentiates Cryptogenic stroke from the competitors in its curation manifest.,true,Step 1; Step 2 CK; Step 3,Neurology; Internal Medicine; Pediatrics; Emergency Medicine,unverified_ai_generated
DNF-NEUR-2A1064A8C37E,DIS-NEUR-010,FND-NEUR-8A3D2C68E664,present,supportive,Timing and phenotype determine sensitivity of crossed neurologic findings in Cryptogenic stroke.,Crossed neurologic findings is interpreted against the disease-specific mimics of Cryptogenic stroke.,condition-specific,condition-specific,Crossed neurologic findings contributes a defined finding pattern to the explicit Cryptogenic stroke illness script.,The selected Crossed neurologic findings pattern differentiates Cryptogenic stroke from the competitors in its curation manifest.,true,Step 1; Step 2 CK; Step 3,Neurology; Internal Medicine; Pediatrics; Emergency Medicine,unverified_ai_generated
DNF-NEUR-9CEF19A46507,DIS-NEUR-011,FND-NEUR-PAPILLEDEMA,present,classic,Timing and phenotype determine sensitivity of papilledema in Cerebral venous sinus thrombosis.,Papilledema is interpreted against the disease-specific mimics of Cerebral venous sinus thrombosis.,condition-specific,condition-specific,Papilledema contributes a defined finding pattern to the explicit Cerebral venous sinus thrombosis illness script.,The selected Papilledema pattern differentiates Cerebral venous sinus thrombosis from the competitors in its curation manifest.,true,Step 1; Step 2 CK; Step 3,Neurology; Internal Medicine; Pediatrics; Emergency Medicine,unverified_ai_generated
DNF-NEUR-31AB4578974C,DIS-NEUR-011,FND-NEUR-A951325F62E7,present,supportive,Timing and phenotype determine sensitivity of focal neurologic deficit in Cerebral venous sinus thrombosis.,Focal neurologic deficit is interpreted against the disease-specific mimics of Cerebral venous sinus thrombosis.,condition-specific,condition-specific,Focal neurologic deficit contributes a defined finding pattern to the explicit Cerebral venous sinus thrombosis illness script.,The selected Focal neurologic deficit pattern differentiates Cerebral venous sinus thrombosis from the competitors in its curation manifest.,true,Step 1; Step 2 CK; Step 3,Neurology; Internal Medicine; Pediatrics; Emergency Medicine,unverified_ai_generated
DNF-NEUR-151AAB836B5D,DIS-NEUR-011,FND-NEUR-0CC36F3E2E75,present,supportive,Timing and phenotype determine sensitivity of seizure in Cerebral venous sinus thrombosis.,Seizure is interpreted against the disease-specific mimics of Cerebral venous sinus thrombosis.,condition-specific,condition-specific,Seizure contributes a defined finding pattern to the explicit Cerebral venous sinus thrombosis illness script.,The selected Seizure pattern differentiates Cerebral venous sinus thrombosis from the competitors in its curation manifest.,true,Step 1; Step 2 CK; Step 3,Neurology; Internal Medicine; Pediatrics; Emergency Medicine,unverified_ai_generated
DNF-NEUR-EFA91BF6E9B5,DIS-NEUR-011,FND-NEUR-DIFFUSIONRESTRICTION,present,supportive,Timing and phenotype determine sensitivity of diffusion restriction in Cerebral venous sinus thrombosis.,Diffusion restriction is interpreted against the disease-specific mimics of Cerebral venous sinus thrombosis.,condition-specific,condition-specific,Diffusion restriction contributes a defined finding pattern to the explicit Cerebral venous sinus thrombosis illness script.,The selected Diffusion restriction pattern differentiates Cerebral venous sinus thrombosis from the competitors in its curation manifest.,true,Step 1; Step 2 CK; Step 3,Neurology; Internal Medicine; Pediatrics; Emergency Medicine,unverified_ai_generated
DNF-NEUR-C5C870D7F12F,DIS-N-0059,FND-NEUR-PRONATORDRIFT,present,classic,Timing and phenotype determine sensitivity of pronator drift in Intracerebral hemorrhage.,Pronator drift is interpreted against the disease-specific mimics of Intracerebral hemorrhage.,condition-specific,condition-specific,Pronator drift contributes a defined finding pattern to the explicit Intracerebral hemorrhage illness script.,The selected Pronator drift pattern differentiates Intracerebral hemorrhage from the competitors in its curation manifest.,true,Step 1; Step 2 CK; Step 3,Neurology; Internal Medicine; Pediatrics; Emergency Medicine,unverified_ai_generated
DNF-NEUR-193CDAA734D6,DIS-N-0059,FND-NEUR-DIFFUSIONRESTRICTION,present,supportive,Timing and phenotype determine sensitivity of diffusion restriction in Intracerebral hemorrhage.,Diffusion restriction is interpreted against the disease-specific mimics of Intracerebral hemorrhage.,condition-specific,condition-specific,Diffusion restriction contributes a defined finding pattern to the explicit Intracerebral hemorrhage illness script.,The selected Diffusion restriction pattern differentiates Intracerebral hemorrhage from the competitors in its curation manifest.,true,Step 1; Step 2 CK; Step 3,Neurology; Internal Medicine; Pediatrics; Emergency Medicine,unverified_ai_generated
DNF-NEUR-5D47320AB1A8,DIS-N-0059,FND-NEUR-HYPERDENSEMCASIGN,present,supportive,Timing and phenotype determine sensitivity of hyperdense mca sign in Intracerebral hemorrhage.,Hyperdense MCA sign is interpreted against the disease-specific mimics of Intracerebral hemorrhage.,condition-specific,condition-specific,Hyperdense MCA sign contributes a defined finding pattern to the explicit Intracerebral hemorrhage illness script.,The selected Hyperdense MCA sign pattern differentiates Intracerebral hemorrhage from the competitors in its curation manifest.,true,Step 1; Step 2 CK; Step 3,Neurology; Internal Medicine; Pediatrics; Emergency Medicine,unverified_ai_generated
DNF-NEUR-BDEF4516833C,DIS-N-0059,FND-NEUR-BABINSKISIGN,present,supportive,Timing and phenotype determine sensitivity of babinski sign in Intracerebral hemorrhage.,Babinski sign is interpreted against the disease-specific mimics of Intracerebral hemorrhage.,condition-specific,condition-specific,Babinski sign contributes a defined finding pattern to the explicit Intracerebral hemorrhage illness script.,The selected Babinski sign pattern differentiates Intracerebral hemorrhage from the competitors in its curation manifest.,true,Step 1; Step 2 CK; Step 3,Neurology; Internal Medicine; Pediatrics; Emergency Medicine,unverified_ai_generated
DNF-NEUR-6ADD17DEE771,DIS-N-0059,FND-NEUR-03E035AA6C05,present,supportive,Timing and phenotype determine sensitivity of visual field deficit in Intracerebral hemorrhage.,Visual field deficit is interpreted against the disease-specific mimics of Intracerebral hemorrhage.,condition-specific,condition-specific,Visual field deficit contributes a defined finding pattern to the explicit Intracerebral hemorrhage illness script.,The selected Visual field deficit pattern differentiates Intracerebral hemorrhage from the competitors in its curation manifest.,true,Step 1; Step 2 CK; Step 3,Neurology; Internal Medicine; Pediatrics; Emergency Medicine,unverified_ai_generated
DNF-NEUR-011B191FBB51,DIS-N-0059,FND-NEUR-8A3D2C68E664,present,supportive,Timing and phenotype determine sensitivity of crossed neurologic findings in Intracerebral hemorrhage.,Crossed neurologic findings is interpreted against the disease-specific mimics of Intracerebral hemorrhage.,condition-specific,condition-specific,Crossed neurologic findings contributes a defined finding pattern to the explicit Intracerebral hemorrhage illness script.,The selected Crossed neurologic findings pattern differentiates Intracerebral hemorrhage from the competitors in its curation manifest.,true,Step 1; Step 2 CK; Step 3,Neurology; Internal Medicine; Pediatrics; Emergency Medicine,unverified_ai_generated
DNF-NEUR-F706505ECE91,DIS-N-0060,FND-NEUR-SUBARACHNOIDBLOOD,present,classic,Timing and phenotype determine sensitivity of subarachnoid blood in Subarachnoid hemorrhage.,Subarachnoid blood is interpreted against the disease-specific mimics of Subarachnoid hemorrhage.,condition-specific,condition-specific,Subarachnoid blood contributes a defined finding pattern to the explicit Subarachnoid hemorrhage illness script.,The selected Subarachnoid blood pattern differentiates Subarachnoid hemorrhage from the competitors in its curation manifest.,true,Step 1; Step 2 CK; Step 3,Neurology; Internal Medicine; Pediatrics; Emergency Medicine,unverified_ai_generated
DNF-NEUR-DE8410AAE9B2,DIS-N-0060,FND-NEUR-XANTHOCHROMIA,present,supportive,Timing and phenotype determine sensitivity of xanthochromia in Subarachnoid hemorrhage.,Xanthochromia is interpreted against the disease-specific mimics of Subarachnoid hemorrhage.,condition-specific,condition-specific,Xanthochromia contributes a defined finding pattern to the explicit Subarachnoid hemorrhage illness script.,The selected Xanthochromia pattern differentiates Subarachnoid hemorrhage from the competitors in its curation manifest.,true,Step 1; Step 2 CK; Step 3,Neurology; Internal Medicine; Pediatrics; Emergency Medicine,unverified_ai_generated
DNF-NEUR-FD6C4C7F591B,DIS-N-0060,FND-NEUR-MENINGISMUS,present,supportive,Timing and phenotype determine sensitivity of meningismus in Subarachnoid hemorrhage.,Meningismus is interpreted against the disease-specific mimics of Subarachnoid hemorrhage.,condition-specific,condition-specific,Meningismus contributes a defined finding pattern to the explicit Subarachnoid hemorrhage illness script.,The selected Meningismus pattern differentiates Subarachnoid hemorrhage from the competitors in its curation manifest.,true,Step 1; Step 2 CK; Step 3,Neurology; Internal Medicine; Pediatrics; Emergency Medicine,unverified_ai_generated
DNF-NEUR-13DDB1E7144F,DIS-N-0060,FND-NEUR-C70FA2F98F83,present,supportive,Timing and phenotype determine sensitivity of sentinel headache in Subarachnoid hemorrhage.,Sentinel headache is interpreted against the disease-specific mimics of Subarachnoid hemorrhage.,condition-specific,condition-specific,Sentinel headache contributes a defined finding pattern to the explicit Subarachnoid hemorrhage illness script.,The selected Sentinel headache pattern differentiates Subarachnoid hemorrhage from the competitors in its curation manifest.,true,Step 1; Step 2 CK; Step 3,Neurology; Internal Medicine; Pediatrics; Emergency Medicine,unverified_ai_generated
DNF-NEUR-3E4A3BBA49E8,DIS-NEUR-014,FND-NEUR-NEUROFIBRILLARYTANGL,present,classic,Timing and phenotype determine sensitivity of neurofibrillary tangles in Epidural hematoma.,Neurofibrillary tangles is interpreted against the disease-specific mimics of Epidural hematoma.,condition-specific,condition-specific,Neurofibrillary tangles contributes a defined finding pattern to the explicit Epidural hematoma illness script.,The selected Neurofibrillary tangles pattern differentiates Epidural hematoma from the competitors in its curation manifest.,true,Step 1; Step 2 CK; Step 3,Neurology; Internal Medicine; Pediatrics; Emergency Medicine,unverified_ai_generated
DNF-NEUR-4C50489507BF,DIS-NEUR-014,FND-NEUR-LEWYBODIES,present,supportive,Timing and phenotype determine sensitivity of lewy bodies in Epidural hematoma.,Lewy bodies is interpreted against the disease-specific mimics of Epidural hematoma.,condition-specific,condition-specific,Lewy bodies contributes a defined finding pattern to the explicit Epidural hematoma illness script.,The selected Lewy bodies pattern differentiates Epidural hematoma from the competitors in its curation manifest.,true,Step 1; Step 2 CK; Step 3,Neurology; Internal Medicine; Pediatrics; Emergency Medicine,unverified_ai_generated
DNF-NEUR-BD311F1EB031,DIS-NEUR-014,FND-NEUR-VENTRICULOMEGALY,present,supportive,Timing and phenotype determine sensitivity of ventriculomegaly in Epidural hematoma.,Ventriculomegaly is interpreted against the disease-specific mimics of Epidural hematoma.,condition-specific,condition-specific,Ventriculomegaly contributes a defined finding pattern to the explicit Epidural hematoma illness script.,The selected Ventriculomegaly pattern differentiates Epidural hematoma from the competitors in its curation manifest.,true,Step 1; Step 2 CK; Step 3,Neurology; Internal Medicine; Pediatrics; Emergency Medicine,unverified_ai_generated
DNF-NEUR-A7A41002D384,DIS-NEUR-014,FND-NEUR-9F0545F48A27,present,supportive,Timing and phenotype determine sensitivity of fluctuating attention in Epidural hematoma.,Fluctuating attention is interpreted against the disease-specific mimics of Epidural hematoma.,condition-specific,condition-specific,Fluctuating attention contributes a defined finding pattern to the explicit Epidural hematoma illness script.,The selected Fluctuating attention pattern differentiates Epidural hematoma from the competitors in its curation manifest.,true,Step 1; Step 2 CK; Step 3,Neurology; Internal Medicine; Pediatrics; Emergency Medicine,unverified_ai_generated
DNF-NEUR-D3F1EF8EC4D0,DIS-NEUR-014,FND-NEUR-116242E6B543,present,supportive,Timing and phenotype determine sensitivity of visual hallucinations in Epidural hematoma.,Visual hallucinations is interpreted against the disease-specific mimics of Epidural hematoma.,condition-specific,condition-specific,Visual hallucinations contributes a defined finding pattern to the explicit Epidural hematoma illness script.,The selected Visual hallucinations pattern differentiates Epidural hematoma from the competitors in its curation manifest.,true,Step 1; Step 2 CK; Step 3,Neurology; Internal Medicine; Pediatrics; Emergency Medicine,unverified_ai_generated
DNF-NEUR-113DDFC63333,DIS-NEUR-015,FND-NEUR-NEUROFIBRILLARYTANGL,present,classic,Timing and phenotype determine sensitivity of neurofibrillary tangles in Subdural hematoma.,Neurofibrillary tangles is interpreted against the disease-specific mimics of Subdural hematoma.,condition-specific,condition-specific,Neurofibrillary tangles contributes a defined finding pattern to the explicit Subdural hematoma illness script.,The selected Neurofibrillary tangles pattern differentiates Subdural hematoma from the competitors in its curation manifest.,true,Step 1; Step 2 CK; Step 3,Neurology; Internal Medicine; Pediatrics; Emergency Medicine,unverified_ai_generated
DNF-NEUR-33DFE7163289,DIS-NEUR-015,FND-NEUR-LEWYBODIES,present,supportive,Timing and phenotype determine sensitivity of lewy bodies in Subdural hematoma.,Lewy bodies is interpreted against the disease-specific mimics of Subdural hematoma.,condition-specific,condition-specific,Lewy bodies contributes a defined finding pattern to the explicit Subdural hematoma illness script.,The selected Lewy bodies pattern differentiates Subdural hematoma from the competitors in its curation manifest.,true,Step 1; Step 2 CK; Step 3,Neurology; Internal Medicine; Pediatrics; Emergency Medicine,unverified_ai_generated
DNF-NEUR-E1647517B10E,DIS-NEUR-015,FND-NEUR-VENTRICULOMEGALY,present,supportive,Timing and phenotype determine sensitivity of ventriculomegaly in Subdural hematoma.,Ventriculomegaly is interpreted against the disease-specific mimics of Subdural hematoma.,condition-specific,condition-specific,Ventriculomegaly contributes a defined finding pattern to the explicit Subdural hematoma illness script.,The selected Ventriculomegaly pattern differentiates Subdural hematoma from the competitors in its curation manifest.,true,Step 1; Step 2 CK; Step 3,Neurology; Internal Medicine; Pediatrics; Emergency Medicine,unverified_ai_generated
DNF-NEUR-6DEF6DC0A377,DIS-NEUR-015,FND-NEUR-9F0545F48A27,present,supportive,Timing and phenotype determine sensitivity of fluctuating attention in Subdural hematoma.,Fluctuating attention is interpreted against the disease-specific mimics of Subdural hematoma.,condition-specific,condition-specific,Fluctuating attention contributes a defined finding pattern to the explicit Subdural hematoma illness script.,The selected Fluctuating attention pattern differentiates Subdural hematoma from the competitors in its curation manifest.,true,Step 1; Step 2 CK; Step 3,Neurology; Internal Medicine; Pediatrics; Emergency Medicine,unverified_ai_generated
DNF-NEUR-7BBA139734EB,DIS-NEUR-015,FND-NEUR-116242E6B543,present,supportive,Timing and phenotype determine sensitivity of visual hallucinations in Subdural hematoma.,Visual hallucinations is interpreted against the disease-specific mimics of Subdural hematoma.,condition-specific,condition-specific,Visual hallucinations contributes a defined finding pattern to the explicit Subdural hematoma illness script.,The selected Visual hallucinations pattern differentiates Subdural hematoma from the competitors in its curation manifest.,true,Step 1; Step 2 CK; Step 3,Neurology; Internal Medicine; Pediatrics; Emergency Medicine,unverified_ai_generated
DNF-NEUR-231911694102,DIS-NEUR-016,FND-NEUR-PRONATORDRIFT,present,classic,Timing and phenotype determine sensitivity of pronator drift in Intraventricular hemorrhage.,Pronator drift is interpreted against the disease-specific mimics of Intraventricular hemorrhage.,condition-specific,condition-specific,Pronator drift contributes a defined finding pattern to the explicit Intraventricular hemorrhage illness script.,The selected Pronator drift pattern differentiates Intraventricular hemorrhage from the competitors in its curation manifest.,true,Step 1; Step 2 CK; Step 3,Neurology; Internal Medicine; Pediatrics; Emergency Medicine,unverified_ai_generated
DNF-NEUR-F636FD41C56F,DIS-NEUR-016,FND-NEUR-DIFFUSIONRESTRICTION,present,supportive,Timing and phenotype determine sensitivity of diffusion restriction in Intraventricular hemorrhage.,Diffusion restriction is interpreted against the disease-specific mimics of Intraventricular hemorrhage.,condition-specific,condition-specific,Diffusion restriction contributes a defined finding pattern to the explicit Intraventricular hemorrhage illness script.,The selected Diffusion restriction pattern differentiates Intraventricular hemorrhage from the competitors in its curation manifest.,true,Step 1; Step 2 CK; Step 3,Neurology; Internal Medicine; Pediatrics; Emergency Medicine,unverified_ai_generated
DNF-NEUR-CD10454220B7,DIS-NEUR-016,FND-NEUR-HYPERDENSEMCASIGN,present,supportive,Timing and phenotype determine sensitivity of hyperdense mca sign in Intraventricular hemorrhage.,Hyperdense MCA sign is interpreted against the disease-specific mimics of Intraventricular hemorrhage.,condition-specific,condition-specific,Hyperdense MCA sign contributes a defined finding pattern to the explicit Intraventricular hemorrhage illness script.,The selected Hyperdense MCA sign pattern differentiates Intraventricular hemorrhage from the competitors in its curation manifest.,true,Step 1; Step 2 CK; Step 3,Neurology; Internal Medicine; Pediatrics; Emergency Medicine,unverified_ai_generated
DNF-NEUR-4AB3EC20D9BC,DIS-NEUR-016,FND-NEUR-BABINSKISIGN,present,supportive,Timing and phenotype determine sensitivity of babinski sign in Intraventricular hemorrhage.,Babinski sign is interpreted against the disease-specific mimics of Intraventricular hemorrhage.,condition-specific,condition-specific,Babinski sign contributes a defined finding pattern to the explicit Intraventricular hemorrhage illness script.,The selected Babinski sign pattern differentiates Intraventricular hemorrhage from the competitors in its curation manifest.,true,Step 1; Step 2 CK; Step 3,Neurology; Internal Medicine; Pediatrics; Emergency Medicine,unverified_ai_generated
DNF-NEUR-580F69FA4D36,DIS-NEUR-016,FND-NEUR-03E035AA6C05,present,supportive,Timing and phenotype determine sensitivity of visual field deficit in Intraventricular hemorrhage.,Visual field deficit is interpreted against the disease-specific mimics of Intraventricular hemorrhage.,condition-specific,condition-specific,Visual field deficit contributes a defined finding pattern to the explicit Intraventricular hemorrhage illness script.,The selected Visual field deficit pattern differentiates Intraventricular hemorrhage from the competitors in its curation manifest.,true,Step 1; Step 2 CK; Step 3,Neurology; Internal Medicine; Pediatrics; Emergency Medicine,unverified_ai_generated
DNF-NEUR-18BCB15EDB27,DIS-NEUR-016,FND-NEUR-8A3D2C68E664,present,supportive,Timing and phenotype determine sensitivity of crossed neurologic findings in Intraventricular hemorrhage.,Crossed neurologic findings is interpreted against the disease-specific mimics of Intraventricular hemorrhage.,condition-specific,condition-specific,Crossed neurologic findings contributes a defined finding pattern to the explicit Intraventricular hemorrhage illness script.,The selected Crossed neurologic findings pattern differentiates Intraventricular hemorrhage from the competitors in its curation manifest.,true,Step 1; Step 2 CK; Step 3,Neurology; Internal Medicine; Pediatrics; Emergency Medicine,unverified_ai_generated
DNF-NEUR-9A4870608E6C,DIS-NEUR-017,FND-NEUR-PRONATORDRIFT,present,classic,Timing and phenotype determine sensitivity of pronator drift in Hypertensive cerebral hemorrhage.,Pronator drift is interpreted against the disease-specific mimics of Hypertensive cerebral hemorrhage.,condition-specific,condition-specific,Pronator drift contributes a defined finding pattern to the explicit Hypertensive cerebral hemorrhage illness script.,The selected Pronator drift pattern differentiates Hypertensive cerebral hemorrhage from the competitors in its curation manifest.,true,Step 1; Step 2 CK; Step 3,Neurology; Internal Medicine; Pediatrics; Emergency Medicine,unverified_ai_generated
DNF-NEUR-92C51F295D3B,DIS-NEUR-017,FND-NEUR-DIFFUSIONRESTRICTION,present,supportive,Timing and phenotype determine sensitivity of diffusion restriction in Hypertensive cerebral hemorrhage.,Diffusion restriction is interpreted against the disease-specific mimics of Hypertensive cerebral hemorrhage.,condition-specific,condition-specific,Diffusion restriction contributes a defined finding pattern to the explicit Hypertensive cerebral hemorrhage illness script.,The selected Diffusion restriction pattern differentiates Hypertensive cerebral hemorrhage from the competitors in its curation manifest.,true,Step 1; Step 2 CK; Step 3,Neurology; Internal Medicine; Pediatrics; Emergency Medicine,unverified_ai_generated
DNF-NEUR-62CC184F7F24,DIS-NEUR-017,FND-NEUR-HYPERDENSEMCASIGN,present,supportive,Timing and phenotype determine sensitivity of hyperdense mca sign in Hypertensive cerebral hemorrhage.,Hyperdense MCA sign is interpreted against the disease-specific mimics of Hypertensive cerebral hemorrhage.,condition-specific,condition-specific,Hyperdense MCA sign contributes a defined finding pattern to the explicit Hypertensive cerebral hemorrhage illness script.,The selected Hyperdense MCA sign pattern differentiates Hypertensive cerebral hemorrhage from the competitors in its curation manifest.,true,Step 1; Step 2 CK; Step 3,Neurology; Internal Medicine; Pediatrics; Emergency Medicine,unverified_ai_generated
DNF-NEUR-A2E5F31F4A1C,DIS-NEUR-017,FND-NEUR-BABINSKISIGN,present,supportive,Timing and phenotype determine sensitivity of babinski sign in Hypertensive cerebral hemorrhage.,Babinski sign is interpreted against the disease-specific mimics of Hypertensive cerebral hemorrhage.,condition-specific,condition-specific,Babinski sign contributes a defined finding pattern to the explicit Hypertensive cerebral hemorrhage illness script.,The selected Babinski sign pattern differentiates Hypertensive cerebral hemorrhage from the competitors in its curation manifest.,true,Step 1; Step 2 CK; Step 3,Neurology; Internal Medicine; Pediatrics; Emergency Medicine,unverified_ai_generated
DNF-NEUR-2FE65CEE31EA,DIS-NEUR-017,FND-NEUR-03E035AA6C05,present,supportive,Timing and phenotype determine sensitivity of visual field deficit in Hypertensive cerebral hemorrhage.,Visual field deficit is interpreted against the disease-specific mimics of Hypertensive cerebral hemorrhage.,condition-specific,condition-specific,Visual field deficit contributes a defined finding pattern to the explicit Hypertensive cerebral hemorrhage illness script.,The selected Visual field deficit pattern differentiates Hypertensive cerebral hemorrhage from the competitors in its curation manifest.,true,Step 1; Step 2 CK; Step 3,Neurology; Internal Medicine; Pediatrics; Emergency Medicine,unverified_ai_generated
DNF-NEUR-D4B6304E83A2,DIS-NEUR-017,FND-NEUR-8A3D2C68E664,present,supportive,Timing and phenotype determine sensitivity of crossed neurologic findings in Hypertensive cerebral hemorrhage.,Crossed neurologic findings is interpreted against the disease-specific mimics of Hypertensive cerebral hemorrhage.,condition-specific,condition-specific,Crossed neurologic findings contributes a defined finding pattern to the explicit Hypertensive cerebral hemorrhage illness script.,The selected Crossed neurologic findings pattern differentiates Hypertensive cerebral hemorrhage from the competitors in its curation manifest.,true,Step 1; Step 2 CK; Step 3,Neurology; Internal Medicine; Pediatrics; Emergency Medicine,unverified_ai_generated
DNF-NEUR-B38FB0682B19,DIS-NEUR-018,FND-NEUR-NEUROFIBRILLARYTANGL,present,classic,Timing and phenotype determine sensitivity of neurofibrillary tangles in Cerebral amyloid angiopathy.,Neurofibrillary tangles is interpreted against the disease-specific mimics of Cerebral amyloid angiopathy.,condition-specific,condition-specific,Neurofibrillary tangles contributes a defined finding pattern to the explicit Cerebral amyloid angiopathy illness script.,The selected Neurofibrillary tangles pattern differentiates Cerebral amyloid angiopathy from the competitors in its curation manifest.,true,Step 1; Step 2 CK; Step 3,Neurology; Internal Medicine; Pediatrics; Emergency Medicine,unverified_ai_generated
DNF-NEUR-EEFEDC549EBF,DIS-NEUR-018,FND-NEUR-LEWYBODIES,present,supportive,Timing and phenotype determine sensitivity of lewy bodies in Cerebral amyloid angiopathy.,Lewy bodies is interpreted against the disease-specific mimics of Cerebral amyloid angiopathy.,condition-specific,condition-specific,Lewy bodies contributes a defined finding pattern to the explicit Cerebral amyloid angiopathy illness script.,The selected Lewy bodies pattern differentiates Cerebral amyloid angiopathy from the competitors in its curation manifest.,true,Step 1; Step 2 CK; Step 3,Neurology; Internal Medicine; Pediatrics; Emergency Medicine,unverified_ai_generated
DNF-NEUR-38947C6A89A8,DIS-NEUR-018,FND-NEUR-VENTRICULOMEGALY,present,supportive,Timing and phenotype determine sensitivity of ventriculomegaly in Cerebral amyloid angiopathy.,Ventriculomegaly is interpreted against the disease-specific mimics of Cerebral amyloid angiopathy.,condition-specific,condition-specific,Ventriculomegaly contributes a defined finding pattern to the explicit Cerebral amyloid angiopathy illness script.,The selected Ventriculomegaly pattern differentiates Cerebral amyloid angiopathy from the competitors in its curation manifest.,true,Step 1; Step 2 CK; Step 3,Neurology; Internal Medicine; Pediatrics; Emergency Medicine,unverified_ai_generated
DNF-NEUR-891C867F26D3,DIS-NEUR-018,FND-NEUR-9F0545F48A27,present,supportive,Timing and phenotype determine sensitivity of fluctuating attention in Cerebral amyloid angiopathy.,Fluctuating attention is interpreted against the disease-specific mimics of Cerebral amyloid angiopathy.,condition-specific,condition-specific,Fluctuating attention contributes a defined finding pattern to the explicit Cerebral amyloid angiopathy illness script.,The selected Fluctuating attention pattern differentiates Cerebral amyloid angiopathy from the competitors in its curation manifest.,true,Step 1; Step 2 CK; Step 3,Neurology; Internal Medicine; Pediatrics; Emergency Medicine,unverified_ai_generated
DNF-NEUR-5F03058FA6D5,DIS-NEUR-018,FND-NEUR-116242E6B543,present,supportive,Timing and phenotype determine sensitivity of visual hallucinations in Cerebral amyloid angiopathy.,Visual hallucinations is interpreted against the disease-specific mimics of Cerebral amyloid angiopathy.,condition-specific,condition-specific,Visual hallucinations contributes a defined finding pattern to the explicit Cerebral amyloid angiopathy illness script.,The selected Visual hallucinations pattern differentiates Cerebral amyloid angiopathy from the competitors in its curation manifest.,true,Step 1; Step 2 CK; Step 3,Neurology; Internal Medicine; Pediatrics; Emergency Medicine,unverified_ai_generated
DNF-NEUR-DA73D04FD9AD,DIS-NEUR-019,FND-NEUR-PRONATORDRIFT,present,classic,Timing and phenotype determine sensitivity of pronator drift in Carotid artery dissection.,Pronator drift is interpreted against the disease-specific mimics of Carotid artery dissection.,condition-specific,condition-specific,Pronator drift contributes a defined finding pattern to the explicit Carotid artery dissection illness script.,The selected Pronator drift pattern differentiates Carotid artery dissection from the competitors in its curation manifest.,true,Step 1; Step 2 CK; Step 3,Neurology; Internal Medicine; Pediatrics; Emergency Medicine,unverified_ai_generated
DNF-NEUR-D615734191EE,DIS-NEUR-019,FND-NEUR-DIFFUSIONRESTRICTION,present,supportive,Timing and phenotype determine sensitivity of diffusion restriction in Carotid artery dissection.,Diffusion restriction is interpreted against the disease-specific mimics of Carotid artery dissection.,condition-specific,condition-specific,Diffusion restriction contributes a defined finding pattern to the explicit Carotid artery dissection illness script.,The selected Diffusion restriction pattern differentiates Carotid artery dissection from the competitors in its curation manifest.,true,Step 1; Step 2 CK; Step 3,Neurology; Internal Medicine; Pediatrics; Emergency Medicine,unverified_ai_generated
DNF-NEUR-621DFF895198,DIS-NEUR-019,FND-NEUR-HYPERDENSEMCASIGN,present,supportive,Timing and phenotype determine sensitivity of hyperdense mca sign in Carotid artery dissection.,Hyperdense MCA sign is interpreted against the disease-specific mimics of Carotid artery dissection.,condition-specific,condition-specific,Hyperdense MCA sign contributes a defined finding pattern to the explicit Carotid artery dissection illness script.,The selected Hyperdense MCA sign pattern differentiates Carotid artery dissection from the competitors in its curation manifest.,true,Step 1; Step 2 CK; Step 3,Neurology; Internal Medicine; Pediatrics; Emergency Medicine,unverified_ai_generated
DNF-NEUR-FAA51B2A9E1C,DIS-NEUR-019,FND-NEUR-BABINSKISIGN,present,supportive,Timing and phenotype determine sensitivity of babinski sign in Carotid artery dissection.,Babinski sign is interpreted against the disease-specific mimics of Carotid artery dissection.,condition-specific,condition-specific,Babinski sign contributes a defined finding pattern to the explicit Carotid artery dissection illness script.,The selected Babinski sign pattern differentiates Carotid artery dissection from the competitors in its curation manifest.,true,Step 1; Step 2 CK; Step 3,Neurology; Internal Medicine; Pediatrics; Emergency Medicine,unverified_ai_generated
DNF-NEUR-D8A07CB0CF83,DIS-NEUR-019,FND-NEUR-03E035AA6C05,present,supportive,Timing and phenotype determine sensitivity of visual field deficit in Carotid artery dissection.,Visual field deficit is interpreted against the disease-specific mimics of Carotid artery dissection.,condition-specific,condition-specific,Visual field deficit contributes a defined finding pattern to the explicit Carotid artery dissection illness script.,The selected Visual field deficit pattern differentiates Carotid artery dissection from the competitors in its curation manifest.,true,Step 1; Step 2 CK; Step 3,Neurology; Internal Medicine; Pediatrics; Emergency Medicine,unverified_ai_generated
DNF-NEUR-CEE46FDA1EEC,DIS-NEUR-019,FND-NEUR-8A3D2C68E664,present,supportive,Timing and phenotype determine sensitivity of crossed neurologic findings in Carotid artery dissection.,Crossed neurologic findings is interpreted against the disease-specific mimics of Carotid artery dissection.,condition-specific,condition-specific,Crossed neurologic findings contributes a defined finding pattern to the explicit Carotid artery dissection illness script.,The selected Crossed neurologic findings pattern differentiates Carotid artery dissection from the competitors in its curation manifest.,true,Step 1; Step 2 CK; Step 3,Neurology; Internal Medicine; Pediatrics; Emergency Medicine,unverified_ai_generated
DNF-NEUR-3FBCEB266034,DIS-NEUR-020,FND-NEUR-PRONATORDRIFT,present,classic,Timing and phenotype determine sensitivity of pronator drift in Vertebral artery dissection.,Pronator drift is interpreted against the disease-specific mimics of Vertebral artery dissection.,condition-specific,condition-specific,Pronator drift contributes a defined finding pattern to the explicit Vertebral artery dissection illness script.,The selected Pronator drift pattern differentiates Vertebral artery dissection from the competitors in its curation manifest.,true,Step 1; Step 2 CK; Step 3,Neurology; Internal Medicine; Pediatrics; Emergency Medicine,unverified_ai_generated
DNF-NEUR-5A36EA177152,DIS-NEUR-020,FND-NEUR-DIFFUSIONRESTRICTION,present,supportive,Timing and phenotype determine sensitivity of diffusion restriction in Vertebral artery dissection.,Diffusion restriction is interpreted against the disease-specific mimics of Vertebral artery dissection.,condition-specific,condition-specific,Diffusion restriction contributes a defined finding pattern to the explicit Vertebral artery dissection illness script.,The selected Diffusion restriction pattern differentiates Vertebral artery dissection from the competitors in its curation manifest.,true,Step 1; Step 2 CK; Step 3,Neurology; Internal Medicine; Pediatrics; Emergency Medicine,unverified_ai_generated
DNF-NEUR-E9D956D2C3E6,DIS-NEUR-020,FND-NEUR-HYPERDENSEMCASIGN,present,supportive,Timing and phenotype determine sensitivity of hyperdense mca sign in Vertebral artery dissection.,Hyperdense MCA sign is interpreted against the disease-specific mimics of Vertebral artery dissection.,condition-specific,condition-specific,Hyperdense MCA sign contributes a defined finding pattern to the explicit Vertebral artery dissection illness script.,The selected Hyperdense MCA sign pattern differentiates Vertebral artery dissection from the competitors in its curation manifest.,true,Step 1; Step 2 CK; Step 3,Neurology; Internal Medicine; Pediatrics; Emergency Medicine,unverified_ai_generated
DNF-NEUR-7CF54C012D43,DIS-NEUR-020,FND-NEUR-BABINSKISIGN,present,supportive,Timing and phenotype determine sensitivity of babinski sign in Vertebral artery dissection.,Babinski sign is interpreted against the disease-specific mimics of Vertebral artery dissection.,condition-specific,condition-specific,Babinski sign contributes a defined finding pattern to the explicit Vertebral artery dissection illness script.,The selected Babinski sign pattern differentiates Vertebral artery dissection from the competitors in its curation manifest.,true,Step 1; Step 2 CK; Step 3,Neurology; Internal Medicine; Pediatrics; Emergency Medicine,unverified_ai_generated
DNF-NEUR-5B3A7003FFDB,DIS-NEUR-020,FND-NEUR-03E035AA6C05,present,supportive,Timing and phenotype determine sensitivity of visual field deficit in Vertebral artery dissection.,Visual field deficit is interpreted against the disease-specific mimics of Vertebral artery dissection.,condition-specific,condition-specific,Visual field deficit contributes a defined finding pattern to the explicit Vertebral artery dissection illness script.,The selected Visual field deficit pattern differentiates Vertebral artery dissection from the competitors in its curation manifest.,true,Step 1; Step 2 CK; Step 3,Neurology; Internal Medicine; Pediatrics; Emergency Medicine,unverified_ai_generated
DNF-NEUR-22338E21F1D7,DIS-NEUR-020,FND-NEUR-8A3D2C68E664,present,supportive,Timing and phenotype determine sensitivity of crossed neurologic findings in Vertebral artery dissection.,Crossed neurologic findings is interpreted against the disease-specific mimics of Vertebral artery dissection.,condition-specific,condition-specific,Crossed neurologic findings contributes a defined finding pattern to the explicit Vertebral artery dissection illness script.,The selected Crossed neurologic findings pattern differentiates Vertebral artery dissection from the competitors in its curation manifest.,true,Step 1; Step 2 CK; Step 3,Neurology; Internal Medicine; Pediatrics; Emergency Medicine,unverified_ai_generated
DNF-NEUR-80FD79EFC8FF,DIS-NEUR-021,FND-NEUR-NEUROFIBRILLARYTANGL,present,classic,Timing and phenotype determine sensitivity of neurofibrillary tangles in Carotid artery stenosis.,Neurofibrillary tangles is interpreted against the disease-specific mimics of Carotid artery stenosis.,condition-specific,condition-specific,Neurofibrillary tangles contributes a defined finding pattern to the explicit Carotid artery stenosis illness script.,The selected Neurofibrillary tangles pattern differentiates Carotid artery stenosis from the competitors in its curation manifest.,true,Step 1; Step 2 CK; Step 3,Neurology; Internal Medicine; Pediatrics; Emergency Medicine,unverified_ai_generated
DNF-NEUR-B0053BEE4F1D,DIS-NEUR-021,FND-NEUR-LEWYBODIES,present,supportive,Timing and phenotype determine sensitivity of lewy bodies in Carotid artery stenosis.,Lewy bodies is interpreted against the disease-specific mimics of Carotid artery stenosis.,condition-specific,condition-specific,Lewy bodies contributes a defined finding pattern to the explicit Carotid artery stenosis illness script.,The selected Lewy bodies pattern differentiates Carotid artery stenosis from the competitors in its curation manifest.,true,Step 1; Step 2 CK; Step 3,Neurology; Internal Medicine; Pediatrics; Emergency Medicine,unverified_ai_generated
DNF-NEUR-7C50688E626E,DIS-NEUR-021,FND-NEUR-VENTRICULOMEGALY,present,supportive,Timing and phenotype determine sensitivity of ventriculomegaly in Carotid artery stenosis.,Ventriculomegaly is interpreted against the disease-specific mimics of Carotid artery stenosis.,condition-specific,condition-specific,Ventriculomegaly contributes a defined finding pattern to the explicit Carotid artery stenosis illness script.,The selected Ventriculomegaly pattern differentiates Carotid artery stenosis from the competitors in its curation manifest.,true,Step 1; Step 2 CK; Step 3,Neurology; Internal Medicine; Pediatrics; Emergency Medicine,unverified_ai_generated
DNF-NEUR-5E12A71AAC36,DIS-NEUR-021,FND-NEUR-9F0545F48A27,present,supportive,Timing and phenotype determine sensitivity of fluctuating attention in Carotid artery stenosis.,Fluctuating attention is interpreted against the disease-specific mimics of Carotid artery stenosis.,condition-specific,condition-specific,Fluctuating attention contributes a defined finding pattern to the explicit Carotid artery stenosis illness script.,The selected Fluctuating attention pattern differentiates Carotid artery stenosis from the competitors in its curation manifest.,true,Step 1; Step 2 CK; Step 3,Neurology; Internal Medicine; Pediatrics; Emergency Medicine,unverified_ai_generated
DNF-NEUR-71A08BF63F9F,DIS-NEUR-021,FND-NEUR-116242E6B543,present,supportive,Timing and phenotype determine sensitivity of visual hallucinations in Carotid artery stenosis.,Visual hallucinations is interpreted against the disease-specific mimics of Carotid artery stenosis.,condition-specific,condition-specific,Visual hallucinations contributes a defined finding pattern to the explicit Carotid artery stenosis illness script.,The selected Visual hallucinations pattern differentiates Carotid artery stenosis from the competitors in its curation manifest.,true,Step 1; Step 2 CK; Step 3,Neurology; Internal Medicine; Pediatrics; Emergency Medicine,unverified_ai_generated
DNF-NEUR-955A95AB6087,DIS-NEUR-022,FND-NEUR-PRONATORDRIFT,present,classic,Timing and phenotype determine sensitivity of pronator drift in Moyamoya disease.,Pronator drift is interpreted against the disease-specific mimics of Moyamoya disease.,condition-specific,condition-specific,Pronator drift contributes a defined finding pattern to the explicit Moyamoya disease illness script.,The selected Pronator drift pattern differentiates Moyamoya disease from the competitors in its curation manifest.,true,Step 1; Step 2 CK; Step 3,Neurology; Internal Medicine; Pediatrics; Emergency Medicine,unverified_ai_generated
DNF-NEUR-1DF0F8860980,DIS-NEUR-022,FND-NEUR-DIFFUSIONRESTRICTION,present,supportive,Timing and phenotype determine sensitivity of diffusion restriction in Moyamoya disease.,Diffusion restriction is interpreted against the disease-specific mimics of Moyamoya disease.,condition-specific,condition-specific,Diffusion restriction contributes a defined finding pattern to the explicit Moyamoya disease illness script.,The selected Diffusion restriction pattern differentiates Moyamoya disease from the competitors in its curation manifest.,true,Step 1; Step 2 CK; Step 3,Neurology; Internal Medicine; Pediatrics; Emergency Medicine,unverified_ai_generated
DNF-NEUR-6618402AB656,DIS-NEUR-022,FND-NEUR-HYPERDENSEMCASIGN,present,supportive,Timing and phenotype determine sensitivity of hyperdense mca sign in Moyamoya disease.,Hyperdense MCA sign is interpreted against the disease-specific mimics of Moyamoya disease.,condition-specific,condition-specific,Hyperdense MCA sign contributes a defined finding pattern to the explicit Moyamoya disease illness script.,The selected Hyperdense MCA sign pattern differentiates Moyamoya disease from the competitors in its curation manifest.,true,Step 1; Step 2 CK; Step 3,Neurology; Internal Medicine; Pediatrics; Emergency Medicine,unverified_ai_generated
DNF-NEUR-001F28BFD79E,DIS-NEUR-022,FND-NEUR-BABINSKISIGN,present,supportive,Timing and phenotype determine sensitivity of babinski sign in Moyamoya disease.,Babinski sign is interpreted against the disease-specific mimics of Moyamoya disease.,condition-specific,condition-specific,Babinski sign contributes a defined finding pattern to the explicit Moyamoya disease illness script.,The selected Babinski sign pattern differentiates Moyamoya disease from the competitors in its curation manifest.,true,Step 1; Step 2 CK; Step 3,Neurology; Internal Medicine; Pediatrics; Emergency Medicine,unverified_ai_generated
DNF-NEUR-0D0F7B0F5C2C,DIS-NEUR-022,FND-NEUR-03E035AA6C05,present,supportive,Timing and phenotype determine sensitivity of visual field deficit in Moyamoya disease.,Visual field deficit is interpreted against the disease-specific mimics of Moyamoya disease.,condition-specific,condition-specific,Visual field deficit contributes a defined finding pattern to the explicit Moyamoya disease illness script.,The selected Visual field deficit pattern differentiates Moyamoya disease from the competitors in its curation manifest.,true,Step 1; Step 2 CK; Step 3,Neurology; Internal Medicine; Pediatrics; Emergency Medicine,unverified_ai_generated
DNF-NEUR-3874F8899AF3,DIS-NEUR-022,FND-NEUR-8A3D2C68E664,present,supportive,Timing and phenotype determine sensitivity of crossed neurologic findings in Moyamoya disease.,Crossed neurologic findings is interpreted against the disease-specific mimics of Moyamoya disease.,condition-specific,condition-specific,Crossed neurologic findings contributes a defined finding pattern to the explicit Moyamoya disease illness script.,The selected Crossed neurologic findings pattern differentiates Moyamoya disease from the competitors in its curation manifest.,true,Step 1; Step 2 CK; Step 3,Neurology; Internal Medicine; Pediatrics; Emergency Medicine,unverified_ai_generated
DNF-NEUR-F8A2A3A9D9A5,DIS-NEUR-023,FND-NEUR-NEUROFIBRILLARYTANGL,present,classic,Timing and phenotype determine sensitivity of neurofibrillary tangles in Reversible cerebral vasoconstriction syndrome.,Neurofibrillary tangles is interpreted against the disease-specific mimics of Reversible cerebral vasoconstriction syndrome.,condition-specific,condition-specific,Neurofibrillary tangles contributes a defined finding pattern to the explicit Reversible cerebral vasoconstriction syndrome illness script.,The selected Neurofibrillary tangles pattern differentiates Reversible cerebral vasoconstriction syndrome from the competitors in its curation manifest.,true,Step 1; Step 2 CK; Step 3,Neurology; Internal Medicine; Pediatrics; Emergency Medicine,unverified_ai_generated
DNF-NEUR-F3AD16C3A7BA,DIS-NEUR-023,FND-NEUR-LEWYBODIES,present,supportive,Timing and phenotype determine sensitivity of lewy bodies in Reversible cerebral vasoconstriction syndrome.,Lewy bodies is interpreted against the disease-specific mimics of Reversible cerebral vasoconstriction syndrome.,condition-specific,condition-specific,Lewy bodies contributes a defined finding pattern to the explicit Reversible cerebral vasoconstriction syndrome illness script.,The selected Lewy bodies pattern differentiates Reversible cerebral vasoconstriction syndrome from the competitors in its curation manifest.,true,Step 1; Step 2 CK; Step 3,Neurology; Internal Medicine; Pediatrics; Emergency Medicine,unverified_ai_generated
DNF-NEUR-521C5320F0B7,DIS-NEUR-023,FND-NEUR-VENTRICULOMEGALY,present,supportive,Timing and phenotype determine sensitivity of ventriculomegaly in Reversible cerebral vasoconstriction syndrome.,Ventriculomegaly is interpreted against the disease-specific mimics of Reversible cerebral vasoconstriction syndrome.,condition-specific,condition-specific,Ventriculomegaly contributes a defined finding pattern to the explicit Reversible cerebral vasoconstriction syndrome illness script.,The selected Ventriculomegaly pattern differentiates Reversible cerebral vasoconstriction syndrome from the competitors in its curation manifest.,true,Step 1; Step 2 CK; Step 3,Neurology; Internal Medicine; Pediatrics; Emergency Medicine,unverified_ai_generated
DNF-NEUR-CD4DF7BDFD2E,DIS-NEUR-023,FND-NEUR-9F0545F48A27,present,supportive,Timing and phenotype determine sensitivity of fluctuating attention in Reversible cerebral vasoconstriction syndrome.,Fluctuating attention is interpreted against the disease-specific mimics of Reversible cerebral vasoconstriction syndrome.,condition-specific,condition-specific,Fluctuating attention contributes a defined finding pattern to the explicit Reversible cerebral vasoconstriction syndrome illness script.,The selected Fluctuating attention pattern differentiates Reversible cerebral vasoconstriction syndrome from the competitors in its curation manifest.,true,Step 1; Step 2 CK; Step 3,Neurology; Internal Medicine; Pediatrics; Emergency Medicine,unverified_ai_generated
DNF-NEUR-2FAE5FB02EBF,DIS-NEUR-023,FND-NEUR-116242E6B543,present,supportive,Timing and phenotype determine sensitivity of visual hallucinations in Reversible cerebral vasoconstriction syndrome.,Visual hallucinations is interpreted against the disease-specific mimics of Reversible cerebral vasoconstriction syndrome.,condition-specific,condition-specific,Visual hallucinations contributes a defined finding pattern to the explicit Reversible cerebral vasoconstriction syndrome illness script.,The selected Visual hallucinations pattern differentiates Reversible cerebral vasoconstriction syndrome from the competitors in its curation manifest.,true,Step 1; Step 2 CK; Step 3,Neurology; Internal Medicine; Pediatrics; Emergency Medicine,unverified_ai_generated
DNF-NEUR-28E36CA0091F,DIS-NEUR-024,FND-NEUR-MENINGISMUS,present,classic,Timing and phenotype determine sensitivity of meningismus in Posterior reversible encephalopathy syndrome.,Meningismus is interpreted against the disease-specific mimics of Posterior reversible encephalopathy syndrome.,condition-specific,condition-specific,Meningismus contributes a defined finding pattern to the explicit Posterior reversible encephalopathy syndrome illness script.,The selected Meningismus pattern differentiates Posterior reversible encephalopathy syndrome from the competitors in its curation manifest.,true,Step 1; Step 2 CK; Step 3,Neurology; Internal Medicine; Pediatrics; Emergency Medicine,unverified_ai_generated
DNF-NEUR-1CBECE4DD7B1,DIS-NEUR-024,FND-NEUR-NEUTROPHILICCSF,present,supportive,Timing and phenotype determine sensitivity of neutrophilic csf in Posterior reversible encephalopathy syndrome.,Neutrophilic CSF is interpreted against the disease-specific mimics of Posterior reversible encephalopathy syndrome.,condition-specific,condition-specific,Neutrophilic CSF contributes a defined finding pattern to the explicit Posterior reversible encephalopathy syndrome illness script.,The selected Neutrophilic CSF pattern differentiates Posterior reversible encephalopathy syndrome from the competitors in its curation manifest.,true,Step 1; Step 2 CK; Step 3,Neurology; Internal Medicine; Pediatrics; Emergency Medicine,unverified_ai_generated
DNF-NEUR-150270656E54,DIS-NEUR-024,FND-NEUR-LYMPHOCYTICCSF,present,supportive,Timing and phenotype determine sensitivity of lymphocytic csf in Posterior reversible encephalopathy syndrome.,Lymphocytic CSF is interpreted against the disease-specific mimics of Posterior reversible encephalopathy syndrome.,condition-specific,condition-specific,Lymphocytic CSF contributes a defined finding pattern to the explicit Posterior reversible encephalopathy syndrome illness script.,The selected Lymphocytic CSF pattern differentiates Posterior reversible encephalopathy syndrome from the competitors in its curation manifest.,true,Step 1; Step 2 CK; Step 3,Neurology; Internal Medicine; Pediatrics; Emergency Medicine,unverified_ai_generated
DNF-NEUR-C7C9DDE14F82,DIS-NEUR-024,FND-NEUR-LOWCSFGLUCOSE,present,supportive,Timing and phenotype determine sensitivity of low csf glucose in Posterior reversible encephalopathy syndrome.,Low CSF glucose is interpreted against the disease-specific mimics of Posterior reversible encephalopathy syndrome.,condition-specific,condition-specific,Low CSF glucose contributes a defined finding pattern to the explicit Posterior reversible encephalopathy syndrome illness script.,The selected Low CSF glucose pattern differentiates Posterior reversible encephalopathy syndrome from the competitors in its curation manifest.,true,Step 1; Step 2 CK; Step 3,Neurology; Internal Medicine; Pediatrics; Emergency Medicine,unverified_ai_generated
DNF-NEUR-9C192056075A,DIS-NEUR-024,FND-NEUR-TEMPORALLOBEABNORMAL,present,supportive,Timing and phenotype determine sensitivity of temporal-lobe abnormalities in Posterior reversible encephalopathy syndrome.,Temporal-lobe abnormalities is interpreted against the disease-specific mimics of Posterior reversible encephalopathy syndrome.,condition-specific,condition-specific,Temporal-lobe abnormalities contributes a defined finding pattern to the explicit Posterior reversible encephalopathy syndrome illness script.,The selected Temporal-lobe abnormalities pattern differentiates Posterior reversible encephalopathy syndrome from the competitors in its curation manifest.,true,Step 1; Step 2 CK; Step 3,Neurology; Internal Medicine; Pediatrics; Emergency Medicine,unverified_ai_generated
DNF-NEUR-9545286B836F,DIS-NEUR-024,FND-NEUR-ELEVATEDOPENINGPRESS,present,supportive,Timing and phenotype determine sensitivity of elevated opening pressure in Posterior reversible encephalopathy syndrome.,Elevated opening pressure is interpreted against the disease-specific mimics of Posterior reversible encephalopathy syndrome.,condition-specific,condition-specific,Elevated opening pressure contributes a defined finding pattern to the explicit Posterior reversible encephalopathy syndrome illness script.,The selected Elevated opening pressure pattern differentiates Posterior reversible encephalopathy syndrome from the competitors in its curation manifest.,true,Step 1; Step 2 CK; Step 3,Neurology; Internal Medicine; Pediatrics; Emergency Medicine,unverified_ai_generated
DNF-NEUR-F1BB675A9E61,DIS-NEUR-025,FND-NEUR-PRONATORDRIFT,present,classic,Timing and phenotype determine sensitivity of pronator drift in Vascular dementia.,Pronator drift is interpreted against the disease-specific mimics of Vascular dementia.,condition-specific,condition-specific,Pronator drift contributes a defined finding pattern to the explicit Vascular dementia illness script.,The selected Pronator drift pattern differentiates Vascular dementia from the competitors in its curation manifest.,true,Step 1; Step 2 CK; Step 3,Neurology; Internal Medicine; Pediatrics; Emergency Medicine,unverified_ai_generated
DNF-NEUR-7589A995FC65,DIS-NEUR-025,FND-NEUR-DIFFUSIONRESTRICTION,present,supportive,Timing and phenotype determine sensitivity of diffusion restriction in Vascular dementia.,Diffusion restriction is interpreted against the disease-specific mimics of Vascular dementia.,condition-specific,condition-specific,Diffusion restriction contributes a defined finding pattern to the explicit Vascular dementia illness script.,The selected Diffusion restriction pattern differentiates Vascular dementia from the competitors in its curation manifest.,true,Step 1; Step 2 CK; Step 3,Neurology; Internal Medicine; Pediatrics; Emergency Medicine,unverified_ai_generated
DNF-NEUR-FD2F3CA0405C,DIS-NEUR-025,FND-NEUR-HYPERDENSEMCASIGN,present,supportive,Timing and phenotype determine sensitivity of hyperdense mca sign in Vascular dementia.,Hyperdense MCA sign is interpreted against the disease-specific mimics of Vascular dementia.,condition-specific,condition-specific,Hyperdense MCA sign contributes a defined finding pattern to the explicit Vascular dementia illness script.,The selected Hyperdense MCA sign pattern differentiates Vascular dementia from the competitors in its curation manifest.,true,Step 1; Step 2 CK; Step 3,Neurology; Internal Medicine; Pediatrics; Emergency Medicine,unverified_ai_generated
DNF-NEUR-02F54EFF8B1B,DIS-NEUR-025,FND-NEUR-BABINSKISIGN,present,supportive,Timing and phenotype determine sensitivity of babinski sign in Vascular dementia.,Babinski sign is interpreted against the disease-specific mimics of Vascular dementia.,condition-specific,condition-specific,Babinski sign contributes a defined finding pattern to the explicit Vascular dementia illness script.,The selected Babinski sign pattern differentiates Vascular dementia from the competitors in its curation manifest.,true,Step 1; Step 2 CK; Step 3,Neurology; Internal Medicine; Pediatrics; Emergency Medicine,unverified_ai_generated
DNF-NEUR-73E4F1A84625,DIS-NEUR-026,FND-NEUR-PRONATORDRIFT,present,classic,Timing and phenotype determine sensitivity of pronator drift in Middle cerebral artery syndrome.,Pronator drift is interpreted against the disease-specific mimics of Middle cerebral artery syndrome.,condition-specific,condition-specific,Pronator drift contributes a defined finding pattern to the explicit Middle cerebral artery syndrome illness script.,The selected Pronator drift pattern differentiates Middle cerebral artery syndrome from the competitors in its curation manifest.,true,Step 1; Step 2 CK; Step 3,Neurology; Internal Medicine; Pediatrics; Emergency Medicine,unverified_ai_generated
DNF-NEUR-563E6B17A203,DIS-NEUR-026,FND-NEUR-DIFFUSIONRESTRICTION,present,supportive,Timing and phenotype determine sensitivity of diffusion restriction in Middle cerebral artery syndrome.,Diffusion restriction is interpreted against the disease-specific mimics of Middle cerebral artery syndrome.,condition-specific,condition-specific,Diffusion restriction contributes a defined finding pattern to the explicit Middle cerebral artery syndrome illness script.,The selected Diffusion restriction pattern differentiates Middle cerebral artery syndrome from the competitors in its curation manifest.,true,Step 1; Step 2 CK; Step 3,Neurology; Internal Medicine; Pediatrics; Emergency Medicine,unverified_ai_generated
DNF-NEUR-A4186F4990ED,DIS-NEUR-026,FND-NEUR-HYPERDENSEMCASIGN,present,supportive,Timing and phenotype determine sensitivity of hyperdense mca sign in Middle cerebral artery syndrome.,Hyperdense MCA sign is interpreted against the disease-specific mimics of Middle cerebral artery syndrome.,condition-specific,condition-specific,Hyperdense MCA sign contributes a defined finding pattern to the explicit Middle cerebral artery syndrome illness script.,The selected Hyperdense MCA sign pattern differentiates Middle cerebral artery syndrome from the competitors in its curation manifest.,true,Step 1; Step 2 CK; Step 3,Neurology; Internal Medicine; Pediatrics; Emergency Medicine,unverified_ai_generated
DNF-NEUR-BAF5AAC21B19,DIS-NEUR-026,FND-NEUR-BABINSKISIGN,present,supportive,Timing and phenotype determine sensitivity of babinski sign in Middle cerebral artery syndrome.,Babinski sign is interpreted against the disease-specific mimics of Middle cerebral artery syndrome.,condition-specific,condition-specific,Babinski sign contributes a defined finding pattern to the explicit Middle cerebral artery syndrome illness script.,The selected Babinski sign pattern differentiates Middle cerebral artery syndrome from the competitors in its curation manifest.,true,Step 1; Step 2 CK; Step 3,Neurology; Internal Medicine; Pediatrics; Emergency Medicine,unverified_ai_generated
DNF-NEUR-8B55E4CEA9CD,DIS-NEUR-026,FND-NEUR-03E035AA6C05,present,supportive,Timing and phenotype determine sensitivity of visual field deficit in Middle cerebral artery syndrome.,Visual field deficit is interpreted against the disease-specific mimics of Middle cerebral artery syndrome.,condition-specific,condition-specific,Visual field deficit contributes a defined finding pattern to the explicit Middle cerebral artery syndrome illness script.,The selected Visual field deficit pattern differentiates Middle cerebral artery syndrome from the competitors in its curation manifest.,true,Step 1; Step 2 CK; Step 3,Neurology; Internal Medicine; Pediatrics; Emergency Medicine,unverified_ai_generated
DNF-NEUR-ED7644362EDA,DIS-NEUR-026,FND-NEUR-8A3D2C68E664,present,supportive,Timing and phenotype determine sensitivity of crossed neurologic findings in Middle cerebral artery syndrome.,Crossed neurologic findings is interpreted against the disease-specific mimics of Middle cerebral artery syndrome.,condition-specific,condition-specific,Crossed neurologic findings contributes a defined finding pattern to the explicit Middle cerebral artery syndrome illness script.,The selected Crossed neurologic findings pattern differentiates Middle cerebral artery syndrome from the competitors in its curation manifest.,true,Step 1; Step 2 CK; Step 3,Neurology; Internal Medicine; Pediatrics; Emergency Medicine,unverified_ai_generated
DNF-NEUR-C2E63243F3BF,DIS-NEUR-027,FND-NEUR-PRONATORDRIFT,present,classic,Timing and phenotype determine sensitivity of pronator drift in Anterior cerebral artery syndrome.,Pronator drift is interpreted against the disease-specific mimics of Anterior cerebral artery syndrome.,condition-specific,condition-specific,Pronator drift contributes a defined finding pattern to the explicit Anterior cerebral artery syndrome illness script.,The selected Pronator drift pattern differentiates Anterior cerebral artery syndrome from the competitors in its curation manifest.,true,Step 1; Step 2 CK; Step 3,Neurology; Internal Medicine; Pediatrics; Emergency Medicine,unverified_ai_generated
DNF-NEUR-EB0EA1A2A868,DIS-NEUR-027,FND-NEUR-DIFFUSIONRESTRICTION,present,supportive,Timing and phenotype determine sensitivity of diffusion restriction in Anterior cerebral artery syndrome.,Diffusion restriction is interpreted against the disease-specific mimics of Anterior cerebral artery syndrome.,condition-specific,condition-specific,Diffusion restriction contributes a defined finding pattern to the explicit Anterior cerebral artery syndrome illness script.,The selected Diffusion restriction pattern differentiates Anterior cerebral artery syndrome from the competitors in its curation manifest.,true,Step 1; Step 2 CK; Step 3,Neurology; Internal Medicine; Pediatrics; Emergency Medicine,unverified_ai_generated
DNF-NEUR-C1925B49328A,DIS-NEUR-027,FND-NEUR-HYPERDENSEMCASIGN,present,supportive,Timing and phenotype determine sensitivity of hyperdense mca sign in Anterior cerebral artery syndrome.,Hyperdense MCA sign is interpreted against the disease-specific mimics of Anterior cerebral artery syndrome.,condition-specific,condition-specific,Hyperdense MCA sign contributes a defined finding pattern to the explicit Anterior cerebral artery syndrome illness script.,The selected Hyperdense MCA sign pattern differentiates Anterior cerebral artery syndrome from the competitors in its curation manifest.,true,Step 1; Step 2 CK; Step 3,Neurology; Internal Medicine; Pediatrics; Emergency Medicine,unverified_ai_generated
DNF-NEUR-108E38B00CB2,DIS-NEUR-027,FND-NEUR-BABINSKISIGN,present,supportive,Timing and phenotype determine sensitivity of babinski sign in Anterior cerebral artery syndrome.,Babinski sign is interpreted against the disease-specific mimics of Anterior cerebral artery syndrome.,condition-specific,condition-specific,Babinski sign contributes a defined finding pattern to the explicit Anterior cerebral artery syndrome illness script.,The selected Babinski sign pattern differentiates Anterior cerebral artery syndrome from the competitors in its curation manifest.,true,Step 1; Step 2 CK; Step 3,Neurology; Internal Medicine; Pediatrics; Emergency Medicine,unverified_ai_generated
DNF-NEUR-333C648BDD08,DIS-NEUR-027,FND-NEUR-03E035AA6C05,present,supportive,Timing and phenotype determine sensitivity of visual field deficit in Anterior cerebral artery syndrome.,Visual field deficit is interpreted against the disease-specific mimics of Anterior cerebral artery syndrome.,condition-specific,condition-specific,Visual field deficit contributes a defined finding pattern to the explicit Anterior cerebral artery syndrome illness script.,The selected Visual field deficit pattern differentiates Anterior cerebral artery syndrome from the competitors in its curation manifest.,true,Step 1; Step 2 CK; Step 3,Neurology; Internal Medicine; Pediatrics; Emergency Medicine,unverified_ai_generated
DNF-NEUR-588FC8590827,DIS-NEUR-027,FND-NEUR-8A3D2C68E664,present,supportive,Timing and phenotype determine sensitivity of crossed neurologic findings in Anterior cerebral artery syndrome.,Crossed neurologic findings is interpreted against the disease-specific mimics of Anterior cerebral artery syndrome.,condition-specific,condition-specific,Crossed neurologic findings contributes a defined finding pattern to the explicit Anterior cerebral artery syndrome illness script.,The selected Crossed neurologic findings pattern differentiates Anterior cerebral artery syndrome from the competitors in its curation manifest.,true,Step 1; Step 2 CK; Step 3,Neurology; Internal Medicine; Pediatrics; Emergency Medicine,unverified_ai_generated
DNF-NEUR-9F1C373570FA,DIS-NEUR-028,FND-NEUR-PRONATORDRIFT,present,classic,Timing and phenotype determine sensitivity of pronator drift in Posterior cerebral artery syndrome.,Pronator drift is interpreted against the disease-specific mimics of Posterior cerebral artery syndrome.,condition-specific,condition-specific,Pronator drift contributes a defined finding pattern to the explicit Posterior cerebral artery syndrome illness script.,The selected Pronator drift pattern differentiates Posterior cerebral artery syndrome from the competitors in its curation manifest.,true,Step 1; Step 2 CK; Step 3,Neurology; Internal Medicine; Pediatrics; Emergency Medicine,unverified_ai_generated
DNF-NEUR-F6DE71C47ADB,DIS-NEUR-028,FND-NEUR-DIFFUSIONRESTRICTION,present,supportive,Timing and phenotype determine sensitivity of diffusion restriction in Posterior cerebral artery syndrome.,Diffusion restriction is interpreted against the disease-specific mimics of Posterior cerebral artery syndrome.,condition-specific,condition-specific,Diffusion restriction contributes a defined finding pattern to the explicit Posterior cerebral artery syndrome illness script.,The selected Diffusion restriction pattern differentiates Posterior cerebral artery syndrome from the competitors in its curation manifest.,true,Step 1; Step 2 CK; Step 3,Neurology; Internal Medicine; Pediatrics; Emergency Medicine,unverified_ai_generated
DNF-NEUR-C1892372B453,DIS-NEUR-028,FND-NEUR-HYPERDENSEMCASIGN,present,supportive,Timing and phenotype determine sensitivity of hyperdense mca sign in Posterior cerebral artery syndrome.,Hyperdense MCA sign is interpreted against the disease-specific mimics of Posterior cerebral artery syndrome.,condition-specific,condition-specific,Hyperdense MCA sign contributes a defined finding pattern to the explicit Posterior cerebral artery syndrome illness script.,The selected Hyperdense MCA sign pattern differentiates Posterior cerebral artery syndrome from the competitors in its curation manifest.,true,Step 1; Step 2 CK; Step 3,Neurology; Internal Medicine; Pediatrics; Emergency Medicine,unverified_ai_generated
DNF-NEUR-13C9A6A21773,DIS-NEUR-028,FND-NEUR-BABINSKISIGN,present,supportive,Timing and phenotype determine sensitivity of babinski sign in Posterior cerebral artery syndrome.,Babinski sign is interpreted against the disease-specific mimics of Posterior cerebral artery syndrome.,condition-specific,condition-specific,Babinski sign contributes a defined finding pattern to the explicit Posterior cerebral artery syndrome illness script.,The selected Babinski sign pattern differentiates Posterior cerebral artery syndrome from the competitors in its curation manifest.,true,Step 1; Step 2 CK; Step 3,Neurology; Internal Medicine; Pediatrics; Emergency Medicine,unverified_ai_generated
DNF-NEUR-EC5D21F95452,DIS-NEUR-028,FND-NEUR-03E035AA6C05,present,supportive,Timing and phenotype determine sensitivity of visual field deficit in Posterior cerebral artery syndrome.,Visual field deficit is interpreted against the disease-specific mimics of Posterior cerebral artery syndrome.,condition-specific,condition-specific,Visual field deficit contributes a defined finding pattern to the explicit Posterior cerebral artery syndrome illness script.,The selected Visual field deficit pattern differentiates Posterior cerebral artery syndrome from the competitors in its curation manifest.,true,Step 1; Step 2 CK; Step 3,Neurology; Internal Medicine; Pediatrics; Emergency Medicine,unverified_ai_generated
DNF-NEUR-D37B8714C405,DIS-NEUR-028,FND-NEUR-8A3D2C68E664,present,supportive,Timing and phenotype determine sensitivity of crossed neurologic findings in Posterior cerebral artery syndrome.,Crossed neurologic findings is interpreted against the disease-specific mimics of Posterior cerebral artery syndrome.,condition-specific,condition-specific,Crossed neurologic findings contributes a defined finding pattern to the explicit Posterior cerebral artery syndrome illness script.,The selected Crossed neurologic findings pattern differentiates Posterior cerebral artery syndrome from the competitors in its curation manifest.,true,Step 1; Step 2 CK; Step 3,Neurology; Internal Medicine; Pediatrics; Emergency Medicine,unverified_ai_generated
DNF-NEUR-37EF21F30F5A,DIS-NEUR-029,FND-NEUR-PRONATORDRIFT,present,classic,Timing and phenotype determine sensitivity of pronator drift in Basilar artery syndrome.,Pronator drift is interpreted against the disease-specific mimics of Basilar artery syndrome.,condition-specific,condition-specific,Pronator drift contributes a defined finding pattern to the explicit Basilar artery syndrome illness script.,The selected Pronator drift pattern differentiates Basilar artery syndrome from the competitors in its curation manifest.,true,Step 1; Step 2 CK; Step 3,Neurology; Internal Medicine; Pediatrics; Emergency Medicine,unverified_ai_generated
DNF-NEUR-236B7BF3A502,DIS-NEUR-029,FND-NEUR-DIFFUSIONRESTRICTION,present,supportive,Timing and phenotype determine sensitivity of diffusion restriction in Basilar artery syndrome.,Diffusion restriction is interpreted against the disease-specific mimics of Basilar artery syndrome.,condition-specific,condition-specific,Diffusion restriction contributes a defined finding pattern to the explicit Basilar artery syndrome illness script.,The selected Diffusion restriction pattern differentiates Basilar artery syndrome from the competitors in its curation manifest.,true,Step 1; Step 2 CK; Step 3,Neurology; Internal Medicine; Pediatrics; Emergency Medicine,unverified_ai_generated
DNF-NEUR-F289CE889B17,DIS-NEUR-029,FND-NEUR-HYPERDENSEMCASIGN,present,supportive,Timing and phenotype determine sensitivity of hyperdense mca sign in Basilar artery syndrome.,Hyperdense MCA sign is interpreted against the disease-specific mimics of Basilar artery syndrome.,condition-specific,condition-specific,Hyperdense MCA sign contributes a defined finding pattern to the explicit Basilar artery syndrome illness script.,The selected Hyperdense MCA sign pattern differentiates Basilar artery syndrome from the competitors in its curation manifest.,true,Step 1; Step 2 CK; Step 3,Neurology; Internal Medicine; Pediatrics; Emergency Medicine,unverified_ai_generated
DNF-NEUR-85AE90730E11,DIS-NEUR-029,FND-NEUR-BABINSKISIGN,present,supportive,Timing and phenotype determine sensitivity of babinski sign in Basilar artery syndrome.,Babinski sign is interpreted against the disease-specific mimics of Basilar artery syndrome.,condition-specific,condition-specific,Babinski sign contributes a defined finding pattern to the explicit Basilar artery syndrome illness script.,The selected Babinski sign pattern differentiates Basilar artery syndrome from the competitors in its curation manifest.,true,Step 1; Step 2 CK; Step 3,Neurology; Internal Medicine; Pediatrics; Emergency Medicine,unverified_ai_generated
DNF-NEUR-F8655DFAE34A,DIS-NEUR-029,FND-NEUR-03E035AA6C05,present,supportive,Timing and phenotype determine sensitivity of visual field deficit in Basilar artery syndrome.,Visual field deficit is interpreted against the disease-specific mimics of Basilar artery syndrome.,condition-specific,condition-specific,Visual field deficit contributes a defined finding pattern to the explicit Basilar artery syndrome illness script.,The selected Visual field deficit pattern differentiates Basilar artery syndrome from the competitors in its curation manifest.,true,Step 1; Step 2 CK; Step 3,Neurology; Internal Medicine; Pediatrics; Emergency Medicine,unverified_ai_generated
DNF-NEUR-3AD911110A82,DIS-NEUR-029,FND-NEUR-8A3D2C68E664,present,supportive,Timing and phenotype determine sensitivity of crossed neurologic findings in Basilar artery syndrome.,Crossed neurologic findings is interpreted against the disease-specific mimics of Basilar artery syndrome.,condition-specific,condition-specific,Crossed neurologic findings contributes a defined finding pattern to the explicit Basilar artery syndrome illness script.,The selected Crossed neurologic findings pattern differentiates Basilar artery syndrome from the competitors in its curation manifest.,true,Step 1; Step 2 CK; Step 3,Neurology; Internal Medicine; Pediatrics; Emergency Medicine,unverified_ai_generated
DNF-NEUR-CF88B2A5EEE1,DIS-NEUR-030,FND-NEUR-NEUROFIBRILLARYTANGL,present,classic,Timing and phenotype determine sensitivity of neurofibrillary tangles in Lateral medullary syndrome.,Neurofibrillary tangles is interpreted against the disease-specific mimics of Lateral medullary syndrome.,condition-specific,condition-specific,Neurofibrillary tangles contributes a defined finding pattern to the explicit Lateral medullary syndrome illness script.,The selected Neurofibrillary tangles pattern differentiates Lateral medullary syndrome from the competitors in its curation manifest.,true,Step 1; Step 2 CK; Step 3,Neurology; Internal Medicine; Pediatrics; Emergency Medicine,unverified_ai_generated
DNF-NEUR-3A7341854097,DIS-NEUR-030,FND-NEUR-LEWYBODIES,present,supportive,Timing and phenotype determine sensitivity of lewy bodies in Lateral medullary syndrome.,Lewy bodies is interpreted against the disease-specific mimics of Lateral medullary syndrome.,condition-specific,condition-specific,Lewy bodies contributes a defined finding pattern to the explicit Lateral medullary syndrome illness script.,The selected Lewy bodies pattern differentiates Lateral medullary syndrome from the competitors in its curation manifest.,true,Step 1; Step 2 CK; Step 3,Neurology; Internal Medicine; Pediatrics; Emergency Medicine,unverified_ai_generated
DNF-NEUR-BC6A5FF44496,DIS-NEUR-030,FND-NEUR-VENTRICULOMEGALY,present,supportive,Timing and phenotype determine sensitivity of ventriculomegaly in Lateral medullary syndrome.,Ventriculomegaly is interpreted against the disease-specific mimics of Lateral medullary syndrome.,condition-specific,condition-specific,Ventriculomegaly contributes a defined finding pattern to the explicit Lateral medullary syndrome illness script.,The selected Ventriculomegaly pattern differentiates Lateral medullary syndrome from the competitors in its curation manifest.,true,Step 1; Step 2 CK; Step 3,Neurology; Internal Medicine; Pediatrics; Emergency Medicine,unverified_ai_generated
DNF-NEUR-2AD2FA8B47EB,DIS-NEUR-030,FND-NEUR-9F0545F48A27,present,supportive,Timing and phenotype determine sensitivity of fluctuating attention in Lateral medullary syndrome.,Fluctuating attention is interpreted against the disease-specific mimics of Lateral medullary syndrome.,condition-specific,condition-specific,Fluctuating attention contributes a defined finding pattern to the explicit Lateral medullary syndrome illness script.,The selected Fluctuating attention pattern differentiates Lateral medullary syndrome from the competitors in its curation manifest.,true,Step 1; Step 2 CK; Step 3,Neurology; Internal Medicine; Pediatrics; Emergency Medicine,unverified_ai_generated
DNF-NEUR-9DA573843F99,DIS-NEUR-030,FND-NEUR-116242E6B543,present,supportive,Timing and phenotype determine sensitivity of visual hallucinations in Lateral medullary syndrome.,Visual hallucinations is interpreted against the disease-specific mimics of Lateral medullary syndrome.,condition-specific,condition-specific,Visual hallucinations contributes a defined finding pattern to the explicit Lateral medullary syndrome illness script.,The selected Visual hallucinations pattern differentiates Lateral medullary syndrome from the competitors in its curation manifest.,true,Step 1; Step 2 CK; Step 3,Neurology; Internal Medicine; Pediatrics; Emergency Medicine,unverified_ai_generated
DNF-NEUR-DD304D98598F,DIS-NEUR-031,FND-NEUR-NEUROFIBRILLARYTANGL,present,classic,Timing and phenotype determine sensitivity of neurofibrillary tangles in Medial medullary syndrome.,Neurofibrillary tangles is interpreted against the disease-specific mimics of Medial medullary syndrome.,condition-specific,condition-specific,Neurofibrillary tangles contributes a defined finding pattern to the explicit Medial medullary syndrome illness script.,The selected Neurofibrillary tangles pattern differentiates Medial medullary syndrome from the competitors in its curation manifest.,true,Step 1; Step 2 CK; Step 3,Neurology; Internal Medicine; Pediatrics; Emergency Medicine,unverified_ai_generated
DNF-NEUR-E8711B56BF29,DIS-NEUR-031,FND-NEUR-LEWYBODIES,present,supportive,Timing and phenotype determine sensitivity of lewy bodies in Medial medullary syndrome.,Lewy bodies is interpreted against the disease-specific mimics of Medial medullary syndrome.,condition-specific,condition-specific,Lewy bodies contributes a defined finding pattern to the explicit Medial medullary syndrome illness script.,The selected Lewy bodies pattern differentiates Medial medullary syndrome from the competitors in its curation manifest.,true,Step 1; Step 2 CK; Step 3,Neurology; Internal Medicine; Pediatrics; Emergency Medicine,unverified_ai_generated
DNF-NEUR-6D7C022F98A1,DIS-NEUR-031,FND-NEUR-VENTRICULOMEGALY,present,supportive,Timing and phenotype determine sensitivity of ventriculomegaly in Medial medullary syndrome.,Ventriculomegaly is interpreted against the disease-specific mimics of Medial medullary syndrome.,condition-specific,condition-specific,Ventriculomegaly contributes a defined finding pattern to the explicit Medial medullary syndrome illness script.,The selected Ventriculomegaly pattern differentiates Medial medullary syndrome from the competitors in its curation manifest.,true,Step 1; Step 2 CK; Step 3,Neurology; Internal Medicine; Pediatrics; Emergency Medicine,unverified_ai_generated
DNF-NEUR-376135D166BA,DIS-NEUR-031,FND-NEUR-9F0545F48A27,present,supportive,Timing and phenotype determine sensitivity of fluctuating attention in Medial medullary syndrome.,Fluctuating attention is interpreted against the disease-specific mimics of Medial medullary syndrome.,condition-specific,condition-specific,Fluctuating attention contributes a defined finding pattern to the explicit Medial medullary syndrome illness script.,The selected Fluctuating attention pattern differentiates Medial medullary syndrome from the competitors in its curation manifest.,true,Step 1; Step 2 CK; Step 3,Neurology; Internal Medicine; Pediatrics; Emergency Medicine,unverified_ai_generated
DNF-NEUR-B7ED33DEE442,DIS-NEUR-031,FND-NEUR-116242E6B543,present,supportive,Timing and phenotype determine sensitivity of visual hallucinations in Medial medullary syndrome.,Visual hallucinations is interpreted against the disease-specific mimics of Medial medullary syndrome.,condition-specific,condition-specific,Visual hallucinations contributes a defined finding pattern to the explicit Medial medullary syndrome illness script.,The selected Visual hallucinations pattern differentiates Medial medullary syndrome from the competitors in its curation manifest.,true,Step 1; Step 2 CK; Step 3,Neurology; Internal Medicine; Pediatrics; Emergency Medicine,unverified_ai_generated
DNF-NEUR-55D88C97A7D0,DIS-NEUR-032,FND-NEUR-NEUROFIBRILLARYTANGL,present,classic,Timing and phenotype determine sensitivity of neurofibrillary tangles in Locked-in syndrome.,Neurofibrillary tangles is interpreted against the disease-specific mimics of Locked-in syndrome.,condition-specific,condition-specific,Neurofibrillary tangles contributes a defined finding pattern to the explicit Locked-in syndrome illness script.,The selected Neurofibrillary tangles pattern differentiates Locked-in syndrome from the competitors in its curation manifest.,true,Step 1; Step 2 CK; Step 3,Neurology; Internal Medicine; Pediatrics; Emergency Medicine,unverified_ai_generated
DNF-NEUR-00E7189EEFF9,DIS-NEUR-032,FND-NEUR-LEWYBODIES,present,supportive,Timing and phenotype determine sensitivity of lewy bodies in Locked-in syndrome.,Lewy bodies is interpreted against the disease-specific mimics of Locked-in syndrome.,condition-specific,condition-specific,Lewy bodies contributes a defined finding pattern to the explicit Locked-in syndrome illness script.,The selected Lewy bodies pattern differentiates Locked-in syndrome from the competitors in its curation manifest.,true,Step 1; Step 2 CK; Step 3,Neurology; Internal Medicine; Pediatrics; Emergency Medicine,unverified_ai_generated
DNF-NEUR-C1BB30345817,DIS-NEUR-032,FND-NEUR-VENTRICULOMEGALY,present,supportive,Timing and phenotype determine sensitivity of ventriculomegaly in Locked-in syndrome.,Ventriculomegaly is interpreted against the disease-specific mimics of Locked-in syndrome.,condition-specific,condition-specific,Ventriculomegaly contributes a defined finding pattern to the explicit Locked-in syndrome illness script.,The selected Ventriculomegaly pattern differentiates Locked-in syndrome from the competitors in its curation manifest.,true,Step 1; Step 2 CK; Step 3,Neurology; Internal Medicine; Pediatrics; Emergency Medicine,unverified_ai_generated
DNF-NEUR-17244FF45452,DIS-NEUR-032,FND-NEUR-9F0545F48A27,present,supportive,Timing and phenotype determine sensitivity of fluctuating attention in Locked-in syndrome.,Fluctuating attention is interpreted against the disease-specific mimics of Locked-in syndrome.,condition-specific,condition-specific,Fluctuating attention contributes a defined finding pattern to the explicit Locked-in syndrome illness script.,The selected Fluctuating attention pattern differentiates Locked-in syndrome from the competitors in its curation manifest.,true,Step 1; Step 2 CK; Step 3,Neurology; Internal Medicine; Pediatrics; Emergency Medicine,unverified_ai_generated
DNF-NEUR-380F03696706,DIS-NEUR-032,FND-NEUR-116242E6B543,present,supportive,Timing and phenotype determine sensitivity of visual hallucinations in Locked-in syndrome.,Visual hallucinations is interpreted against the disease-specific mimics of Locked-in syndrome.,condition-specific,condition-specific,Visual hallucinations contributes a defined finding pattern to the explicit Locked-in syndrome illness script.,The selected Visual hallucinations pattern differentiates Locked-in syndrome from the competitors in its curation manifest.,true,Step 1; Step 2 CK; Step 3,Neurology; Internal Medicine; Pediatrics; Emergency Medicine,unverified_ai_generated
DNF-NEUR-E71D276FAA4B,DIS-NEUR-033,FND-NEUR-PRONATORDRIFT,present,classic,Timing and phenotype determine sensitivity of pronator drift in Pure motor lacunar syndrome.,Pronator drift is interpreted against the disease-specific mimics of Pure motor lacunar syndrome.,condition-specific,condition-specific,Pronator drift contributes a defined finding pattern to the explicit Pure motor lacunar syndrome illness script.,The selected Pronator drift pattern differentiates Pure motor lacunar syndrome from the competitors in its curation manifest.,true,Step 1; Step 2 CK; Step 3,Neurology; Internal Medicine; Pediatrics; Emergency Medicine,unverified_ai_generated
DNF-NEUR-E49F8889CFA0,DIS-NEUR-033,FND-NEUR-DIFFUSIONRESTRICTION,present,supportive,Timing and phenotype determine sensitivity of diffusion restriction in Pure motor lacunar syndrome.,Diffusion restriction is interpreted against the disease-specific mimics of Pure motor lacunar syndrome.,condition-specific,condition-specific,Diffusion restriction contributes a defined finding pattern to the explicit Pure motor lacunar syndrome illness script.,The selected Diffusion restriction pattern differentiates Pure motor lacunar syndrome from the competitors in its curation manifest.,true,Step 1; Step 2 CK; Step 3,Neurology; Internal Medicine; Pediatrics; Emergency Medicine,unverified_ai_generated
DNF-NEUR-FA15F7BFE935,DIS-NEUR-033,FND-NEUR-HYPERDENSEMCASIGN,present,supportive,Timing and phenotype determine sensitivity of hyperdense mca sign in Pure motor lacunar syndrome.,Hyperdense MCA sign is interpreted against the disease-specific mimics of Pure motor lacunar syndrome.,condition-specific,condition-specific,Hyperdense MCA sign contributes a defined finding pattern to the explicit Pure motor lacunar syndrome illness script.,The selected Hyperdense MCA sign pattern differentiates Pure motor lacunar syndrome from the competitors in its curation manifest.,true,Step 1; Step 2 CK; Step 3,Neurology; Internal Medicine; Pediatrics; Emergency Medicine,unverified_ai_generated
DNF-NEUR-39687DD9E0C9,DIS-NEUR-033,FND-NEUR-BABINSKISIGN,present,supportive,Timing and phenotype determine sensitivity of babinski sign in Pure motor lacunar syndrome.,Babinski sign is interpreted against the disease-specific mimics of Pure motor lacunar syndrome.,condition-specific,condition-specific,Babinski sign contributes a defined finding pattern to the explicit Pure motor lacunar syndrome illness script.,The selected Babinski sign pattern differentiates Pure motor lacunar syndrome from the competitors in its curation manifest.,true,Step 1; Step 2 CK; Step 3,Neurology; Internal Medicine; Pediatrics; Emergency Medicine,unverified_ai_generated
DNF-NEUR-6A5A235B8895,DIS-NEUR-033,FND-NEUR-03E035AA6C05,present,supportive,Timing and phenotype determine sensitivity of visual field deficit in Pure motor lacunar syndrome.,Visual field deficit is interpreted against the disease-specific mimics of Pure motor lacunar syndrome.,condition-specific,condition-specific,Visual field deficit contributes a defined finding pattern to the explicit Pure motor lacunar syndrome illness script.,The selected Visual field deficit pattern differentiates Pure motor lacunar syndrome from the competitors in its curation manifest.,true,Step 1; Step 2 CK; Step 3,Neurology; Internal Medicine; Pediatrics; Emergency Medicine,unverified_ai_generated
DNF-NEUR-35C0F1F60B13,DIS-NEUR-033,FND-NEUR-8A3D2C68E664,present,supportive,Timing and phenotype determine sensitivity of crossed neurologic findings in Pure motor lacunar syndrome.,Crossed neurologic findings is interpreted against the disease-specific mimics of Pure motor lacunar syndrome.,condition-specific,condition-specific,Crossed neurologic findings contributes a defined finding pattern to the explicit Pure motor lacunar syndrome illness script.,The selected Crossed neurologic findings pattern differentiates Pure motor lacunar syndrome from the competitors in its curation manifest.,true,Step 1; Step 2 CK; Step 3,Neurology; Internal Medicine; Pediatrics; Emergency Medicine,unverified_ai_generated
DNF-NEUR-36FB335403D6,DIS-NEUR-034,FND-NEUR-316E24CF8AD2,present,classic,Timing and phenotype determine sensitivity of postictal confusion in First unprovoked seizure.,Postictal confusion is interpreted against the disease-specific mimics of First unprovoked seizure.,condition-specific,condition-specific,Postictal confusion contributes a defined finding pattern to the explicit First unprovoked seizure illness script.,The selected Postictal confusion pattern differentiates First unprovoked seizure from the competitors in its curation manifest.,true,Step 1; Step 2 CK; Step 3,Neurology; Internal Medicine; Pediatrics; Emergency Medicine,unverified_ai_generated
DNF-NEUR-A64CAD15A22A,DIS-NEUR-034,FND-NEUR-D1266B0F1533,present,supportive,Timing and phenotype determine sensitivity of lateral tongue biting in First unprovoked seizure.,Lateral tongue biting is interpreted against the disease-specific mimics of First unprovoked seizure.,condition-specific,condition-specific,Lateral tongue biting contributes a defined finding pattern to the explicit First unprovoked seizure illness script.,The selected Lateral tongue biting pattern differentiates First unprovoked seizure from the competitors in its curation manifest.,true,Step 1; Step 2 CK; Step 3,Neurology; Internal Medicine; Pediatrics; Emergency Medicine,unverified_ai_generated
DNF-NEUR-696BC977BD16,DIS-NEUR-034,FND-NEUR-DEBB25411A88,present,supportive,Timing and phenotype determine sensitivity of three-hertz spike-and-wave in First unprovoked seizure.,Three-hertz spike-and-wave is interpreted against the disease-specific mimics of First unprovoked seizure.,condition-specific,condition-specific,Three-hertz spike-and-wave contributes a defined finding pattern to the explicit First unprovoked seizure illness script.,The selected Three-hertz spike-and-wave pattern differentiates First unprovoked seizure from the competitors in its curation manifest.,true,Step 1; Step 2 CK; Step 3,Neurology; Internal Medicine; Pediatrics; Emergency Medicine,unverified_ai_generated
DNF-NEUR-07CFC1AE13E8,DIS-NEUR-034,FND-NEUR-B477B6F977D7,present,supportive,Timing and phenotype determine sensitivity of hypsarrhythmia in First unprovoked seizure.,Hypsarrhythmia is interpreted against the disease-specific mimics of First unprovoked seizure.,condition-specific,condition-specific,Hypsarrhythmia contributes a defined finding pattern to the explicit First unprovoked seizure illness script.,The selected Hypsarrhythmia pattern differentiates First unprovoked seizure from the competitors in its curation manifest.,true,Step 1; Step 2 CK; Step 3,Neurology; Internal Medicine; Pediatrics; Emergency Medicine,unverified_ai_generated
DNF-NEUR-A86C2C36E8B0,DIS-NEUR-034,FND-NEUR-0183C82D25E7,present,supportive,Timing and phenotype determine sensitivity of todd paralysis in First unprovoked seizure.,Todd paralysis is interpreted against the disease-specific mimics of First unprovoked seizure.,condition-specific,condition-specific,Todd paralysis contributes a defined finding pattern to the explicit First unprovoked seizure illness script.,The selected Todd paralysis pattern differentiates First unprovoked seizure from the competitors in its curation manifest.,true,Step 1; Step 2 CK; Step 3,Neurology; Internal Medicine; Pediatrics; Emergency Medicine,unverified_ai_generated
DNF-NEUR-B0A3A4BBE4FC,DIS-NEUR-034,FND-NEUR-TEMPORALLOBEABNORMAL,present,supportive,Timing and phenotype determine sensitivity of temporal-lobe abnormalities in First unprovoked seizure.,Temporal-lobe abnormalities is interpreted against the disease-specific mimics of First unprovoked seizure.,condition-specific,condition-specific,Temporal-lobe abnormalities contributes a defined finding pattern to the explicit First unprovoked seizure illness script.,The selected Temporal-lobe abnormalities pattern differentiates First unprovoked seizure from the competitors in its curation manifest.,true,Step 1; Step 2 CK; Step 3,Neurology; Internal Medicine; Pediatrics; Emergency Medicine,unverified_ai_generated
DNF-NEUR-5680A32429CC,DIS-NEUR-035,FND-NEUR-316E24CF8AD2,present,classic,Timing and phenotype determine sensitivity of postictal confusion in Focal aware seizure.,Postictal confusion is interpreted against the disease-specific mimics of Focal aware seizure.,condition-specific,condition-specific,Postictal confusion contributes a defined finding pattern to the explicit Focal aware seizure illness script.,The selected Postictal confusion pattern differentiates Focal aware seizure from the competitors in its curation manifest.,true,Step 1; Step 2 CK; Step 3,Neurology; Internal Medicine; Pediatrics; Emergency Medicine,unverified_ai_generated
DNF-NEUR-D71EF4DDC628,DIS-NEUR-035,FND-NEUR-D1266B0F1533,present,supportive,Timing and phenotype determine sensitivity of lateral tongue biting in Focal aware seizure.,Lateral tongue biting is interpreted against the disease-specific mimics of Focal aware seizure.,condition-specific,condition-specific,Lateral tongue biting contributes a defined finding pattern to the explicit Focal aware seizure illness script.,The selected Lateral tongue biting pattern differentiates Focal aware seizure from the competitors in its curation manifest.,true,Step 1; Step 2 CK; Step 3,Neurology; Internal Medicine; Pediatrics; Emergency Medicine,unverified_ai_generated
DNF-NEUR-BE56EC15FB8F,DIS-NEUR-035,FND-NEUR-DEBB25411A88,present,supportive,Timing and phenotype determine sensitivity of three-hertz spike-and-wave in Focal aware seizure.,Three-hertz spike-and-wave is interpreted against the disease-specific mimics of Focal aware seizure.,condition-specific,condition-specific,Three-hertz spike-and-wave contributes a defined finding pattern to the explicit Focal aware seizure illness script.,The selected Three-hertz spike-and-wave pattern differentiates Focal aware seizure from the competitors in its curation manifest.,true,Step 1; Step 2 CK; Step 3,Neurology; Internal Medicine; Pediatrics; Emergency Medicine,unverified_ai_generated
DNF-NEUR-D0AA6ADAB5AC,DIS-NEUR-035,FND-NEUR-B477B6F977D7,present,supportive,Timing and phenotype determine sensitivity of hypsarrhythmia in Focal aware seizure.,Hypsarrhythmia is interpreted against the disease-specific mimics of Focal aware seizure.,condition-specific,condition-specific,Hypsarrhythmia contributes a defined finding pattern to the explicit Focal aware seizure illness script.,The selected Hypsarrhythmia pattern differentiates Focal aware seizure from the competitors in its curation manifest.,true,Step 1; Step 2 CK; Step 3,Neurology; Internal Medicine; Pediatrics; Emergency Medicine,unverified_ai_generated
DNF-NEUR-CEB45452EF0F,DIS-NEUR-035,FND-NEUR-0183C82D25E7,present,supportive,Timing and phenotype determine sensitivity of todd paralysis in Focal aware seizure.,Todd paralysis is interpreted against the disease-specific mimics of Focal aware seizure.,condition-specific,condition-specific,Todd paralysis contributes a defined finding pattern to the explicit Focal aware seizure illness script.,The selected Todd paralysis pattern differentiates Focal aware seizure from the competitors in its curation manifest.,true,Step 1; Step 2 CK; Step 3,Neurology; Internal Medicine; Pediatrics; Emergency Medicine,unverified_ai_generated
DNF-NEUR-0A6893B5190B,DIS-NEUR-035,FND-NEUR-TEMPORALLOBEABNORMAL,present,supportive,Timing and phenotype determine sensitivity of temporal-lobe abnormalities in Focal aware seizure.,Temporal-lobe abnormalities is interpreted against the disease-specific mimics of Focal aware seizure.,condition-specific,condition-specific,Temporal-lobe abnormalities contributes a defined finding pattern to the explicit Focal aware seizure illness script.,The selected Temporal-lobe abnormalities pattern differentiates Focal aware seizure from the competitors in its curation manifest.,true,Step 1; Step 2 CK; Step 3,Neurology; Internal Medicine; Pediatrics; Emergency Medicine,unverified_ai_generated
DNF-NEUR-633A2133AD28,DIS-NEUR-036,FND-NEUR-316E24CF8AD2,present,classic,Timing and phenotype determine sensitivity of postictal confusion in Focal impaired-awareness seizure.,Postictal confusion is interpreted against the disease-specific mimics of Focal impaired-awareness seizure.,condition-specific,condition-specific,Postictal confusion contributes a defined finding pattern to the explicit Focal impaired-awareness seizure illness script.,The selected Postictal confusion pattern differentiates Focal impaired-awareness seizure from the competitors in its curation manifest.,true,Step 1; Step 2 CK; Step 3,Neurology; Internal Medicine; Pediatrics; Emergency Medicine,unverified_ai_generated
DNF-NEUR-CE25470B7915,DIS-NEUR-036,FND-NEUR-D1266B0F1533,present,supportive,Timing and phenotype determine sensitivity of lateral tongue biting in Focal impaired-awareness seizure.,Lateral tongue biting is interpreted against the disease-specific mimics of Focal impaired-awareness seizure.,condition-specific,condition-specific,Lateral tongue biting contributes a defined finding pattern to the explicit Focal impaired-awareness seizure illness script.,The selected Lateral tongue biting pattern differentiates Focal impaired-awareness seizure from the competitors in its curation manifest.,true,Step 1; Step 2 CK; Step 3,Neurology; Internal Medicine; Pediatrics; Emergency Medicine,unverified_ai_generated
DNF-NEUR-A328E0722819,DIS-NEUR-036,FND-NEUR-DEBB25411A88,present,supportive,Timing and phenotype determine sensitivity of three-hertz spike-and-wave in Focal impaired-awareness seizure.,Three-hertz spike-and-wave is interpreted against the disease-specific mimics of Focal impaired-awareness seizure.,condition-specific,condition-specific,Three-hertz spike-and-wave contributes a defined finding pattern to the explicit Focal impaired-awareness seizure illness script.,The selected Three-hertz spike-and-wave pattern differentiates Focal impaired-awareness seizure from the competitors in its curation manifest.,true,Step 1; Step 2 CK; Step 3,Neurology; Internal Medicine; Pediatrics; Emergency Medicine,unverified_ai_generated
DNF-NEUR-F915AE221AAB,DIS-NEUR-036,FND-NEUR-B477B6F977D7,present,supportive,Timing and phenotype determine sensitivity of hypsarrhythmia in Focal impaired-awareness seizure.,Hypsarrhythmia is interpreted against the disease-specific mimics of Focal impaired-awareness seizure.,condition-specific,condition-specific,Hypsarrhythmia contributes a defined finding pattern to the explicit Focal impaired-awareness seizure illness script.,The selected Hypsarrhythmia pattern differentiates Focal impaired-awareness seizure from the competitors in its curation manifest.,true,Step 1; Step 2 CK; Step 3,Neurology; Internal Medicine; Pediatrics; Emergency Medicine,unverified_ai_generated
DNF-NEUR-0B2486E743D2,DIS-NEUR-036,FND-NEUR-0183C82D25E7,present,supportive,Timing and phenotype determine sensitivity of todd paralysis in Focal impaired-awareness seizure.,Todd paralysis is interpreted against the disease-specific mimics of Focal impaired-awareness seizure.,condition-specific,condition-specific,Todd paralysis contributes a defined finding pattern to the explicit Focal impaired-awareness seizure illness script.,The selected Todd paralysis pattern differentiates Focal impaired-awareness seizure from the competitors in its curation manifest.,true,Step 1; Step 2 CK; Step 3,Neurology; Internal Medicine; Pediatrics; Emergency Medicine,unverified_ai_generated
DNF-NEUR-7392EDD79B9F,DIS-NEUR-036,FND-NEUR-TEMPORALLOBEABNORMAL,present,supportive,Timing and phenotype determine sensitivity of temporal-lobe abnormalities in Focal impaired-awareness seizure.,Temporal-lobe abnormalities is interpreted against the disease-specific mimics of Focal impaired-awareness seizure.,condition-specific,condition-specific,Temporal-lobe abnormalities contributes a defined finding pattern to the explicit Focal impaired-awareness seizure illness script.,The selected Temporal-lobe abnormalities pattern differentiates Focal impaired-awareness seizure from the competitors in its curation manifest.,true,Step 1; Step 2 CK; Step 3,Neurology; Internal Medicine; Pediatrics; Emergency Medicine,unverified_ai_generated
DNF-NEUR-B870FF58E4C1,DIS-NEUR-037,FND-NEUR-316E24CF8AD2,present,classic,Timing and phenotype determine sensitivity of postictal confusion in Focal to bilateral tonic-clonic seizure.,Postictal confusion is interpreted against the disease-specific mimics of Focal to bilateral tonic-clonic seizure.,condition-specific,condition-specific,Postictal confusion contributes a defined finding pattern to the explicit Focal to bilateral tonic-clonic seizure illness script.,The selected Postictal confusion pattern differentiates Focal to bilateral tonic-clonic seizure from the competitors in its curation manifest.,true,Step 1; Step 2 CK; Step 3,Neurology; Internal Medicine; Pediatrics; Emergency Medicine,unverified_ai_generated
DNF-NEUR-E39C70EA45D0,DIS-NEUR-037,FND-NEUR-D1266B0F1533,present,supportive,Timing and phenotype determine sensitivity of lateral tongue biting in Focal to bilateral tonic-clonic seizure.,Lateral tongue biting is interpreted against the disease-specific mimics of Focal to bilateral tonic-clonic seizure.,condition-specific,condition-specific,Lateral tongue biting contributes a defined finding pattern to the explicit Focal to bilateral tonic-clonic seizure illness script.,The selected Lateral tongue biting pattern differentiates Focal to bilateral tonic-clonic seizure from the competitors in its curation manifest.,true,Step 1; Step 2 CK; Step 3,Neurology; Internal Medicine; Pediatrics; Emergency Medicine,unverified_ai_generated
DNF-NEUR-9682D08F48BE,DIS-NEUR-037,FND-NEUR-DEBB25411A88,present,supportive,Timing and phenotype determine sensitivity of three-hertz spike-and-wave in Focal to bilateral tonic-clonic seizure.,Three-hertz spike-and-wave is interpreted against the disease-specific mimics of Focal to bilateral tonic-clonic seizure.,condition-specific,condition-specific,Three-hertz spike-and-wave contributes a defined finding pattern to the explicit Focal to bilateral tonic-clonic seizure illness script.,The selected Three-hertz spike-and-wave pattern differentiates Focal to bilateral tonic-clonic seizure from the competitors in its curation manifest.,true,Step 1; Step 2 CK; Step 3,Neurology; Internal Medicine; Pediatrics; Emergency Medicine,unverified_ai_generated
DNF-NEUR-E6412F12711C,DIS-NEUR-037,FND-NEUR-B477B6F977D7,present,supportive,Timing and phenotype determine sensitivity of hypsarrhythmia in Focal to bilateral tonic-clonic seizure.,Hypsarrhythmia is interpreted against the disease-specific mimics of Focal to bilateral tonic-clonic seizure.,condition-specific,condition-specific,Hypsarrhythmia contributes a defined finding pattern to the explicit Focal to bilateral tonic-clonic seizure illness script.,The selected Hypsarrhythmia pattern differentiates Focal to bilateral tonic-clonic seizure from the competitors in its curation manifest.,true,Step 1; Step 2 CK; Step 3,Neurology; Internal Medicine; Pediatrics; Emergency Medicine,unverified_ai_generated
DNF-NEUR-C49807C1A0EF,DIS-NEUR-037,FND-NEUR-0183C82D25E7,present,supportive,Timing and phenotype determine sensitivity of todd paralysis in Focal to bilateral tonic-clonic seizure.,Todd paralysis is interpreted against the disease-specific mimics of Focal to bilateral tonic-clonic seizure.,condition-specific,condition-specific,Todd paralysis contributes a defined finding pattern to the explicit Focal to bilateral tonic-clonic seizure illness script.,The selected Todd paralysis pattern differentiates Focal to bilateral tonic-clonic seizure from the competitors in its curation manifest.,true,Step 1; Step 2 CK; Step 3,Neurology; Internal Medicine; Pediatrics; Emergency Medicine,unverified_ai_generated
DNF-NEUR-D483856E8EBB,DIS-NEUR-037,FND-NEUR-TEMPORALLOBEABNORMAL,present,supportive,Timing and phenotype determine sensitivity of temporal-lobe abnormalities in Focal to bilateral tonic-clonic seizure.,Temporal-lobe abnormalities is interpreted against the disease-specific mimics of Focal to bilateral tonic-clonic seizure.,condition-specific,condition-specific,Temporal-lobe abnormalities contributes a defined finding pattern to the explicit Focal to bilateral tonic-clonic seizure illness script.,The selected Temporal-lobe abnormalities pattern differentiates Focal to bilateral tonic-clonic seizure from the competitors in its curation manifest.,true,Step 1; Step 2 CK; Step 3,Neurology; Internal Medicine; Pediatrics; Emergency Medicine,unverified_ai_generated
DNF-NEUR-9A2207357107,DIS-NEUR-038,FND-NEUR-316E24CF8AD2,present,classic,Timing and phenotype determine sensitivity of postictal confusion in Generalized tonic-clonic seizure.,Postictal confusion is interpreted against the disease-specific mimics of Generalized tonic-clonic seizure.,condition-specific,condition-specific,Postictal confusion contributes a defined finding pattern to the explicit Generalized tonic-clonic seizure illness script.,The selected Postictal confusion pattern differentiates Generalized tonic-clonic seizure from the competitors in its curation manifest.,true,Step 1; Step 2 CK; Step 3,Neurology; Internal Medicine; Pediatrics; Emergency Medicine,unverified_ai_generated
DNF-NEUR-523A277B12B1,DIS-NEUR-038,FND-NEUR-D1266B0F1533,present,supportive,Timing and phenotype determine sensitivity of lateral tongue biting in Generalized tonic-clonic seizure.,Lateral tongue biting is interpreted against the disease-specific mimics of Generalized tonic-clonic seizure.,condition-specific,condition-specific,Lateral tongue biting contributes a defined finding pattern to the explicit Generalized tonic-clonic seizure illness script.,The selected Lateral tongue biting pattern differentiates Generalized tonic-clonic seizure from the competitors in its curation manifest.,true,Step 1; Step 2 CK; Step 3,Neurology; Internal Medicine; Pediatrics; Emergency Medicine,unverified_ai_generated
DNF-NEUR-2318242DDA63,DIS-NEUR-038,FND-NEUR-DEBB25411A88,present,supportive,Timing and phenotype determine sensitivity of three-hertz spike-and-wave in Generalized tonic-clonic seizure.,Three-hertz spike-and-wave is interpreted against the disease-specific mimics of Generalized tonic-clonic seizure.,condition-specific,condition-specific,Three-hertz spike-and-wave contributes a defined finding pattern to the explicit Generalized tonic-clonic seizure illness script.,The selected Three-hertz spike-and-wave pattern differentiates Generalized tonic-clonic seizure from the competitors in its curation manifest.,true,Step 1; Step 2 CK; Step 3,Neurology; Internal Medicine; Pediatrics; Emergency Medicine,unverified_ai_generated
DNF-NEUR-59261E645DAB,DIS-NEUR-038,FND-NEUR-B477B6F977D7,present,supportive,Timing and phenotype determine sensitivity of hypsarrhythmia in Generalized tonic-clonic seizure.,Hypsarrhythmia is interpreted against the disease-specific mimics of Generalized tonic-clonic seizure.,condition-specific,condition-specific,Hypsarrhythmia contributes a defined finding pattern to the explicit Generalized tonic-clonic seizure illness script.,The selected Hypsarrhythmia pattern differentiates Generalized tonic-clonic seizure from the competitors in its curation manifest.,true,Step 1; Step 2 CK; Step 3,Neurology; Internal Medicine; Pediatrics; Emergency Medicine,unverified_ai_generated
DNF-NEUR-8402FF69ED44,DIS-NEUR-038,FND-NEUR-0183C82D25E7,present,supportive,Timing and phenotype determine sensitivity of todd paralysis in Generalized tonic-clonic seizure.,Todd paralysis is interpreted against the disease-specific mimics of Generalized tonic-clonic seizure.,condition-specific,condition-specific,Todd paralysis contributes a defined finding pattern to the explicit Generalized tonic-clonic seizure illness script.,The selected Todd paralysis pattern differentiates Generalized tonic-clonic seizure from the competitors in its curation manifest.,true,Step 1; Step 2 CK; Step 3,Neurology; Internal Medicine; Pediatrics; Emergency Medicine,unverified_ai_generated
DNF-NEUR-152A0130F634,DIS-NEUR-038,FND-NEUR-TEMPORALLOBEABNORMAL,present,supportive,Timing and phenotype determine sensitivity of temporal-lobe abnormalities in Generalized tonic-clonic seizure.,Temporal-lobe abnormalities is interpreted against the disease-specific mimics of Generalized tonic-clonic seizure.,condition-specific,condition-specific,Temporal-lobe abnormalities contributes a defined finding pattern to the explicit Generalized tonic-clonic seizure illness script.,The selected Temporal-lobe abnormalities pattern differentiates Generalized tonic-clonic seizure from the competitors in its curation manifest.,true,Step 1; Step 2 CK; Step 3,Neurology; Internal Medicine; Pediatrics; Emergency Medicine,unverified_ai_generated
DNF-NEUR-174416F5E484,DIS-NEUR-039,FND-NEUR-316E24CF8AD2,present,classic,Timing and phenotype determine sensitivity of postictal confusion in Absence seizure.,Postictal confusion is interpreted against the disease-specific mimics of Absence seizure.,condition-specific,condition-specific,Postictal confusion contributes a defined finding pattern to the explicit Absence seizure illness script.,The selected Postictal confusion pattern differentiates Absence seizure from the competitors in its curation manifest.,true,Step 1; Step 2 CK; Step 3,Neurology; Internal Medicine; Pediatrics; Emergency Medicine,unverified_ai_generated
DNF-NEUR-60A8E9F260A3,DIS-NEUR-039,FND-NEUR-D1266B0F1533,present,supportive,Timing and phenotype determine sensitivity of lateral tongue biting in Absence seizure.,Lateral tongue biting is interpreted against the disease-specific mimics of Absence seizure.,condition-specific,condition-specific,Lateral tongue biting contributes a defined finding pattern to the explicit Absence seizure illness script.,The selected Lateral tongue biting pattern differentiates Absence seizure from the competitors in its curation manifest.,true,Step 1; Step 2 CK; Step 3,Neurology; Internal Medicine; Pediatrics; Emergency Medicine,unverified_ai_generated
DNF-NEUR-A2723DFDBA5B,DIS-NEUR-039,FND-NEUR-DEBB25411A88,present,supportive,Timing and phenotype determine sensitivity of three-hertz spike-and-wave in Absence seizure.,Three-hertz spike-and-wave is interpreted against the disease-specific mimics of Absence seizure.,condition-specific,condition-specific,Three-hertz spike-and-wave contributes a defined finding pattern to the explicit Absence seizure illness script.,The selected Three-hertz spike-and-wave pattern differentiates Absence seizure from the competitors in its curation manifest.,true,Step 1; Step 2 CK; Step 3,Neurology; Internal Medicine; Pediatrics; Emergency Medicine,unverified_ai_generated
DNF-NEUR-E8983EDD3A46,DIS-NEUR-039,FND-NEUR-B477B6F977D7,present,supportive,Timing and phenotype determine sensitivity of hypsarrhythmia in Absence seizure.,Hypsarrhythmia is interpreted against the disease-specific mimics of Absence seizure.,condition-specific,condition-specific,Hypsarrhythmia contributes a defined finding pattern to the explicit Absence seizure illness script.,The selected Hypsarrhythmia pattern differentiates Absence seizure from the competitors in its curation manifest.,true,Step 1; Step 2 CK; Step 3,Neurology; Internal Medicine; Pediatrics; Emergency Medicine,unverified_ai_generated
DNF-NEUR-6F44AF9C9585,DIS-NEUR-039,FND-NEUR-0183C82D25E7,present,supportive,Timing and phenotype determine sensitivity of todd paralysis in Absence seizure.,Todd paralysis is interpreted against the disease-specific mimics of Absence seizure.,condition-specific,condition-specific,Todd paralysis contributes a defined finding pattern to the explicit Absence seizure illness script.,The selected Todd paralysis pattern differentiates Absence seizure from the competitors in its curation manifest.,true,Step 1; Step 2 CK; Step 3,Neurology; Internal Medicine; Pediatrics; Emergency Medicine,unverified_ai_generated
DNF-NEUR-23C89CBAFD96,DIS-NEUR-039,FND-NEUR-TEMPORALLOBEABNORMAL,present,supportive,Timing and phenotype determine sensitivity of temporal-lobe abnormalities in Absence seizure.,Temporal-lobe abnormalities is interpreted against the disease-specific mimics of Absence seizure.,condition-specific,condition-specific,Temporal-lobe abnormalities contributes a defined finding pattern to the explicit Absence seizure illness script.,The selected Temporal-lobe abnormalities pattern differentiates Absence seizure from the competitors in its curation manifest.,true,Step 1; Step 2 CK; Step 3,Neurology; Internal Medicine; Pediatrics; Emergency Medicine,unverified_ai_generated
DNF-NEUR-75AE53C9A1D0,DIS-NEUR-040,FND-NEUR-316E24CF8AD2,present,classic,Timing and phenotype determine sensitivity of postictal confusion in Myoclonic seizure.,Postictal confusion is interpreted against the disease-specific mimics of Myoclonic seizure.,condition-specific,condition-specific,Postictal confusion contributes a defined finding pattern to the explicit Myoclonic seizure illness script.,The selected Postictal confusion pattern differentiates Myoclonic seizure from the competitors in its curation manifest.,true,Step 1; Step 2 CK; Step 3,Neurology; Internal Medicine; Pediatrics; Emergency Medicine,unverified_ai_generated
DNF-NEUR-FA2196E2D0E8,DIS-NEUR-040,FND-NEUR-D1266B0F1533,present,supportive,Timing and phenotype determine sensitivity of lateral tongue biting in Myoclonic seizure.,Lateral tongue biting is interpreted against the disease-specific mimics of Myoclonic seizure.,condition-specific,condition-specific,Lateral tongue biting contributes a defined finding pattern to the explicit Myoclonic seizure illness script.,The selected Lateral tongue biting pattern differentiates Myoclonic seizure from the competitors in its curation manifest.,true,Step 1; Step 2 CK; Step 3,Neurology; Internal Medicine; Pediatrics; Emergency Medicine,unverified_ai_generated
DNF-NEUR-7831492ECC24,DIS-NEUR-040,FND-NEUR-DEBB25411A88,present,supportive,Timing and phenotype determine sensitivity of three-hertz spike-and-wave in Myoclonic seizure.,Three-hertz spike-and-wave is interpreted against the disease-specific mimics of Myoclonic seizure.,condition-specific,condition-specific,Three-hertz spike-and-wave contributes a defined finding pattern to the explicit Myoclonic seizure illness script.,The selected Three-hertz spike-and-wave pattern differentiates Myoclonic seizure from the competitors in its curation manifest.,true,Step 1; Step 2 CK; Step 3,Neurology; Internal Medicine; Pediatrics; Emergency Medicine,unverified_ai_generated
DNF-NEUR-DB2A1ADE6493,DIS-NEUR-040,FND-NEUR-B477B6F977D7,present,supportive,Timing and phenotype determine sensitivity of hypsarrhythmia in Myoclonic seizure.,Hypsarrhythmia is interpreted against the disease-specific mimics of Myoclonic seizure.,condition-specific,condition-specific,Hypsarrhythmia contributes a defined finding pattern to the explicit Myoclonic seizure illness script.,The selected Hypsarrhythmia pattern differentiates Myoclonic seizure from the competitors in its curation manifest.,true,Step 1; Step 2 CK; Step 3,Neurology; Internal Medicine; Pediatrics; Emergency Medicine,unverified_ai_generated
DNF-NEUR-2763DDA75F89,DIS-NEUR-040,FND-NEUR-0183C82D25E7,present,supportive,Timing and phenotype determine sensitivity of todd paralysis in Myoclonic seizure.,Todd paralysis is interpreted against the disease-specific mimics of Myoclonic seizure.,condition-specific,condition-specific,Todd paralysis contributes a defined finding pattern to the explicit Myoclonic seizure illness script.,The selected Todd paralysis pattern differentiates Myoclonic seizure from the competitors in its curation manifest.,true,Step 1; Step 2 CK; Step 3,Neurology; Internal Medicine; Pediatrics; Emergency Medicine,unverified_ai_generated
DNF-NEUR-A1ABAA8A29B4,DIS-NEUR-040,FND-NEUR-TEMPORALLOBEABNORMAL,present,supportive,Timing and phenotype determine sensitivity of temporal-lobe abnormalities in Myoclonic seizure.,Temporal-lobe abnormalities is interpreted against the disease-specific mimics of Myoclonic seizure.,condition-specific,condition-specific,Temporal-lobe abnormalities contributes a defined finding pattern to the explicit Myoclonic seizure illness script.,The selected Temporal-lobe abnormalities pattern differentiates Myoclonic seizure from the competitors in its curation manifest.,true,Step 1; Step 2 CK; Step 3,Neurology; Internal Medicine; Pediatrics; Emergency Medicine,unverified_ai_generated
DNF-NEUR-43D80111F43E,DIS-NEUR-041,FND-NEUR-316E24CF8AD2,present,classic,Timing and phenotype determine sensitivity of postictal confusion in Atonic seizure.,Postictal confusion is interpreted against the disease-specific mimics of Atonic seizure.,condition-specific,condition-specific,Postictal confusion contributes a defined finding pattern to the explicit Atonic seizure illness script.,The selected Postictal confusion pattern differentiates Atonic seizure from the competitors in its curation manifest.,true,Step 1; Step 2 CK; Step 3,Neurology; Internal Medicine; Pediatrics; Emergency Medicine,unverified_ai_generated
DNF-NEUR-7F99347C9AC7,DIS-NEUR-041,FND-NEUR-D1266B0F1533,present,supportive,Timing and phenotype determine sensitivity of lateral tongue biting in Atonic seizure.,Lateral tongue biting is interpreted against the disease-specific mimics of Atonic seizure.,condition-specific,condition-specific,Lateral tongue biting contributes a defined finding pattern to the explicit Atonic seizure illness script.,The selected Lateral tongue biting pattern differentiates Atonic seizure from the competitors in its curation manifest.,true,Step 1; Step 2 CK; Step 3,Neurology; Internal Medicine; Pediatrics; Emergency Medicine,unverified_ai_generated
DNF-NEUR-874678B2733F,DIS-NEUR-041,FND-NEUR-DEBB25411A88,present,supportive,Timing and phenotype determine sensitivity of three-hertz spike-and-wave in Atonic seizure.,Three-hertz spike-and-wave is interpreted against the disease-specific mimics of Atonic seizure.,condition-specific,condition-specific,Three-hertz spike-and-wave contributes a defined finding pattern to the explicit Atonic seizure illness script.,The selected Three-hertz spike-and-wave pattern differentiates Atonic seizure from the competitors in its curation manifest.,true,Step 1; Step 2 CK; Step 3,Neurology; Internal Medicine; Pediatrics; Emergency Medicine,unverified_ai_generated
DNF-NEUR-2E644C035041,DIS-NEUR-041,FND-NEUR-B477B6F977D7,present,supportive,Timing and phenotype determine sensitivity of hypsarrhythmia in Atonic seizure.,Hypsarrhythmia is interpreted against the disease-specific mimics of Atonic seizure.,condition-specific,condition-specific,Hypsarrhythmia contributes a defined finding pattern to the explicit Atonic seizure illness script.,The selected Hypsarrhythmia pattern differentiates Atonic seizure from the competitors in its curation manifest.,true,Step 1; Step 2 CK; Step 3,Neurology; Internal Medicine; Pediatrics; Emergency Medicine,unverified_ai_generated
DNF-NEUR-882503D793CC,DIS-NEUR-041,FND-NEUR-0183C82D25E7,present,supportive,Timing and phenotype determine sensitivity of todd paralysis in Atonic seizure.,Todd paralysis is interpreted against the disease-specific mimics of Atonic seizure.,condition-specific,condition-specific,Todd paralysis contributes a defined finding pattern to the explicit Atonic seizure illness script.,The selected Todd paralysis pattern differentiates Atonic seizure from the competitors in its curation manifest.,true,Step 1; Step 2 CK; Step 3,Neurology; Internal Medicine; Pediatrics; Emergency Medicine,unverified_ai_generated
DNF-NEUR-AA4E2AC9A27F,DIS-NEUR-041,FND-NEUR-TEMPORALLOBEABNORMAL,present,supportive,Timing and phenotype determine sensitivity of temporal-lobe abnormalities in Atonic seizure.,Temporal-lobe abnormalities is interpreted against the disease-specific mimics of Atonic seizure.,condition-specific,condition-specific,Temporal-lobe abnormalities contributes a defined finding pattern to the explicit Atonic seizure illness script.,The selected Temporal-lobe abnormalities pattern differentiates Atonic seizure from the competitors in its curation manifest.,true,Step 1; Step 2 CK; Step 3,Neurology; Internal Medicine; Pediatrics; Emergency Medicine,unverified_ai_generated
DNF-NEUR-7F8F0FA11D04,DIS-NEUR-042,FND-NEUR-316E24CF8AD2,present,classic,Timing and phenotype determine sensitivity of postictal confusion in Infantile spasms.,Postictal confusion is interpreted against the disease-specific mimics of Infantile spasms.,condition-specific,condition-specific,Postictal confusion contributes a defined finding pattern to the explicit Infantile spasms illness script.,The selected Postictal confusion pattern differentiates Infantile spasms from the competitors in its curation manifest.,true,Step 1; Step 2 CK; Step 3,Neurology; Internal Medicine; Pediatrics; Emergency Medicine,unverified_ai_generated
DNF-NEUR-29CD8E2819D0,DIS-NEUR-042,FND-NEUR-D1266B0F1533,present,supportive,Timing and phenotype determine sensitivity of lateral tongue biting in Infantile spasms.,Lateral tongue biting is interpreted against the disease-specific mimics of Infantile spasms.,condition-specific,condition-specific,Lateral tongue biting contributes a defined finding pattern to the explicit Infantile spasms illness script.,The selected Lateral tongue biting pattern differentiates Infantile spasms from the competitors in its curation manifest.,true,Step 1; Step 2 CK; Step 3,Neurology; Internal Medicine; Pediatrics; Emergency Medicine,unverified_ai_generated
DNF-NEUR-4BF56FF0EBFB,DIS-NEUR-042,FND-NEUR-DEBB25411A88,present,supportive,Timing and phenotype determine sensitivity of three-hertz spike-and-wave in Infantile spasms.,Three-hertz spike-and-wave is interpreted against the disease-specific mimics of Infantile spasms.,condition-specific,condition-specific,Three-hertz spike-and-wave contributes a defined finding pattern to the explicit Infantile spasms illness script.,The selected Three-hertz spike-and-wave pattern differentiates Infantile spasms from the competitors in its curation manifest.,true,Step 1; Step 2 CK; Step 3,Neurology; Internal Medicine; Pediatrics; Emergency Medicine,unverified_ai_generated
DNF-NEUR-9E7B1FBEC60C,DIS-NEUR-042,FND-NEUR-B477B6F977D7,present,supportive,Timing and phenotype determine sensitivity of hypsarrhythmia in Infantile spasms.,Hypsarrhythmia is interpreted against the disease-specific mimics of Infantile spasms.,condition-specific,condition-specific,Hypsarrhythmia contributes a defined finding pattern to the explicit Infantile spasms illness script.,The selected Hypsarrhythmia pattern differentiates Infantile spasms from the competitors in its curation manifest.,true,Step 1; Step 2 CK; Step 3,Neurology; Internal Medicine; Pediatrics; Emergency Medicine,unverified_ai_generated
DNF-NEUR-BEAC52A0B402,DIS-NEUR-042,FND-NEUR-0183C82D25E7,present,supportive,Timing and phenotype determine sensitivity of todd paralysis in Infantile spasms.,Todd paralysis is interpreted against the disease-specific mimics of Infantile spasms.,condition-specific,condition-specific,Todd paralysis contributes a defined finding pattern to the explicit Infantile spasms illness script.,The selected Todd paralysis pattern differentiates Infantile spasms from the competitors in its curation manifest.,true,Step 1; Step 2 CK; Step 3,Neurology; Internal Medicine; Pediatrics; Emergency Medicine,unverified_ai_generated
DNF-NEUR-0856C8EFDD98,DIS-NEUR-042,FND-NEUR-TEMPORALLOBEABNORMAL,present,supportive,Timing and phenotype determine sensitivity of temporal-lobe abnormalities in Infantile spasms.,Temporal-lobe abnormalities is interpreted against the disease-specific mimics of Infantile spasms.,condition-specific,condition-specific,Temporal-lobe abnormalities contributes a defined finding pattern to the explicit Infantile spasms illness script.,The selected Temporal-lobe abnormalities pattern differentiates Infantile spasms from the competitors in its curation manifest.,true,Step 1; Step 2 CK; Step 3,Neurology; Internal Medicine; Pediatrics; Emergency Medicine,unverified_ai_generated
DNF-NEUR-25AB5A6294E4,DIS-P-0113,FND-NEUR-316E24CF8AD2,present,classic,Timing and phenotype determine sensitivity of postictal confusion in Febrile seizure.,Postictal confusion is interpreted against the disease-specific mimics of Febrile seizure.,condition-specific,condition-specific,Postictal confusion contributes a defined finding pattern to the explicit Febrile seizure illness script.,The selected Postictal confusion pattern differentiates Febrile seizure from the competitors in its curation manifest.,true,Step 1; Step 2 CK; Step 3,Neurology; Internal Medicine; Pediatrics; Emergency Medicine,unverified_ai_generated
DNF-NEUR-E026CE4C87C8,DIS-P-0113,FND-NEUR-D1266B0F1533,present,supportive,Timing and phenotype determine sensitivity of lateral tongue biting in Febrile seizure.,Lateral tongue biting is interpreted against the disease-specific mimics of Febrile seizure.,condition-specific,condition-specific,Lateral tongue biting contributes a defined finding pattern to the explicit Febrile seizure illness script.,The selected Lateral tongue biting pattern differentiates Febrile seizure from the competitors in its curation manifest.,true,Step 1; Step 2 CK; Step 3,Neurology; Internal Medicine; Pediatrics; Emergency Medicine,unverified_ai_generated
DNF-NEUR-4CE33F76ACE9,DIS-P-0113,FND-NEUR-DEBB25411A88,present,supportive,Timing and phenotype determine sensitivity of three-hertz spike-and-wave in Febrile seizure.,Three-hertz spike-and-wave is interpreted against the disease-specific mimics of Febrile seizure.,condition-specific,condition-specific,Three-hertz spike-and-wave contributes a defined finding pattern to the explicit Febrile seizure illness script.,The selected Three-hertz spike-and-wave pattern differentiates Febrile seizure from the competitors in its curation manifest.,true,Step 1; Step 2 CK; Step 3,Neurology; Internal Medicine; Pediatrics; Emergency Medicine,unverified_ai_generated
DNF-NEUR-4768D6CE1D25,DIS-P-0113,FND-NEUR-B477B6F977D7,present,supportive,Timing and phenotype determine sensitivity of hypsarrhythmia in Febrile seizure.,Hypsarrhythmia is interpreted against the disease-specific mimics of Febrile seizure.,condition-specific,condition-specific,Hypsarrhythmia contributes a defined finding pattern to the explicit Febrile seizure illness script.,The selected Hypsarrhythmia pattern differentiates Febrile seizure from the competitors in its curation manifest.,true,Step 1; Step 2 CK; Step 3,Neurology; Internal Medicine; Pediatrics; Emergency Medicine,unverified_ai_generated
DNF-NEUR-7D4CB1EC9A09,DIS-P-0113,FND-NEUR-0183C82D25E7,present,supportive,Timing and phenotype determine sensitivity of todd paralysis in Febrile seizure.,Todd paralysis is interpreted against the disease-specific mimics of Febrile seizure.,condition-specific,condition-specific,Todd paralysis contributes a defined finding pattern to the explicit Febrile seizure illness script.,The selected Todd paralysis pattern differentiates Febrile seizure from the competitors in its curation manifest.,true,Step 1; Step 2 CK; Step 3,Neurology; Internal Medicine; Pediatrics; Emergency Medicine,unverified_ai_generated
DNF-NEUR-33604B12C9F6,DIS-P-0113,FND-NEUR-TEMPORALLOBEABNORMAL,present,supportive,Timing and phenotype determine sensitivity of temporal-lobe abnormalities in Febrile seizure.,Temporal-lobe abnormalities is interpreted against the disease-specific mimics of Febrile seizure.,condition-specific,condition-specific,Temporal-lobe abnormalities contributes a defined finding pattern to the explicit Febrile seizure illness script.,The selected Temporal-lobe abnormalities pattern differentiates Febrile seizure from the competitors in its curation manifest.,true,Step 1; Step 2 CK; Step 3,Neurology; Internal Medicine; Pediatrics; Emergency Medicine,unverified_ai_generated
DNF-NEUR-BC246054728A,DIS-N-0062,FND-NEUR-316E24CF8AD2,present,classic,Timing and phenotype determine sensitivity of postictal confusion in Status epilepticus.,Postictal confusion is interpreted against the disease-specific mimics of Status epilepticus.,condition-specific,condition-specific,Postictal confusion contributes a defined finding pattern to the explicit Status epilepticus illness script.,The selected Postictal confusion pattern differentiates Status epilepticus from the competitors in its curation manifest.,true,Step 1; Step 2 CK; Step 3,Neurology; Internal Medicine; Pediatrics; Emergency Medicine,unverified_ai_generated
DNF-NEUR-5B1BA3F66CEE,DIS-N-0062,FND-NEUR-D1266B0F1533,present,supportive,Timing and phenotype determine sensitivity of lateral tongue biting in Status epilepticus.,Lateral tongue biting is interpreted against the disease-specific mimics of Status epilepticus.,condition-specific,condition-specific,Lateral tongue biting contributes a defined finding pattern to the explicit Status epilepticus illness script.,The selected Lateral tongue biting pattern differentiates Status epilepticus from the competitors in its curation manifest.,true,Step 1; Step 2 CK; Step 3,Neurology; Internal Medicine; Pediatrics; Emergency Medicine,unverified_ai_generated
DNF-NEUR-6277A42B983B,DIS-N-0062,FND-NEUR-DEBB25411A88,present,supportive,Timing and phenotype determine sensitivity of three-hertz spike-and-wave in Status epilepticus.,Three-hertz spike-and-wave is interpreted against the disease-specific mimics of Status epilepticus.,condition-specific,condition-specific,Three-hertz spike-and-wave contributes a defined finding pattern to the explicit Status epilepticus illness script.,The selected Three-hertz spike-and-wave pattern differentiates Status epilepticus from the competitors in its curation manifest.,true,Step 1; Step 2 CK; Step 3,Neurology; Internal Medicine; Pediatrics; Emergency Medicine,unverified_ai_generated
DNF-NEUR-9F921119F687,DIS-N-0062,FND-NEUR-B477B6F977D7,present,supportive,Timing and phenotype determine sensitivity of hypsarrhythmia in Status epilepticus.,Hypsarrhythmia is interpreted against the disease-specific mimics of Status epilepticus.,condition-specific,condition-specific,Hypsarrhythmia contributes a defined finding pattern to the explicit Status epilepticus illness script.,The selected Hypsarrhythmia pattern differentiates Status epilepticus from the competitors in its curation manifest.,true,Step 1; Step 2 CK; Step 3,Neurology; Internal Medicine; Pediatrics; Emergency Medicine,unverified_ai_generated
DNF-NEUR-D16FCBFED867,DIS-N-0062,FND-NEUR-0183C82D25E7,present,supportive,Timing and phenotype determine sensitivity of todd paralysis in Status epilepticus.,Todd paralysis is interpreted against the disease-specific mimics of Status epilepticus.,condition-specific,condition-specific,Todd paralysis contributes a defined finding pattern to the explicit Status epilepticus illness script.,The selected Todd paralysis pattern differentiates Status epilepticus from the competitors in its curation manifest.,true,Step 1; Step 2 CK; Step 3,Neurology; Internal Medicine; Pediatrics; Emergency Medicine,unverified_ai_generated
DNF-NEUR-124B3B4BE91A,DIS-N-0062,FND-NEUR-TEMPORALLOBEABNORMAL,present,supportive,Timing and phenotype determine sensitivity of temporal-lobe abnormalities in Status epilepticus.,Temporal-lobe abnormalities is interpreted against the disease-specific mimics of Status epilepticus.,condition-specific,condition-specific,Temporal-lobe abnormalities contributes a defined finding pattern to the explicit Status epilepticus illness script.,The selected Temporal-lobe abnormalities pattern differentiates Status epilepticus from the competitors in its curation manifest.,true,Step 1; Step 2 CK; Step 3,Neurology; Internal Medicine; Pediatrics; Emergency Medicine,unverified_ai_generated
DNF-NEUR-594E6E919E63,DIS-NEUR-045,FND-NEUR-316E24CF8AD2,present,classic,Timing and phenotype determine sensitivity of postictal confusion in Nonconvulsive status epilepticus.,Postictal confusion is interpreted against the disease-specific mimics of Nonconvulsive status epilepticus.,condition-specific,condition-specific,Postictal confusion contributes a defined finding pattern to the explicit Nonconvulsive status epilepticus illness script.,The selected Postictal confusion pattern differentiates Nonconvulsive status epilepticus from the competitors in its curation manifest.,true,Step 1; Step 2 CK; Step 3,Neurology; Internal Medicine; Pediatrics; Emergency Medicine,unverified_ai_generated
DNF-NEUR-8F2F6EFBBD01,DIS-NEUR-045,FND-NEUR-D1266B0F1533,present,supportive,Timing and phenotype determine sensitivity of lateral tongue biting in Nonconvulsive status epilepticus.,Lateral tongue biting is interpreted against the disease-specific mimics of Nonconvulsive status epilepticus.,condition-specific,condition-specific,Lateral tongue biting contributes a defined finding pattern to the explicit Nonconvulsive status epilepticus illness script.,The selected Lateral tongue biting pattern differentiates Nonconvulsive status epilepticus from the competitors in its curation manifest.,true,Step 1; Step 2 CK; Step 3,Neurology; Internal Medicine; Pediatrics; Emergency Medicine,unverified_ai_generated
DNF-NEUR-B80636DBBFE0,DIS-NEUR-045,FND-NEUR-DEBB25411A88,present,supportive,Timing and phenotype determine sensitivity of three-hertz spike-and-wave in Nonconvulsive status epilepticus.,Three-hertz spike-and-wave is interpreted against the disease-specific mimics of Nonconvulsive status epilepticus.,condition-specific,condition-specific,Three-hertz spike-and-wave contributes a defined finding pattern to the explicit Nonconvulsive status epilepticus illness script.,The selected Three-hertz spike-and-wave pattern differentiates Nonconvulsive status epilepticus from the competitors in its curation manifest.,true,Step 1; Step 2 CK; Step 3,Neurology; Internal Medicine; Pediatrics; Emergency Medicine,unverified_ai_generated
DNF-NEUR-222074A1767E,DIS-NEUR-045,FND-NEUR-B477B6F977D7,present,supportive,Timing and phenotype determine sensitivity of hypsarrhythmia in Nonconvulsive status epilepticus.,Hypsarrhythmia is interpreted against the disease-specific mimics of Nonconvulsive status epilepticus.,condition-specific,condition-specific,Hypsarrhythmia contributes a defined finding pattern to the explicit Nonconvulsive status epilepticus illness script.,The selected Hypsarrhythmia pattern differentiates Nonconvulsive status epilepticus from the competitors in its curation manifest.,true,Step 1; Step 2 CK; Step 3,Neurology; Internal Medicine; Pediatrics; Emergency Medicine,unverified_ai_generated
DNF-NEUR-6FCA4A400DA7,DIS-NEUR-045,FND-NEUR-0183C82D25E7,present,supportive,Timing and phenotype determine sensitivity of todd paralysis in Nonconvulsive status epilepticus.,Todd paralysis is interpreted against the disease-specific mimics of Nonconvulsive status epilepticus.,condition-specific,condition-specific,Todd paralysis contributes a defined finding pattern to the explicit Nonconvulsive status epilepticus illness script.,The selected Todd paralysis pattern differentiates Nonconvulsive status epilepticus from the competitors in its curation manifest.,true,Step 1; Step 2 CK; Step 3,Neurology; Internal Medicine; Pediatrics; Emergency Medicine,unverified_ai_generated
DNF-NEUR-D29C274869C3,DIS-NEUR-045,FND-NEUR-TEMPORALLOBEABNORMAL,present,supportive,Timing and phenotype determine sensitivity of temporal-lobe abnormalities in Nonconvulsive status epilepticus.,Temporal-lobe abnormalities is interpreted against the disease-specific mimics of Nonconvulsive status epilepticus.,condition-specific,condition-specific,Temporal-lobe abnormalities contributes a defined finding pattern to the explicit Nonconvulsive status epilepticus illness script.,The selected Temporal-lobe abnormalities pattern differentiates Nonconvulsive status epilepticus from the competitors in its curation manifest.,true,Step 1; Step 2 CK; Step 3,Neurology; Internal Medicine; Pediatrics; Emergency Medicine,unverified_ai_generated
DNF-NEUR-186D7191816E,DIS-NEUR-046,FND-NEUR-316E24CF8AD2,present,classic,Timing and phenotype determine sensitivity of postictal confusion in Psychogenic nonepileptic seizures.,Postictal confusion is interpreted against the disease-specific mimics of Psychogenic nonepileptic seizures.,condition-specific,condition-specific,Postictal confusion contributes a defined finding pattern to the explicit Psychogenic nonepileptic seizures illness script.,The selected Postictal confusion pattern differentiates Psychogenic nonepileptic seizures from the competitors in its curation manifest.,true,Step 1; Step 2 CK; Step 3,Neurology; Internal Medicine; Pediatrics; Emergency Medicine,unverified_ai_generated
DNF-NEUR-B55897E4153B,DIS-NEUR-046,FND-NEUR-D1266B0F1533,present,supportive,Timing and phenotype determine sensitivity of lateral tongue biting in Psychogenic nonepileptic seizures.,Lateral tongue biting is interpreted against the disease-specific mimics of Psychogenic nonepileptic seizures.,condition-specific,condition-specific,Lateral tongue biting contributes a defined finding pattern to the explicit Psychogenic nonepileptic seizures illness script.,The selected Lateral tongue biting pattern differentiates Psychogenic nonepileptic seizures from the competitors in its curation manifest.,true,Step 1; Step 2 CK; Step 3,Neurology; Internal Medicine; Pediatrics; Emergency Medicine,unverified_ai_generated
DNF-NEUR-853CB3F9B4D0,DIS-NEUR-046,FND-NEUR-DEBB25411A88,present,supportive,Timing and phenotype determine sensitivity of three-hertz spike-and-wave in Psychogenic nonepileptic seizures.,Three-hertz spike-and-wave is interpreted against the disease-specific mimics of Psychogenic nonepileptic seizures.,condition-specific,condition-specific,Three-hertz spike-and-wave contributes a defined finding pattern to the explicit Psychogenic nonepileptic seizures illness script.,The selected Three-hertz spike-and-wave pattern differentiates Psychogenic nonepileptic seizures from the competitors in its curation manifest.,true,Step 1; Step 2 CK; Step 3,Neurology; Internal Medicine; Pediatrics; Emergency Medicine,unverified_ai_generated
DNF-NEUR-5E54518803E0,DIS-NEUR-046,FND-NEUR-B477B6F977D7,present,supportive,Timing and phenotype determine sensitivity of hypsarrhythmia in Psychogenic nonepileptic seizures.,Hypsarrhythmia is interpreted against the disease-specific mimics of Psychogenic nonepileptic seizures.,condition-specific,condition-specific,Hypsarrhythmia contributes a defined finding pattern to the explicit Psychogenic nonepileptic seizures illness script.,The selected Hypsarrhythmia pattern differentiates Psychogenic nonepileptic seizures from the competitors in its curation manifest.,true,Step 1; Step 2 CK; Step 3,Neurology; Internal Medicine; Pediatrics; Emergency Medicine,unverified_ai_generated
DNF-NEUR-28AF4AF297CA,DIS-NEUR-046,FND-NEUR-0183C82D25E7,present,supportive,Timing and phenotype determine sensitivity of todd paralysis in Psychogenic nonepileptic seizures.,Todd paralysis is interpreted against the disease-specific mimics of Psychogenic nonepileptic seizures.,condition-specific,condition-specific,Todd paralysis contributes a defined finding pattern to the explicit Psychogenic nonepileptic seizures illness script.,The selected Todd paralysis pattern differentiates Psychogenic nonepileptic seizures from the competitors in its curation manifest.,true,Step 1; Step 2 CK; Step 3,Neurology; Internal Medicine; Pediatrics; Emergency Medicine,unverified_ai_generated
DNF-NEUR-F698466C77AE,DIS-NEUR-046,FND-NEUR-TEMPORALLOBEABNORMAL,present,supportive,Timing and phenotype determine sensitivity of temporal-lobe abnormalities in Psychogenic nonepileptic seizures.,Temporal-lobe abnormalities is interpreted against the disease-specific mimics of Psychogenic nonepileptic seizures.,condition-specific,condition-specific,Temporal-lobe abnormalities contributes a defined finding pattern to the explicit Psychogenic nonepileptic seizures illness script.,The selected Temporal-lobe abnormalities pattern differentiates Psychogenic nonepileptic seizures from the competitors in its curation manifest.,true,Step 1; Step 2 CK; Step 3,Neurology; Internal Medicine; Pediatrics; Emergency Medicine,unverified_ai_generated
DNF-NEUR-4A61EAA558A8,DIS-NEUR-047,FND-NEUR-316E24CF8AD2,present,classic,Timing and phenotype determine sensitivity of postictal confusion in Juvenile myoclonic epilepsy.,Postictal confusion is interpreted against the disease-specific mimics of Juvenile myoclonic epilepsy.,condition-specific,condition-specific,Postictal confusion contributes a defined finding pattern to the explicit Juvenile myoclonic epilepsy illness script.,The selected Postictal confusion pattern differentiates Juvenile myoclonic epilepsy from the competitors in its curation manifest.,true,Step 1; Step 2 CK; Step 3,Neurology; Internal Medicine; Pediatrics; Emergency Medicine,unverified_ai_generated
DNF-NEUR-F8286D742808,DIS-NEUR-047,FND-NEUR-D1266B0F1533,present,supportive,Timing and phenotype determine sensitivity of lateral tongue biting in Juvenile myoclonic epilepsy.,Lateral tongue biting is interpreted against the disease-specific mimics of Juvenile myoclonic epilepsy.,condition-specific,condition-specific,Lateral tongue biting contributes a defined finding pattern to the explicit Juvenile myoclonic epilepsy illness script.,The selected Lateral tongue biting pattern differentiates Juvenile myoclonic epilepsy from the competitors in its curation manifest.,true,Step 1; Step 2 CK; Step 3,Neurology; Internal Medicine; Pediatrics; Emergency Medicine,unverified_ai_generated
DNF-NEUR-E83D093B54A1,DIS-NEUR-047,FND-NEUR-DEBB25411A88,present,supportive,Timing and phenotype determine sensitivity of three-hertz spike-and-wave in Juvenile myoclonic epilepsy.,Three-hertz spike-and-wave is interpreted against the disease-specific mimics of Juvenile myoclonic epilepsy.,condition-specific,condition-specific,Three-hertz spike-and-wave contributes a defined finding pattern to the explicit Juvenile myoclonic epilepsy illness script.,The selected Three-hertz spike-and-wave pattern differentiates Juvenile myoclonic epilepsy from the competitors in its curation manifest.,true,Step 1; Step 2 CK; Step 3,Neurology; Internal Medicine; Pediatrics; Emergency Medicine,unverified_ai_generated
DNF-NEUR-661CEB9C5F53,DIS-NEUR-047,FND-NEUR-B477B6F977D7,present,supportive,Timing and phenotype determine sensitivity of hypsarrhythmia in Juvenile myoclonic epilepsy.,Hypsarrhythmia is interpreted against the disease-specific mimics of Juvenile myoclonic epilepsy.,condition-specific,condition-specific,Hypsarrhythmia contributes a defined finding pattern to the explicit Juvenile myoclonic epilepsy illness script.,The selected Hypsarrhythmia pattern differentiates Juvenile myoclonic epilepsy from the competitors in its curation manifest.,true,Step 1; Step 2 CK; Step 3,Neurology; Internal Medicine; Pediatrics; Emergency Medicine,unverified_ai_generated
DNF-NEUR-ABE36DC2828F,DIS-NEUR-047,FND-NEUR-0183C82D25E7,present,supportive,Timing and phenotype determine sensitivity of todd paralysis in Juvenile myoclonic epilepsy.,Todd paralysis is interpreted against the disease-specific mimics of Juvenile myoclonic epilepsy.,condition-specific,condition-specific,Todd paralysis contributes a defined finding pattern to the explicit Juvenile myoclonic epilepsy illness script.,The selected Todd paralysis pattern differentiates Juvenile myoclonic epilepsy from the competitors in its curation manifest.,true,Step 1; Step 2 CK; Step 3,Neurology; Internal Medicine; Pediatrics; Emergency Medicine,unverified_ai_generated
DNF-NEUR-F0AB6C8E2EBA,DIS-NEUR-047,FND-NEUR-TEMPORALLOBEABNORMAL,present,supportive,Timing and phenotype determine sensitivity of temporal-lobe abnormalities in Juvenile myoclonic epilepsy.,Temporal-lobe abnormalities is interpreted against the disease-specific mimics of Juvenile myoclonic epilepsy.,condition-specific,condition-specific,Temporal-lobe abnormalities contributes a defined finding pattern to the explicit Juvenile myoclonic epilepsy illness script.,The selected Temporal-lobe abnormalities pattern differentiates Juvenile myoclonic epilepsy from the competitors in its curation manifest.,true,Step 1; Step 2 CK; Step 3,Neurology; Internal Medicine; Pediatrics; Emergency Medicine,unverified_ai_generated
DNF-NEUR-BF58F38DE4FD,DIS-NEUR-048,FND-NEUR-316E24CF8AD2,present,classic,Timing and phenotype determine sensitivity of postictal confusion in Childhood absence epilepsy.,Postictal confusion is interpreted against the disease-specific mimics of Childhood absence epilepsy.,condition-specific,condition-specific,Postictal confusion contributes a defined finding pattern to the explicit Childhood absence epilepsy illness script.,The selected Postictal confusion pattern differentiates Childhood absence epilepsy from the competitors in its curation manifest.,true,Step 1; Step 2 CK; Step 3,Neurology; Internal Medicine; Pediatrics; Emergency Medicine,unverified_ai_generated
DNF-NEUR-9BF4ADF69CF1,DIS-NEUR-048,FND-NEUR-D1266B0F1533,present,supportive,Timing and phenotype determine sensitivity of lateral tongue biting in Childhood absence epilepsy.,Lateral tongue biting is interpreted against the disease-specific mimics of Childhood absence epilepsy.,condition-specific,condition-specific,Lateral tongue biting contributes a defined finding pattern to the explicit Childhood absence epilepsy illness script.,The selected Lateral tongue biting pattern differentiates Childhood absence epilepsy from the competitors in its curation manifest.,true,Step 1; Step 2 CK; Step 3,Neurology; Internal Medicine; Pediatrics; Emergency Medicine,unverified_ai_generated
DNF-NEUR-1745C1132B7E,DIS-NEUR-048,FND-NEUR-DEBB25411A88,present,supportive,Timing and phenotype determine sensitivity of three-hertz spike-and-wave in Childhood absence epilepsy.,Three-hertz spike-and-wave is interpreted against the disease-specific mimics of Childhood absence epilepsy.,condition-specific,condition-specific,Three-hertz spike-and-wave contributes a defined finding pattern to the explicit Childhood absence epilepsy illness script.,The selected Three-hertz spike-and-wave pattern differentiates Childhood absence epilepsy from the competitors in its curation manifest.,true,Step 1; Step 2 CK; Step 3,Neurology; Internal Medicine; Pediatrics; Emergency Medicine,unverified_ai_generated
DNF-NEUR-A73509B67FF8,DIS-NEUR-048,FND-NEUR-B477B6F977D7,present,supportive,Timing and phenotype determine sensitivity of hypsarrhythmia in Childhood absence epilepsy.,Hypsarrhythmia is interpreted against the disease-specific mimics of Childhood absence epilepsy.,condition-specific,condition-specific,Hypsarrhythmia contributes a defined finding pattern to the explicit Childhood absence epilepsy illness script.,The selected Hypsarrhythmia pattern differentiates Childhood absence epilepsy from the competitors in its curation manifest.,true,Step 1; Step 2 CK; Step 3,Neurology; Internal Medicine; Pediatrics; Emergency Medicine,unverified_ai_generated
DNF-NEUR-B40E16DE963C,DIS-NEUR-048,FND-NEUR-0183C82D25E7,present,supportive,Timing and phenotype determine sensitivity of todd paralysis in Childhood absence epilepsy.,Todd paralysis is interpreted against the disease-specific mimics of Childhood absence epilepsy.,condition-specific,condition-specific,Todd paralysis contributes a defined finding pattern to the explicit Childhood absence epilepsy illness script.,The selected Todd paralysis pattern differentiates Childhood absence epilepsy from the competitors in its curation manifest.,true,Step 1; Step 2 CK; Step 3,Neurology; Internal Medicine; Pediatrics; Emergency Medicine,unverified_ai_generated
DNF-NEUR-6A4E43B593C2,DIS-NEUR-048,FND-NEUR-TEMPORALLOBEABNORMAL,present,supportive,Timing and phenotype determine sensitivity of temporal-lobe abnormalities in Childhood absence epilepsy.,Temporal-lobe abnormalities is interpreted against the disease-specific mimics of Childhood absence epilepsy.,condition-specific,condition-specific,Temporal-lobe abnormalities contributes a defined finding pattern to the explicit Childhood absence epilepsy illness script.,The selected Temporal-lobe abnormalities pattern differentiates Childhood absence epilepsy from the competitors in its curation manifest.,true,Step 1; Step 2 CK; Step 3,Neurology; Internal Medicine; Pediatrics; Emergency Medicine,unverified_ai_generated
DNF-NEUR-0E18DE990AF4,DIS-NEUR-049,FND-NEUR-316E24CF8AD2,present,classic,Timing and phenotype determine sensitivity of postictal confusion in Temporal-lobe epilepsy.,Postictal confusion is interpreted against the disease-specific mimics of Temporal-lobe epilepsy.,condition-specific,condition-specific,Postictal confusion contributes a defined finding pattern to the explicit Temporal-lobe epilepsy illness script.,The selected Postictal confusion pattern differentiates Temporal-lobe epilepsy from the competitors in its curation manifest.,true,Step 1; Step 2 CK; Step 3,Neurology; Internal Medicine; Pediatrics; Emergency Medicine,unverified_ai_generated
DNF-NEUR-D5D564C03534,DIS-NEUR-049,FND-NEUR-D1266B0F1533,present,supportive,Timing and phenotype determine sensitivity of lateral tongue biting in Temporal-lobe epilepsy.,Lateral tongue biting is interpreted against the disease-specific mimics of Temporal-lobe epilepsy.,condition-specific,condition-specific,Lateral tongue biting contributes a defined finding pattern to the explicit Temporal-lobe epilepsy illness script.,The selected Lateral tongue biting pattern differentiates Temporal-lobe epilepsy from the competitors in its curation manifest.,true,Step 1; Step 2 CK; Step 3,Neurology; Internal Medicine; Pediatrics; Emergency Medicine,unverified_ai_generated
DNF-NEUR-61D3B825659D,DIS-NEUR-049,FND-NEUR-DEBB25411A88,present,supportive,Timing and phenotype determine sensitivity of three-hertz spike-and-wave in Temporal-lobe epilepsy.,Three-hertz spike-and-wave is interpreted against the disease-specific mimics of Temporal-lobe epilepsy.,condition-specific,condition-specific,Three-hertz spike-and-wave contributes a defined finding pattern to the explicit Temporal-lobe epilepsy illness script.,The selected Three-hertz spike-and-wave pattern differentiates Temporal-lobe epilepsy from the competitors in its curation manifest.,true,Step 1; Step 2 CK; Step 3,Neurology; Internal Medicine; Pediatrics; Emergency Medicine,unverified_ai_generated
DNF-NEUR-5692E92ECE82,DIS-NEUR-049,FND-NEUR-B477B6F977D7,present,supportive,Timing and phenotype determine sensitivity of hypsarrhythmia in Temporal-lobe epilepsy.,Hypsarrhythmia is interpreted against the disease-specific mimics of Temporal-lobe epilepsy.,condition-specific,condition-specific,Hypsarrhythmia contributes a defined finding pattern to the explicit Temporal-lobe epilepsy illness script.,The selected Hypsarrhythmia pattern differentiates Temporal-lobe epilepsy from the competitors in its curation manifest.,true,Step 1; Step 2 CK; Step 3,Neurology; Internal Medicine; Pediatrics; Emergency Medicine,unverified_ai_generated
DNF-NEUR-64942F87FB01,DIS-NEUR-049,FND-NEUR-0183C82D25E7,present,supportive,Timing and phenotype determine sensitivity of todd paralysis in Temporal-lobe epilepsy.,Todd paralysis is interpreted against the disease-specific mimics of Temporal-lobe epilepsy.,condition-specific,condition-specific,Todd paralysis contributes a defined finding pattern to the explicit Temporal-lobe epilepsy illness script.,The selected Todd paralysis pattern differentiates Temporal-lobe epilepsy from the competitors in its curation manifest.,true,Step 1; Step 2 CK; Step 3,Neurology; Internal Medicine; Pediatrics; Emergency Medicine,unverified_ai_generated
DNF-NEUR-1D830672C1D8,DIS-NEUR-049,FND-NEUR-TEMPORALLOBEABNORMAL,present,supportive,Timing and phenotype determine sensitivity of temporal-lobe abnormalities in Temporal-lobe epilepsy.,Temporal-lobe abnormalities is interpreted against the disease-specific mimics of Temporal-lobe epilepsy.,condition-specific,condition-specific,Temporal-lobe abnormalities contributes a defined finding pattern to the explicit Temporal-lobe epilepsy illness script.,The selected Temporal-lobe abnormalities pattern differentiates Temporal-lobe epilepsy from the competitors in its curation manifest.,true,Step 1; Step 2 CK; Step 3,Neurology; Internal Medicine; Pediatrics; Emergency Medicine,unverified_ai_generated
DNF-NEUR-18FC67A958CC,DIS-NEUR-050,FND-NEUR-NEUROFIBRILLARYTANGL,present,classic,Timing and phenotype determine sensitivity of neurofibrillary tangles in Lennox-Gastaut syndrome.,Neurofibrillary tangles is interpreted against the disease-specific mimics of Lennox-Gastaut syndrome.,condition-specific,condition-specific,Neurofibrillary tangles contributes a defined finding pattern to the explicit Lennox-Gastaut syndrome illness script.,The selected Neurofibrillary tangles pattern differentiates Lennox-Gastaut syndrome from the competitors in its curation manifest.,true,Step 1; Step 2 CK; Step 3,Neurology; Internal Medicine; Pediatrics; Emergency Medicine,unverified_ai_generated
DNF-NEUR-19805C40A024,DIS-NEUR-050,FND-NEUR-LEWYBODIES,present,supportive,Timing and phenotype determine sensitivity of lewy bodies in Lennox-Gastaut syndrome.,Lewy bodies is interpreted against the disease-specific mimics of Lennox-Gastaut syndrome.,condition-specific,condition-specific,Lewy bodies contributes a defined finding pattern to the explicit Lennox-Gastaut syndrome illness script.,The selected Lewy bodies pattern differentiates Lennox-Gastaut syndrome from the competitors in its curation manifest.,true,Step 1; Step 2 CK; Step 3,Neurology; Internal Medicine; Pediatrics; Emergency Medicine,unverified_ai_generated
DNF-NEUR-4D27C70A976B,DIS-NEUR-050,FND-NEUR-VENTRICULOMEGALY,present,supportive,Timing and phenotype determine sensitivity of ventriculomegaly in Lennox-Gastaut syndrome.,Ventriculomegaly is interpreted against the disease-specific mimics of Lennox-Gastaut syndrome.,condition-specific,condition-specific,Ventriculomegaly contributes a defined finding pattern to the explicit Lennox-Gastaut syndrome illness script.,The selected Ventriculomegaly pattern differentiates Lennox-Gastaut syndrome from the competitors in its curation manifest.,true,Step 1; Step 2 CK; Step 3,Neurology; Internal Medicine; Pediatrics; Emergency Medicine,unverified_ai_generated
DNF-NEUR-4A3646FBE28E,DIS-NEUR-050,FND-NEUR-9F0545F48A27,present,supportive,Timing and phenotype determine sensitivity of fluctuating attention in Lennox-Gastaut syndrome.,Fluctuating attention is interpreted against the disease-specific mimics of Lennox-Gastaut syndrome.,condition-specific,condition-specific,Fluctuating attention contributes a defined finding pattern to the explicit Lennox-Gastaut syndrome illness script.,The selected Fluctuating attention pattern differentiates Lennox-Gastaut syndrome from the competitors in its curation manifest.,true,Step 1; Step 2 CK; Step 3,Neurology; Internal Medicine; Pediatrics; Emergency Medicine,unverified_ai_generated
DNF-NEUR-35C265A05F4F,DIS-NEUR-050,FND-NEUR-116242E6B543,present,supportive,Timing and phenotype determine sensitivity of visual hallucinations in Lennox-Gastaut syndrome.,Visual hallucinations is interpreted against the disease-specific mimics of Lennox-Gastaut syndrome.,condition-specific,condition-specific,Visual hallucinations contributes a defined finding pattern to the explicit Lennox-Gastaut syndrome illness script.,The selected Visual hallucinations pattern differentiates Lennox-Gastaut syndrome from the competitors in its curation manifest.,true,Step 1; Step 2 CK; Step 3,Neurology; Internal Medicine; Pediatrics; Emergency Medicine,unverified_ai_generated
DNF-NEUR-502DED4FE8A8,DIS-NEUR-051,FND-NEUR-NEUROFIBRILLARYTANGL,present,classic,Timing and phenotype determine sensitivity of neurofibrillary tangles in West syndrome.,Neurofibrillary tangles is interpreted against the disease-specific mimics of West syndrome.,condition-specific,condition-specific,Neurofibrillary tangles contributes a defined finding pattern to the explicit West syndrome illness script.,The selected Neurofibrillary tangles pattern differentiates West syndrome from the competitors in its curation manifest.,true,Step 1; Step 2 CK; Step 3,Neurology; Internal Medicine; Pediatrics; Emergency Medicine,unverified_ai_generated
DNF-NEUR-12D41C5EF9A9,DIS-NEUR-051,FND-NEUR-LEWYBODIES,present,supportive,Timing and phenotype determine sensitivity of lewy bodies in West syndrome.,Lewy bodies is interpreted against the disease-specific mimics of West syndrome.,condition-specific,condition-specific,Lewy bodies contributes a defined finding pattern to the explicit West syndrome illness script.,The selected Lewy bodies pattern differentiates West syndrome from the competitors in its curation manifest.,true,Step 1; Step 2 CK; Step 3,Neurology; Internal Medicine; Pediatrics; Emergency Medicine,unverified_ai_generated
DNF-NEUR-5D2E837E9433,DIS-NEUR-051,FND-NEUR-VENTRICULOMEGALY,present,supportive,Timing and phenotype determine sensitivity of ventriculomegaly in West syndrome.,Ventriculomegaly is interpreted against the disease-specific mimics of West syndrome.,condition-specific,condition-specific,Ventriculomegaly contributes a defined finding pattern to the explicit West syndrome illness script.,The selected Ventriculomegaly pattern differentiates West syndrome from the competitors in its curation manifest.,true,Step 1; Step 2 CK; Step 3,Neurology; Internal Medicine; Pediatrics; Emergency Medicine,unverified_ai_generated
DNF-NEUR-EE753F9AFF79,DIS-NEUR-051,FND-NEUR-9F0545F48A27,present,supportive,Timing and phenotype determine sensitivity of fluctuating attention in West syndrome.,Fluctuating attention is interpreted against the disease-specific mimics of West syndrome.,condition-specific,condition-specific,Fluctuating attention contributes a defined finding pattern to the explicit West syndrome illness script.,The selected Fluctuating attention pattern differentiates West syndrome from the competitors in its curation manifest.,true,Step 1; Step 2 CK; Step 3,Neurology; Internal Medicine; Pediatrics; Emergency Medicine,unverified_ai_generated
DNF-NEUR-B7957F85CEFD,DIS-NEUR-051,FND-NEUR-116242E6B543,present,supportive,Timing and phenotype determine sensitivity of visual hallucinations in West syndrome.,Visual hallucinations is interpreted against the disease-specific mimics of West syndrome.,condition-specific,condition-specific,Visual hallucinations contributes a defined finding pattern to the explicit West syndrome illness script.,The selected Visual hallucinations pattern differentiates West syndrome from the competitors in its curation manifest.,true,Step 1; Step 2 CK; Step 3,Neurology; Internal Medicine; Pediatrics; Emergency Medicine,unverified_ai_generated
DNF-NEUR-D99D4D15956A,DIS-NEUR-052,FND-NEUR-NEUROFIBRILLARYTANGL,present,classic,Timing and phenotype determine sensitivity of neurofibrillary tangles in Dravet syndrome.,Neurofibrillary tangles is interpreted against the disease-specific mimics of Dravet syndrome.,condition-specific,condition-specific,Neurofibrillary tangles contributes a defined finding pattern to the explicit Dravet syndrome illness script.,The selected Neurofibrillary tangles pattern differentiates Dravet syndrome from the competitors in its curation manifest.,true,Step 1; Step 2 CK; Step 3,Neurology; Internal Medicine; Pediatrics; Emergency Medicine,unverified_ai_generated
DNF-NEUR-DC0CBBC2946F,DIS-NEUR-052,FND-NEUR-LEWYBODIES,present,supportive,Timing and phenotype determine sensitivity of lewy bodies in Dravet syndrome.,Lewy bodies is interpreted against the disease-specific mimics of Dravet syndrome.,condition-specific,condition-specific,Lewy bodies contributes a defined finding pattern to the explicit Dravet syndrome illness script.,The selected Lewy bodies pattern differentiates Dravet syndrome from the competitors in its curation manifest.,true,Step 1; Step 2 CK; Step 3,Neurology; Internal Medicine; Pediatrics; Emergency Medicine,unverified_ai_generated
DNF-NEUR-657F08C3F46D,DIS-NEUR-052,FND-NEUR-VENTRICULOMEGALY,present,supportive,Timing and phenotype determine sensitivity of ventriculomegaly in Dravet syndrome.,Ventriculomegaly is interpreted against the disease-specific mimics of Dravet syndrome.,condition-specific,condition-specific,Ventriculomegaly contributes a defined finding pattern to the explicit Dravet syndrome illness script.,The selected Ventriculomegaly pattern differentiates Dravet syndrome from the competitors in its curation manifest.,true,Step 1; Step 2 CK; Step 3,Neurology; Internal Medicine; Pediatrics; Emergency Medicine,unverified_ai_generated
DNF-NEUR-FB9ED5ABD1B9,DIS-NEUR-052,FND-NEUR-9F0545F48A27,present,supportive,Timing and phenotype determine sensitivity of fluctuating attention in Dravet syndrome.,Fluctuating attention is interpreted against the disease-specific mimics of Dravet syndrome.,condition-specific,condition-specific,Fluctuating attention contributes a defined finding pattern to the explicit Dravet syndrome illness script.,The selected Fluctuating attention pattern differentiates Dravet syndrome from the competitors in its curation manifest.,true,Step 1; Step 2 CK; Step 3,Neurology; Internal Medicine; Pediatrics; Emergency Medicine,unverified_ai_generated
DNF-NEUR-B6C6BB45886D,DIS-NEUR-052,FND-NEUR-116242E6B543,present,supportive,Timing and phenotype determine sensitivity of visual hallucinations in Dravet syndrome.,Visual hallucinations is interpreted against the disease-specific mimics of Dravet syndrome.,condition-specific,condition-specific,Visual hallucinations contributes a defined finding pattern to the explicit Dravet syndrome illness script.,The selected Visual hallucinations pattern differentiates Dravet syndrome from the competitors in its curation manifest.,true,Step 1; Step 2 CK; Step 3,Neurology; Internal Medicine; Pediatrics; Emergency Medicine,unverified_ai_generated
DNF-NEUR-BA1BAA4A4E9C,DIS-NEUR-053,FND-NEUR-PAPILLEDEMA,present,classic,Timing and phenotype determine sensitivity of papilledema in Migraine without aura.,Papilledema is interpreted against the disease-specific mimics of Migraine without aura.,condition-specific,condition-specific,Papilledema contributes a defined finding pattern to the explicit Migraine without aura illness script.,The selected Papilledema pattern differentiates Migraine without aura from the competitors in its curation manifest.,true,Step 1; Step 2 CK; Step 3,Neurology; Internal Medicine; Pediatrics; Emergency Medicine,unverified_ai_generated
DNF-NEUR-4C4DD41E63CD,DIS-NEUR-053,FND-NEUR-XANTHOCHROMIA,present,supportive,Timing and phenotype determine sensitivity of xanthochromia in Migraine without aura.,Xanthochromia is interpreted against the disease-specific mimics of Migraine without aura.,condition-specific,condition-specific,Xanthochromia contributes a defined finding pattern to the explicit Migraine without aura illness script.,The selected Xanthochromia pattern differentiates Migraine without aura from the competitors in its curation manifest.,true,Step 1; Step 2 CK; Step 3,Neurology; Internal Medicine; Pediatrics; Emergency Medicine,unverified_ai_generated
DNF-NEUR-5B8EB50B6608,DIS-NEUR-053,FND-NEUR-ELEVATEDOPENINGPRESS,present,supportive,Timing and phenotype determine sensitivity of elevated opening pressure in Migraine without aura.,Elevated opening pressure is interpreted against the disease-specific mimics of Migraine without aura.,condition-specific,condition-specific,Elevated opening pressure contributes a defined finding pattern to the explicit Migraine without aura illness script.,The selected Elevated opening pressure pattern differentiates Migraine without aura from the competitors in its curation manifest.,true,Step 1; Step 2 CK; Step 3,Neurology; Internal Medicine; Pediatrics; Emergency Medicine,unverified_ai_generated
DNF-NEUR-BD2C50B01B4C,DIS-NEUR-053,FND-NEUR-MENINGISMUS,present,supportive,Timing and phenotype determine sensitivity of meningismus in Migraine without aura.,Meningismus is interpreted against the disease-specific mimics of Migraine without aura.,condition-specific,condition-specific,Meningismus contributes a defined finding pattern to the explicit Migraine without aura illness script.,The selected Meningismus pattern differentiates Migraine without aura from the competitors in its curation manifest.,true,Step 1; Step 2 CK; Step 3,Neurology; Internal Medicine; Pediatrics; Emergency Medicine,unverified_ai_generated
DNF-NEUR-D5CD2868242F,DIS-NEUR-054,FND-NEUR-PAPILLEDEMA,present,classic,Timing and phenotype determine sensitivity of papilledema in Migraine with aura.,Papilledema is interpreted against the disease-specific mimics of Migraine with aura.,condition-specific,condition-specific,Papilledema contributes a defined finding pattern to the explicit Migraine with aura illness script.,The selected Papilledema pattern differentiates Migraine with aura from the competitors in its curation manifest.,true,Step 1; Step 2 CK; Step 3,Neurology; Internal Medicine; Pediatrics; Emergency Medicine,unverified_ai_generated
DNF-NEUR-939B73343A2F,DIS-NEUR-054,FND-NEUR-XANTHOCHROMIA,present,supportive,Timing and phenotype determine sensitivity of xanthochromia in Migraine with aura.,Xanthochromia is interpreted against the disease-specific mimics of Migraine with aura.,condition-specific,condition-specific,Xanthochromia contributes a defined finding pattern to the explicit Migraine with aura illness script.,The selected Xanthochromia pattern differentiates Migraine with aura from the competitors in its curation manifest.,true,Step 1; Step 2 CK; Step 3,Neurology; Internal Medicine; Pediatrics; Emergency Medicine,unverified_ai_generated
DNF-NEUR-B077449EA5C9,DIS-NEUR-054,FND-NEUR-ELEVATEDOPENINGPRESS,present,supportive,Timing and phenotype determine sensitivity of elevated opening pressure in Migraine with aura.,Elevated opening pressure is interpreted against the disease-specific mimics of Migraine with aura.,condition-specific,condition-specific,Elevated opening pressure contributes a defined finding pattern to the explicit Migraine with aura illness script.,The selected Elevated opening pressure pattern differentiates Migraine with aura from the competitors in its curation manifest.,true,Step 1; Step 2 CK; Step 3,Neurology; Internal Medicine; Pediatrics; Emergency Medicine,unverified_ai_generated
DNF-NEUR-6721AB80EF7E,DIS-NEUR-054,FND-NEUR-MENINGISMUS,present,supportive,Timing and phenotype determine sensitivity of meningismus in Migraine with aura.,Meningismus is interpreted against the disease-specific mimics of Migraine with aura.,condition-specific,condition-specific,Meningismus contributes a defined finding pattern to the explicit Migraine with aura illness script.,The selected Meningismus pattern differentiates Migraine with aura from the competitors in its curation manifest.,true,Step 1; Step 2 CK; Step 3,Neurology; Internal Medicine; Pediatrics; Emergency Medicine,unverified_ai_generated
DNF-NEUR-C4BC91ADA9A1,DIS-NEUR-055,FND-NEUR-PAPILLEDEMA,present,classic,Timing and phenotype determine sensitivity of papilledema in Hemiplegic migraine.,Papilledema is interpreted against the disease-specific mimics of Hemiplegic migraine.,condition-specific,condition-specific,Papilledema contributes a defined finding pattern to the explicit Hemiplegic migraine illness script.,The selected Papilledema pattern differentiates Hemiplegic migraine from the competitors in its curation manifest.,true,Step 1; Step 2 CK; Step 3,Neurology; Internal Medicine; Pediatrics; Emergency Medicine,unverified_ai_generated
DNF-NEUR-FD39E736057F,DIS-NEUR-055,FND-NEUR-XANTHOCHROMIA,present,supportive,Timing and phenotype determine sensitivity of xanthochromia in Hemiplegic migraine.,Xanthochromia is interpreted against the disease-specific mimics of Hemiplegic migraine.,condition-specific,condition-specific,Xanthochromia contributes a defined finding pattern to the explicit Hemiplegic migraine illness script.,The selected Xanthochromia pattern differentiates Hemiplegic migraine from the competitors in its curation manifest.,true,Step 1; Step 2 CK; Step 3,Neurology; Internal Medicine; Pediatrics; Emergency Medicine,unverified_ai_generated
DNF-NEUR-28031CE058BD,DIS-NEUR-055,FND-NEUR-ELEVATEDOPENINGPRESS,present,supportive,Timing and phenotype determine sensitivity of elevated opening pressure in Hemiplegic migraine.,Elevated opening pressure is interpreted against the disease-specific mimics of Hemiplegic migraine.,condition-specific,condition-specific,Elevated opening pressure contributes a defined finding pattern to the explicit Hemiplegic migraine illness script.,The selected Elevated opening pressure pattern differentiates Hemiplegic migraine from the competitors in its curation manifest.,true,Step 1; Step 2 CK; Step 3,Neurology; Internal Medicine; Pediatrics; Emergency Medicine,unverified_ai_generated
DNF-NEUR-3AEAB384FD70,DIS-NEUR-055,FND-NEUR-MENINGISMUS,present,supportive,Timing and phenotype determine sensitivity of meningismus in Hemiplegic migraine.,Meningismus is interpreted against the disease-specific mimics of Hemiplegic migraine.,condition-specific,condition-specific,Meningismus contributes a defined finding pattern to the explicit Hemiplegic migraine illness script.,The selected Meningismus pattern differentiates Hemiplegic migraine from the competitors in its curation manifest.,true,Step 1; Step 2 CK; Step 3,Neurology; Internal Medicine; Pediatrics; Emergency Medicine,unverified_ai_generated
DNF-NEUR-CBE74358F13E,DIS-NEUR-056,FND-NEUR-PAPILLEDEMA,present,classic,Timing and phenotype determine sensitivity of papilledema in Cluster headache.,Papilledema is interpreted against the disease-specific mimics of Cluster headache.,condition-specific,condition-specific,Papilledema contributes a defined finding pattern to the explicit Cluster headache illness script.,The selected Papilledema pattern differentiates Cluster headache from the competitors in its curation manifest.,true,Step 1; Step 2 CK; Step 3,Neurology; Internal Medicine; Pediatrics; Emergency Medicine,unverified_ai_generated
DNF-NEUR-E0F44C3C6672,DIS-NEUR-056,FND-NEUR-XANTHOCHROMIA,present,supportive,Timing and phenotype determine sensitivity of xanthochromia in Cluster headache.,Xanthochromia is interpreted against the disease-specific mimics of Cluster headache.,condition-specific,condition-specific,Xanthochromia contributes a defined finding pattern to the explicit Cluster headache illness script.,The selected Xanthochromia pattern differentiates Cluster headache from the competitors in its curation manifest.,true,Step 1; Step 2 CK; Step 3,Neurology; Internal Medicine; Pediatrics; Emergency Medicine,unverified_ai_generated
DNF-NEUR-C318250C6563,DIS-NEUR-056,FND-NEUR-ELEVATEDOPENINGPRESS,present,supportive,Timing and phenotype determine sensitivity of elevated opening pressure in Cluster headache.,Elevated opening pressure is interpreted against the disease-specific mimics of Cluster headache.,condition-specific,condition-specific,Elevated opening pressure contributes a defined finding pattern to the explicit Cluster headache illness script.,The selected Elevated opening pressure pattern differentiates Cluster headache from the competitors in its curation manifest.,true,Step 1; Step 2 CK; Step 3,Neurology; Internal Medicine; Pediatrics; Emergency Medicine,unverified_ai_generated
DNF-NEUR-5B62AB5ED5FE,DIS-NEUR-056,FND-NEUR-MENINGISMUS,present,supportive,Timing and phenotype determine sensitivity of meningismus in Cluster headache.,Meningismus is interpreted against the disease-specific mimics of Cluster headache.,condition-specific,condition-specific,Meningismus contributes a defined finding pattern to the explicit Cluster headache illness script.,The selected Meningismus pattern differentiates Cluster headache from the competitors in its curation manifest.,true,Step 1; Step 2 CK; Step 3,Neurology; Internal Medicine; Pediatrics; Emergency Medicine,unverified_ai_generated
DNF-NEUR-9F7F906DFD49,DIS-NEUR-057,FND-NEUR-PAPILLEDEMA,present,classic,Timing and phenotype determine sensitivity of papilledema in Trigeminal neuralgia.,Papilledema is interpreted against the disease-specific mimics of Trigeminal neuralgia.,condition-specific,condition-specific,Papilledema contributes a defined finding pattern to the explicit Trigeminal neuralgia illness script.,The selected Papilledema pattern differentiates Trigeminal neuralgia from the competitors in its curation manifest.,true,Step 1; Step 2 CK; Step 3,Neurology; Internal Medicine; Pediatrics; Emergency Medicine,unverified_ai_generated
DNF-NEUR-8BF050BBEADD,DIS-NEUR-057,FND-NEUR-XANTHOCHROMIA,present,supportive,Timing and phenotype determine sensitivity of xanthochromia in Trigeminal neuralgia.,Xanthochromia is interpreted against the disease-specific mimics of Trigeminal neuralgia.,condition-specific,condition-specific,Xanthochromia contributes a defined finding pattern to the explicit Trigeminal neuralgia illness script.,The selected Xanthochromia pattern differentiates Trigeminal neuralgia from the competitors in its curation manifest.,true,Step 1; Step 2 CK; Step 3,Neurology; Internal Medicine; Pediatrics; Emergency Medicine,unverified_ai_generated
DNF-NEUR-AF7535DF148F,DIS-NEUR-057,FND-NEUR-ELEVATEDOPENINGPRESS,present,supportive,Timing and phenotype determine sensitivity of elevated opening pressure in Trigeminal neuralgia.,Elevated opening pressure is interpreted against the disease-specific mimics of Trigeminal neuralgia.,condition-specific,condition-specific,Elevated opening pressure contributes a defined finding pattern to the explicit Trigeminal neuralgia illness script.,The selected Elevated opening pressure pattern differentiates Trigeminal neuralgia from the competitors in its curation manifest.,true,Step 1; Step 2 CK; Step 3,Neurology; Internal Medicine; Pediatrics; Emergency Medicine,unverified_ai_generated
DNF-NEUR-64A15AD8802F,DIS-NEUR-057,FND-NEUR-MENINGISMUS,present,supportive,Timing and phenotype determine sensitivity of meningismus in Trigeminal neuralgia.,Meningismus is interpreted against the disease-specific mimics of Trigeminal neuralgia.,condition-specific,condition-specific,Meningismus contributes a defined finding pattern to the explicit Trigeminal neuralgia illness script.,The selected Meningismus pattern differentiates Trigeminal neuralgia from the competitors in its curation manifest.,true,Step 1; Step 2 CK; Step 3,Neurology; Internal Medicine; Pediatrics; Emergency Medicine,unverified_ai_generated
DNF-NEUR-C80A7B8356B8,DIS-NEUR-058,FND-NEUR-NEUROFIBRILLARYTANGL,present,classic,Timing and phenotype determine sensitivity of neurofibrillary tangles in Idiopathic intracranial hypertension.,Neurofibrillary tangles is interpreted against the disease-specific mimics of Idiopathic intracranial hypertension.,condition-specific,condition-specific,Neurofibrillary tangles contributes a defined finding pattern to the explicit Idiopathic intracranial hypertension illness script.,The selected Neurofibrillary tangles pattern differentiates Idiopathic intracranial hypertension from the competitors in its curation manifest.,true,Step 1; Step 2 CK; Step 3,Neurology; Internal Medicine; Pediatrics; Emergency Medicine,unverified_ai_generated
DNF-NEUR-D8E03B82D5E6,DIS-NEUR-058,FND-NEUR-LEWYBODIES,present,supportive,Timing and phenotype determine sensitivity of lewy bodies in Idiopathic intracranial hypertension.,Lewy bodies is interpreted against the disease-specific mimics of Idiopathic intracranial hypertension.,condition-specific,condition-specific,Lewy bodies contributes a defined finding pattern to the explicit Idiopathic intracranial hypertension illness script.,The selected Lewy bodies pattern differentiates Idiopathic intracranial hypertension from the competitors in its curation manifest.,true,Step 1; Step 2 CK; Step 3,Neurology; Internal Medicine; Pediatrics; Emergency Medicine,unverified_ai_generated
DNF-NEUR-9CE68815696C,DIS-NEUR-058,FND-NEUR-VENTRICULOMEGALY,present,supportive,Timing and phenotype determine sensitivity of ventriculomegaly in Idiopathic intracranial hypertension.,Ventriculomegaly is interpreted against the disease-specific mimics of Idiopathic intracranial hypertension.,condition-specific,condition-specific,Ventriculomegaly contributes a defined finding pattern to the explicit Idiopathic intracranial hypertension illness script.,The selected Ventriculomegaly pattern differentiates Idiopathic intracranial hypertension from the competitors in its curation manifest.,true,Step 1; Step 2 CK; Step 3,Neurology; Internal Medicine; Pediatrics; Emergency Medicine,unverified_ai_generated
DNF-NEUR-073C59AD6B4C,DIS-NEUR-058,FND-NEUR-9F0545F48A27,present,supportive,Timing and phenotype determine sensitivity of fluctuating attention in Idiopathic intracranial hypertension.,Fluctuating attention is interpreted against the disease-specific mimics of Idiopathic intracranial hypertension.,condition-specific,condition-specific,Fluctuating attention contributes a defined finding pattern to the explicit Idiopathic intracranial hypertension illness script.,The selected Fluctuating attention pattern differentiates Idiopathic intracranial hypertension from the competitors in its curation manifest.,true,Step 1; Step 2 CK; Step 3,Neurology; Internal Medicine; Pediatrics; Emergency Medicine,unverified_ai_generated
DNF-NEUR-CE6E9E9F643B,DIS-NEUR-059,FND-NEUR-PAPILLEDEMA,present,classic,Timing and phenotype determine sensitivity of papilledema in Intracranial hypotension.,Papilledema is interpreted against the disease-specific mimics of Intracranial hypotension.,condition-specific,condition-specific,Papilledema contributes a defined finding pattern to the explicit Intracranial hypotension illness script.,The selected Papilledema pattern differentiates Intracranial hypotension from the competitors in its curation manifest.,true,Step 1; Step 2 CK; Step 3,Neurology; Internal Medicine; Pediatrics; Emergency Medicine,unverified_ai_generated
DNF-NEUR-DD91BB30DD71,DIS-NEUR-059,FND-NEUR-XANTHOCHROMIA,present,supportive,Timing and phenotype determine sensitivity of xanthochromia in Intracranial hypotension.,Xanthochromia is interpreted against the disease-specific mimics of Intracranial hypotension.,condition-specific,condition-specific,Xanthochromia contributes a defined finding pattern to the explicit Intracranial hypotension illness script.,The selected Xanthochromia pattern differentiates Intracranial hypotension from the competitors in its curation manifest.,true,Step 1; Step 2 CK; Step 3,Neurology; Internal Medicine; Pediatrics; Emergency Medicine,unverified_ai_generated
DNF-NEUR-F641D525B8F9,DIS-NEUR-059,FND-NEUR-ELEVATEDOPENINGPRESS,present,supportive,Timing and phenotype determine sensitivity of elevated opening pressure in Intracranial hypotension.,Elevated opening pressure is interpreted against the disease-specific mimics of Intracranial hypotension.,condition-specific,condition-specific,Elevated opening pressure contributes a defined finding pattern to the explicit Intracranial hypotension illness script.,The selected Elevated opening pressure pattern differentiates Intracranial hypotension from the competitors in its curation manifest.,true,Step 1; Step 2 CK; Step 3,Neurology; Internal Medicine; Pediatrics; Emergency Medicine,unverified_ai_generated
DNF-NEUR-87246D80BDA9,DIS-NEUR-059,FND-NEUR-MENINGISMUS,present,supportive,Timing and phenotype determine sensitivity of meningismus in Intracranial hypotension.,Meningismus is interpreted against the disease-specific mimics of Intracranial hypotension.,condition-specific,condition-specific,Meningismus contributes a defined finding pattern to the explicit Intracranial hypotension illness script.,The selected Meningismus pattern differentiates Intracranial hypotension from the competitors in its curation manifest.,true,Step 1; Step 2 CK; Step 3,Neurology; Internal Medicine; Pediatrics; Emergency Medicine,unverified_ai_generated
DNF-NEUR-04A0F7E009CC,DIS-NEUR-061,FND-NEUR-PAPILLEDEMA,present,classic,Timing and phenotype determine sensitivity of papilledema in Post-dural-puncture headache.,Papilledema is interpreted against the disease-specific mimics of Post-dural-puncture headache.,condition-specific,condition-specific,Papilledema contributes a defined finding pattern to the explicit Post-dural-puncture headache illness script.,The selected Papilledema pattern differentiates Post-dural-puncture headache from the competitors in its curation manifest.,true,Step 1; Step 2 CK; Step 3,Neurology; Internal Medicine; Pediatrics; Emergency Medicine,unverified_ai_generated
DNF-NEUR-0B889D8B0D83,DIS-NEUR-061,FND-NEUR-XANTHOCHROMIA,present,supportive,Timing and phenotype determine sensitivity of xanthochromia in Post-dural-puncture headache.,Xanthochromia is interpreted against the disease-specific mimics of Post-dural-puncture headache.,condition-specific,condition-specific,Xanthochromia contributes a defined finding pattern to the explicit Post-dural-puncture headache illness script.,The selected Xanthochromia pattern differentiates Post-dural-puncture headache from the competitors in its curation manifest.,true,Step 1; Step 2 CK; Step 3,Neurology; Internal Medicine; Pediatrics; Emergency Medicine,unverified_ai_generated
DNF-NEUR-EEA3FB0D098F,DIS-NEUR-061,FND-NEUR-ELEVATEDOPENINGPRESS,present,supportive,Timing and phenotype determine sensitivity of elevated opening pressure in Post-dural-puncture headache.,Elevated opening pressure is interpreted against the disease-specific mimics of Post-dural-puncture headache.,condition-specific,condition-specific,Elevated opening pressure contributes a defined finding pattern to the explicit Post-dural-puncture headache illness script.,The selected Elevated opening pressure pattern differentiates Post-dural-puncture headache from the competitors in its curation manifest.,true,Step 1; Step 2 CK; Step 3,Neurology; Internal Medicine; Pediatrics; Emergency Medicine,unverified_ai_generated
DNF-NEUR-F5CCAEC71755,DIS-NEUR-061,FND-NEUR-MENINGISMUS,present,supportive,Timing and phenotype determine sensitivity of meningismus in Post-dural-puncture headache.,Meningismus is interpreted against the disease-specific mimics of Post-dural-puncture headache.,condition-specific,condition-specific,Meningismus contributes a defined finding pattern to the explicit Post-dural-puncture headache illness script.,The selected Meningismus pattern differentiates Post-dural-puncture headache from the competitors in its curation manifest.,true,Step 1; Step 2 CK; Step 3,Neurology; Internal Medicine; Pediatrics; Emergency Medicine,unverified_ai_generated
DNF-NEUR-D0E64EFE49EF,DIS-NEUR-062,FND-NEUR-MENINGISMUS,present,classic,Timing and phenotype determine sensitivity of meningismus in Acute bacterial meningitis.,Meningismus is interpreted against the disease-specific mimics of Acute bacterial meningitis.,condition-specific,condition-specific,Meningismus contributes a defined finding pattern to the explicit Acute bacterial meningitis illness script.,The selected Meningismus pattern differentiates Acute bacterial meningitis from the competitors in its curation manifest.,true,Step 1; Step 2 CK; Step 3,Neurology; Internal Medicine; Pediatrics; Emergency Medicine,unverified_ai_generated
DNF-NEUR-AE3AC6032360,DIS-NEUR-062,FND-NEUR-NEUTROPHILICCSF,present,supportive,Timing and phenotype determine sensitivity of neutrophilic csf in Acute bacterial meningitis.,Neutrophilic CSF is interpreted against the disease-specific mimics of Acute bacterial meningitis.,condition-specific,condition-specific,Neutrophilic CSF contributes a defined finding pattern to the explicit Acute bacterial meningitis illness script.,The selected Neutrophilic CSF pattern differentiates Acute bacterial meningitis from the competitors in its curation manifest.,true,Step 1; Step 2 CK; Step 3,Neurology; Internal Medicine; Pediatrics; Emergency Medicine,unverified_ai_generated
DNF-NEUR-498408D08D4C,DIS-NEUR-062,FND-NEUR-LYMPHOCYTICCSF,present,supportive,Timing and phenotype determine sensitivity of lymphocytic csf in Acute bacterial meningitis.,Lymphocytic CSF is interpreted against the disease-specific mimics of Acute bacterial meningitis.,condition-specific,condition-specific,Lymphocytic CSF contributes a defined finding pattern to the explicit Acute bacterial meningitis illness script.,The selected Lymphocytic CSF pattern differentiates Acute bacterial meningitis from the competitors in its curation manifest.,true,Step 1; Step 2 CK; Step 3,Neurology; Internal Medicine; Pediatrics; Emergency Medicine,unverified_ai_generated
DNF-NEUR-C6B45DB02B8F,DIS-NEUR-062,FND-NEUR-LOWCSFGLUCOSE,present,supportive,Timing and phenotype determine sensitivity of low csf glucose in Acute bacterial meningitis.,Low CSF glucose is interpreted against the disease-specific mimics of Acute bacterial meningitis.,condition-specific,condition-specific,Low CSF glucose contributes a defined finding pattern to the explicit Acute bacterial meningitis illness script.,The selected Low CSF glucose pattern differentiates Acute bacterial meningitis from the competitors in its curation manifest.,true,Step 1; Step 2 CK; Step 3,Neurology; Internal Medicine; Pediatrics; Emergency Medicine,unverified_ai_generated
DNF-NEUR-1A6FCE381961,DIS-NEUR-062,FND-NEUR-TEMPORALLOBEABNORMAL,present,supportive,Timing and phenotype determine sensitivity of temporal-lobe abnormalities in Acute bacterial meningitis.,Temporal-lobe abnormalities is interpreted against the disease-specific mimics of Acute bacterial meningitis.,condition-specific,condition-specific,Temporal-lobe abnormalities contributes a defined finding pattern to the explicit Acute bacterial meningitis illness script.,The selected Temporal-lobe abnormalities pattern differentiates Acute bacterial meningitis from the competitors in its curation manifest.,true,Step 1; Step 2 CK; Step 3,Neurology; Internal Medicine; Pediatrics; Emergency Medicine,unverified_ai_generated
DNF-NEUR-72BCF486FECD,DIS-NEUR-062,FND-NEUR-ELEVATEDOPENINGPRESS,present,supportive,Timing and phenotype determine sensitivity of elevated opening pressure in Acute bacterial meningitis.,Elevated opening pressure is interpreted against the disease-specific mimics of Acute bacterial meningitis.,condition-specific,condition-specific,Elevated opening pressure contributes a defined finding pattern to the explicit Acute bacterial meningitis illness script.,The selected Elevated opening pressure pattern differentiates Acute bacterial meningitis from the competitors in its curation manifest.,true,Step 1; Step 2 CK; Step 3,Neurology; Internal Medicine; Pediatrics; Emergency Medicine,unverified_ai_generated
DNF-NEUR-A4EF5CB3F7E1,DIS-NEUR-063,FND-NEUR-MENINGISMUS,present,classic,Timing and phenotype determine sensitivity of meningismus in Viral meningitis.,Meningismus is interpreted against the disease-specific mimics of Viral meningitis.,condition-specific,condition-specific,Meningismus contributes a defined finding pattern to the explicit Viral meningitis illness script.,The selected Meningismus pattern differentiates Viral meningitis from the competitors in its curation manifest.,true,Step 1; Step 2 CK; Step 3,Neurology; Internal Medicine; Pediatrics; Emergency Medicine,unverified_ai_generated
DNF-NEUR-34797729A10A,DIS-NEUR-063,FND-NEUR-NEUTROPHILICCSF,present,supportive,Timing and phenotype determine sensitivity of neutrophilic csf in Viral meningitis.,Neutrophilic CSF is interpreted against the disease-specific mimics of Viral meningitis.,condition-specific,condition-specific,Neutrophilic CSF contributes a defined finding pattern to the explicit Viral meningitis illness script.,The selected Neutrophilic CSF pattern differentiates Viral meningitis from the competitors in its curation manifest.,true,Step 1; Step 2 CK; Step 3,Neurology; Internal Medicine; Pediatrics; Emergency Medicine,unverified_ai_generated
DNF-NEUR-D8298CC813A1,DIS-NEUR-063,FND-NEUR-LYMPHOCYTICCSF,present,supportive,Timing and phenotype determine sensitivity of lymphocytic csf in Viral meningitis.,Lymphocytic CSF is interpreted against the disease-specific mimics of Viral meningitis.,condition-specific,condition-specific,Lymphocytic CSF contributes a defined finding pattern to the explicit Viral meningitis illness script.,The selected Lymphocytic CSF pattern differentiates Viral meningitis from the competitors in its curation manifest.,true,Step 1; Step 2 CK; Step 3,Neurology; Internal Medicine; Pediatrics; Emergency Medicine,unverified_ai_generated
DNF-NEUR-A3B82E354412,DIS-NEUR-063,FND-NEUR-LOWCSFGLUCOSE,present,supportive,Timing and phenotype determine sensitivity of low csf glucose in Viral meningitis.,Low CSF glucose is interpreted against the disease-specific mimics of Viral meningitis.,condition-specific,condition-specific,Low CSF glucose contributes a defined finding pattern to the explicit Viral meningitis illness script.,The selected Low CSF glucose pattern differentiates Viral meningitis from the competitors in its curation manifest.,true,Step 1; Step 2 CK; Step 3,Neurology; Internal Medicine; Pediatrics; Emergency Medicine,unverified_ai_generated
DNF-NEUR-63F2BA1632FA,DIS-NEUR-063,FND-NEUR-TEMPORALLOBEABNORMAL,present,supportive,Timing and phenotype determine sensitivity of temporal-lobe abnormalities in Viral meningitis.,Temporal-lobe abnormalities is interpreted against the disease-specific mimics of Viral meningitis.,condition-specific,condition-specific,Temporal-lobe abnormalities contributes a defined finding pattern to the explicit Viral meningitis illness script.,The selected Temporal-lobe abnormalities pattern differentiates Viral meningitis from the competitors in its curation manifest.,true,Step 1; Step 2 CK; Step 3,Neurology; Internal Medicine; Pediatrics; Emergency Medicine,unverified_ai_generated
DNF-NEUR-2FF09D714667,DIS-NEUR-063,FND-NEUR-ELEVATEDOPENINGPRESS,present,supportive,Timing and phenotype determine sensitivity of elevated opening pressure in Viral meningitis.,Elevated opening pressure is interpreted against the disease-specific mimics of Viral meningitis.,condition-specific,condition-specific,Elevated opening pressure contributes a defined finding pattern to the explicit Viral meningitis illness script.,The selected Elevated opening pressure pattern differentiates Viral meningitis from the competitors in its curation manifest.,true,Step 1; Step 2 CK; Step 3,Neurology; Internal Medicine; Pediatrics; Emergency Medicine,unverified_ai_generated
DNF-NEUR-D63173875C78,DIS-NEUR-064,FND-NEUR-MENINGISMUS,present,classic,Timing and phenotype determine sensitivity of meningismus in Tuberculous meningitis.,Meningismus is interpreted against the disease-specific mimics of Tuberculous meningitis.,condition-specific,condition-specific,Meningismus contributes a defined finding pattern to the explicit Tuberculous meningitis illness script.,The selected Meningismus pattern differentiates Tuberculous meningitis from the competitors in its curation manifest.,true,Step 1; Step 2 CK; Step 3,Neurology; Internal Medicine; Pediatrics; Emergency Medicine,unverified_ai_generated
DNF-NEUR-2C54317647C8,DIS-NEUR-064,FND-NEUR-NEUTROPHILICCSF,present,supportive,Timing and phenotype determine sensitivity of neutrophilic csf in Tuberculous meningitis.,Neutrophilic CSF is interpreted against the disease-specific mimics of Tuberculous meningitis.,condition-specific,condition-specific,Neutrophilic CSF contributes a defined finding pattern to the explicit Tuberculous meningitis illness script.,The selected Neutrophilic CSF pattern differentiates Tuberculous meningitis from the competitors in its curation manifest.,true,Step 1; Step 2 CK; Step 3,Neurology; Internal Medicine; Pediatrics; Emergency Medicine,unverified_ai_generated
DNF-NEUR-64DE89AF2482,DIS-NEUR-064,FND-NEUR-LYMPHOCYTICCSF,present,supportive,Timing and phenotype determine sensitivity of lymphocytic csf in Tuberculous meningitis.,Lymphocytic CSF is interpreted against the disease-specific mimics of Tuberculous meningitis.,condition-specific,condition-specific,Lymphocytic CSF contributes a defined finding pattern to the explicit Tuberculous meningitis illness script.,The selected Lymphocytic CSF pattern differentiates Tuberculous meningitis from the competitors in its curation manifest.,true,Step 1; Step 2 CK; Step 3,Neurology; Internal Medicine; Pediatrics; Emergency Medicine,unverified_ai_generated
DNF-NEUR-1A5E7E17CB08,DIS-NEUR-064,FND-NEUR-LOWCSFGLUCOSE,present,supportive,Timing and phenotype determine sensitivity of low csf glucose in Tuberculous meningitis.,Low CSF glucose is interpreted against the disease-specific mimics of Tuberculous meningitis.,condition-specific,condition-specific,Low CSF glucose contributes a defined finding pattern to the explicit Tuberculous meningitis illness script.,The selected Low CSF glucose pattern differentiates Tuberculous meningitis from the competitors in its curation manifest.,true,Step 1; Step 2 CK; Step 3,Neurology; Internal Medicine; Pediatrics; Emergency Medicine,unverified_ai_generated
DNF-NEUR-716D044F3DB0,DIS-NEUR-064,FND-NEUR-TEMPORALLOBEABNORMAL,present,supportive,Timing and phenotype determine sensitivity of temporal-lobe abnormalities in Tuberculous meningitis.,Temporal-lobe abnormalities is interpreted against the disease-specific mimics of Tuberculous meningitis.,condition-specific,condition-specific,Temporal-lobe abnormalities contributes a defined finding pattern to the explicit Tuberculous meningitis illness script.,The selected Temporal-lobe abnormalities pattern differentiates Tuberculous meningitis from the competitors in its curation manifest.,true,Step 1; Step 2 CK; Step 3,Neurology; Internal Medicine; Pediatrics; Emergency Medicine,unverified_ai_generated
DNF-NEUR-E9453869D497,DIS-NEUR-064,FND-NEUR-ELEVATEDOPENINGPRESS,present,supportive,Timing and phenotype determine sensitivity of elevated opening pressure in Tuberculous meningitis.,Elevated opening pressure is interpreted against the disease-specific mimics of Tuberculous meningitis.,condition-specific,condition-specific,Elevated opening pressure contributes a defined finding pattern to the explicit Tuberculous meningitis illness script.,The selected Elevated opening pressure pattern differentiates Tuberculous meningitis from the competitors in its curation manifest.,true,Step 1; Step 2 CK; Step 3,Neurology; Internal Medicine; Pediatrics; Emergency Medicine,unverified_ai_generated
DNF-NEUR-9EB3067D2A97,DIS-NEUR-065,FND-NEUR-MENINGISMUS,present,classic,Timing and phenotype determine sensitivity of meningismus in Cryptococcal meningitis.,Meningismus is interpreted against the disease-specific mimics of Cryptococcal meningitis.,condition-specific,condition-specific,Meningismus contributes a defined finding pattern to the explicit Cryptococcal meningitis illness script.,The selected Meningismus pattern differentiates Cryptococcal meningitis from the competitors in its curation manifest.,true,Step 1; Step 2 CK; Step 3,Neurology; Internal Medicine; Pediatrics; Emergency Medicine,unverified_ai_generated
DNF-NEUR-8136DB541F21,DIS-NEUR-065,FND-NEUR-NEUTROPHILICCSF,present,supportive,Timing and phenotype determine sensitivity of neutrophilic csf in Cryptococcal meningitis.,Neutrophilic CSF is interpreted against the disease-specific mimics of Cryptococcal meningitis.,condition-specific,condition-specific,Neutrophilic CSF contributes a defined finding pattern to the explicit Cryptococcal meningitis illness script.,The selected Neutrophilic CSF pattern differentiates Cryptococcal meningitis from the competitors in its curation manifest.,true,Step 1; Step 2 CK; Step 3,Neurology; Internal Medicine; Pediatrics; Emergency Medicine,unverified_ai_generated
DNF-NEUR-6401769A0012,DIS-NEUR-065,FND-NEUR-LYMPHOCYTICCSF,present,supportive,Timing and phenotype determine sensitivity of lymphocytic csf in Cryptococcal meningitis.,Lymphocytic CSF is interpreted against the disease-specific mimics of Cryptococcal meningitis.,condition-specific,condition-specific,Lymphocytic CSF contributes a defined finding pattern to the explicit Cryptococcal meningitis illness script.,The selected Lymphocytic CSF pattern differentiates Cryptococcal meningitis from the competitors in its curation manifest.,true,Step 1; Step 2 CK; Step 3,Neurology; Internal Medicine; Pediatrics; Emergency Medicine,unverified_ai_generated
DNF-NEUR-7BB9136F10E6,DIS-NEUR-065,FND-NEUR-LOWCSFGLUCOSE,present,supportive,Timing and phenotype determine sensitivity of low csf glucose in Cryptococcal meningitis.,Low CSF glucose is interpreted against the disease-specific mimics of Cryptococcal meningitis.,condition-specific,condition-specific,Low CSF glucose contributes a defined finding pattern to the explicit Cryptococcal meningitis illness script.,The selected Low CSF glucose pattern differentiates Cryptococcal meningitis from the competitors in its curation manifest.,true,Step 1; Step 2 CK; Step 3,Neurology; Internal Medicine; Pediatrics; Emergency Medicine,unverified_ai_generated
DNF-NEUR-A9D0B1FAF9D2,DIS-NEUR-065,FND-NEUR-TEMPORALLOBEABNORMAL,present,supportive,Timing and phenotype determine sensitivity of temporal-lobe abnormalities in Cryptococcal meningitis.,Temporal-lobe abnormalities is interpreted against the disease-specific mimics of Cryptococcal meningitis.,condition-specific,condition-specific,Temporal-lobe abnormalities contributes a defined finding pattern to the explicit Cryptococcal meningitis illness script.,The selected Temporal-lobe abnormalities pattern differentiates Cryptococcal meningitis from the competitors in its curation manifest.,true,Step 1; Step 2 CK; Step 3,Neurology; Internal Medicine; Pediatrics; Emergency Medicine,unverified_ai_generated
DNF-NEUR-05DA0E11C1E1,DIS-NEUR-065,FND-NEUR-ELEVATEDOPENINGPRESS,present,supportive,Timing and phenotype determine sensitivity of elevated opening pressure in Cryptococcal meningitis.,Elevated opening pressure is interpreted against the disease-specific mimics of Cryptococcal meningitis.,condition-specific,condition-specific,Elevated opening pressure contributes a defined finding pattern to the explicit Cryptococcal meningitis illness script.,The selected Elevated opening pressure pattern differentiates Cryptococcal meningitis from the competitors in its curation manifest.,true,Step 1; Step 2 CK; Step 3,Neurology; Internal Medicine; Pediatrics; Emergency Medicine,unverified_ai_generated
DNF-NEUR-61AB9A99C877,DIS-N-0064,FND-NEUR-MENINGISMUS,present,classic,Timing and phenotype determine sensitivity of meningismus in Encephalitis.,Meningismus is interpreted against the disease-specific mimics of Encephalitis.,condition-specific,condition-specific,Meningismus contributes a defined finding pattern to the explicit Encephalitis illness script.,The selected Meningismus pattern differentiates Encephalitis from the competitors in its curation manifest.,true,Step 1; Step 2 CK; Step 3,Neurology; Internal Medicine; Pediatrics; Emergency Medicine,unverified_ai_generated
DNF-NEUR-D406216A6652,DIS-N-0064,FND-NEUR-NEUTROPHILICCSF,present,supportive,Timing and phenotype determine sensitivity of neutrophilic csf in Encephalitis.,Neutrophilic CSF is interpreted against the disease-specific mimics of Encephalitis.,condition-specific,condition-specific,Neutrophilic CSF contributes a defined finding pattern to the explicit Encephalitis illness script.,The selected Neutrophilic CSF pattern differentiates Encephalitis from the competitors in its curation manifest.,true,Step 1; Step 2 CK; Step 3,Neurology; Internal Medicine; Pediatrics; Emergency Medicine,unverified_ai_generated
DNF-NEUR-6AB05054DA6F,DIS-N-0064,FND-NEUR-LYMPHOCYTICCSF,present,supportive,Timing and phenotype determine sensitivity of lymphocytic csf in Encephalitis.,Lymphocytic CSF is interpreted against the disease-specific mimics of Encephalitis.,condition-specific,condition-specific,Lymphocytic CSF contributes a defined finding pattern to the explicit Encephalitis illness script.,The selected Lymphocytic CSF pattern differentiates Encephalitis from the competitors in its curation manifest.,true,Step 1; Step 2 CK; Step 3,Neurology; Internal Medicine; Pediatrics; Emergency Medicine,unverified_ai_generated
DNF-NEUR-AE275E71FF9E,DIS-N-0064,FND-NEUR-LOWCSFGLUCOSE,present,supportive,Timing and phenotype determine sensitivity of low csf glucose in Encephalitis.,Low CSF glucose is interpreted against the disease-specific mimics of Encephalitis.,condition-specific,condition-specific,Low CSF glucose contributes a defined finding pattern to the explicit Encephalitis illness script.,The selected Low CSF glucose pattern differentiates Encephalitis from the competitors in its curation manifest.,true,Step 1; Step 2 CK; Step 3,Neurology; Internal Medicine; Pediatrics; Emergency Medicine,unverified_ai_generated
DNF-NEUR-A04121F1BCC9,DIS-N-0064,FND-NEUR-TEMPORALLOBEABNORMAL,present,supportive,Timing and phenotype determine sensitivity of temporal-lobe abnormalities in Encephalitis.,Temporal-lobe abnormalities is interpreted against the disease-specific mimics of Encephalitis.,condition-specific,condition-specific,Temporal-lobe abnormalities contributes a defined finding pattern to the explicit Encephalitis illness script.,The selected Temporal-lobe abnormalities pattern differentiates Encephalitis from the competitors in its curation manifest.,true,Step 1; Step 2 CK; Step 3,Neurology; Internal Medicine; Pediatrics; Emergency Medicine,unverified_ai_generated
DNF-NEUR-52EAD1A3646C,DIS-N-0064,FND-NEUR-ELEVATEDOPENINGPRESS,present,supportive,Timing and phenotype determine sensitivity of elevated opening pressure in Encephalitis.,Elevated opening pressure is interpreted against the disease-specific mimics of Encephalitis.,condition-specific,condition-specific,Elevated opening pressure contributes a defined finding pattern to the explicit Encephalitis illness script.,The selected Elevated opening pressure pattern differentiates Encephalitis from the competitors in its curation manifest.,true,Step 1; Step 2 CK; Step 3,Neurology; Internal Medicine; Pediatrics; Emergency Medicine,unverified_ai_generated
DNF-NEUR-5F1F5D6B13B1,DIS-NEUR-067,FND-NEUR-TEMPORALLOBEABNORMAL,present,classic,Timing and phenotype determine sensitivity of temporal-lobe abnormalities in HSV encephalitis.,Temporal-lobe abnormalities is interpreted against the disease-specific mimics of HSV encephalitis.,condition-specific,condition-specific,Temporal-lobe abnormalities contributes a defined finding pattern to the explicit HSV encephalitis illness script.,The selected Temporal-lobe abnormalities pattern differentiates HSV encephalitis from the competitors in its curation manifest.,true,Step 1; Step 2 CK; Step 3,Neurology; Internal Medicine; Pediatrics; Emergency Medicine,unverified_ai_generated
DNF-NEUR-5188431FFCCC,DIS-NEUR-067,FND-NEUR-LYMPHOCYTICCSF,present,supportive,Timing and phenotype determine sensitivity of lymphocytic csf in HSV encephalitis.,Lymphocytic CSF is interpreted against the disease-specific mimics of HSV encephalitis.,condition-specific,condition-specific,Lymphocytic CSF contributes a defined finding pattern to the explicit HSV encephalitis illness script.,The selected Lymphocytic CSF pattern differentiates HSV encephalitis from the competitors in its curation manifest.,true,Step 1; Step 2 CK; Step 3,Neurology; Internal Medicine; Pediatrics; Emergency Medicine,unverified_ai_generated
DNF-NEUR-2C53E97EEC86,DIS-NEUR-067,FND-NEUR-7AD18DB6EFB4,present,supportive,Timing and phenotype determine sensitivity of altered mental status in HSV encephalitis.,Altered mental status is interpreted against the disease-specific mimics of HSV encephalitis.,condition-specific,condition-specific,Altered mental status contributes a defined finding pattern to the explicit HSV encephalitis illness script.,The selected Altered mental status pattern differentiates HSV encephalitis from the competitors in its curation manifest.,true,Step 1; Step 2 CK; Step 3,Neurology; Internal Medicine; Pediatrics; Emergency Medicine,unverified_ai_generated
DNF-NEUR-052CAC587951,DIS-NEUR-067,FND-NEUR-7159A243A2EA,present,supportive,Timing and phenotype determine sensitivity of focal seizure in HSV encephalitis.,Focal seizure is interpreted against the disease-specific mimics of HSV encephalitis.,condition-specific,condition-specific,Focal seizure contributes a defined finding pattern to the explicit HSV encephalitis illness script.,The selected Focal seizure pattern differentiates HSV encephalitis from the competitors in its curation manifest.,true,Step 1; Step 2 CK; Step 3,Neurology; Internal Medicine; Pediatrics; Emergency Medicine,unverified_ai_generated
DNF-NEUR-30F58AF77A4D,DIS-NEUR-068,FND-NEUR-MENINGISMUS,present,classic,Timing and phenotype determine sensitivity of meningismus in Brain abscess.,Meningismus is interpreted against the disease-specific mimics of Brain abscess.,condition-specific,condition-specific,Meningismus contributes a defined finding pattern to the explicit Brain abscess illness script.,The selected Meningismus pattern differentiates Brain abscess from the competitors in its curation manifest.,true,Step 1; Step 2 CK; Step 3,Neurology; Internal Medicine; Pediatrics; Emergency Medicine,unverified_ai_generated
DNF-NEUR-2BF9F4B69D9A,DIS-NEUR-068,FND-NEUR-NEUTROPHILICCSF,present,supportive,Timing and phenotype determine sensitivity of neutrophilic csf in Brain abscess.,Neutrophilic CSF is interpreted against the disease-specific mimics of Brain abscess.,condition-specific,condition-specific,Neutrophilic CSF contributes a defined finding pattern to the explicit Brain abscess illness script.,The selected Neutrophilic CSF pattern differentiates Brain abscess from the competitors in its curation manifest.,true,Step 1; Step 2 CK; Step 3,Neurology; Internal Medicine; Pediatrics; Emergency Medicine,unverified_ai_generated
DNF-NEUR-1FEF2B1E8872,DIS-NEUR-068,FND-NEUR-LYMPHOCYTICCSF,present,supportive,Timing and phenotype determine sensitivity of lymphocytic csf in Brain abscess.,Lymphocytic CSF is interpreted against the disease-specific mimics of Brain abscess.,condition-specific,condition-specific,Lymphocytic CSF contributes a defined finding pattern to the explicit Brain abscess illness script.,The selected Lymphocytic CSF pattern differentiates Brain abscess from the competitors in its curation manifest.,true,Step 1; Step 2 CK; Step 3,Neurology; Internal Medicine; Pediatrics; Emergency Medicine,unverified_ai_generated
DNF-NEUR-B65E71F6FF2B,DIS-NEUR-068,FND-NEUR-LOWCSFGLUCOSE,present,supportive,Timing and phenotype determine sensitivity of low csf glucose in Brain abscess.,Low CSF glucose is interpreted against the disease-specific mimics of Brain abscess.,condition-specific,condition-specific,Low CSF glucose contributes a defined finding pattern to the explicit Brain abscess illness script.,The selected Low CSF glucose pattern differentiates Brain abscess from the competitors in its curation manifest.,true,Step 1; Step 2 CK; Step 3,Neurology; Internal Medicine; Pediatrics; Emergency Medicine,unverified_ai_generated
DNF-NEUR-2CD556C28EEA,DIS-NEUR-068,FND-NEUR-TEMPORALLOBEABNORMAL,present,supportive,Timing and phenotype determine sensitivity of temporal-lobe abnormalities in Brain abscess.,Temporal-lobe abnormalities is interpreted against the disease-specific mimics of Brain abscess.,condition-specific,condition-specific,Temporal-lobe abnormalities contributes a defined finding pattern to the explicit Brain abscess illness script.,The selected Temporal-lobe abnormalities pattern differentiates Brain abscess from the competitors in its curation manifest.,true,Step 1; Step 2 CK; Step 3,Neurology; Internal Medicine; Pediatrics; Emergency Medicine,unverified_ai_generated
DNF-NEUR-A8C93D1ADDF0,DIS-NEUR-068,FND-NEUR-ELEVATEDOPENINGPRESS,present,supportive,Timing and phenotype determine sensitivity of elevated opening pressure in Brain abscess.,Elevated opening pressure is interpreted against the disease-specific mimics of Brain abscess.,condition-specific,condition-specific,Elevated opening pressure contributes a defined finding pattern to the explicit Brain abscess illness script.,The selected Elevated opening pressure pattern differentiates Brain abscess from the competitors in its curation manifest.,true,Step 1; Step 2 CK; Step 3,Neurology; Internal Medicine; Pediatrics; Emergency Medicine,unverified_ai_generated
DNF-NEUR-3CB80B71F3CA,DIS-NEUR-070,FND-NEUR-MENINGISMUS,present,classic,Timing and phenotype determine sensitivity of meningismus in Neurosyphilis.,Meningismus is interpreted against the disease-specific mimics of Neurosyphilis.,condition-specific,condition-specific,Meningismus contributes a defined finding pattern to the explicit Neurosyphilis illness script.,The selected Meningismus pattern differentiates Neurosyphilis from the competitors in its curation manifest.,true,Step 1; Step 2 CK; Step 3,Neurology; Internal Medicine; Pediatrics; Emergency Medicine,unverified_ai_generated
DNF-NEUR-B43A0B647D00,DIS-NEUR-070,FND-NEUR-NEUTROPHILICCSF,present,supportive,Timing and phenotype determine sensitivity of neutrophilic csf in Neurosyphilis.,Neutrophilic CSF is interpreted against the disease-specific mimics of Neurosyphilis.,condition-specific,condition-specific,Neutrophilic CSF contributes a defined finding pattern to the explicit Neurosyphilis illness script.,The selected Neutrophilic CSF pattern differentiates Neurosyphilis from the competitors in its curation manifest.,true,Step 1; Step 2 CK; Step 3,Neurology; Internal Medicine; Pediatrics; Emergency Medicine,unverified_ai_generated
DNF-NEUR-0C7B0423ABD5,DIS-NEUR-070,FND-NEUR-LYMPHOCYTICCSF,present,supportive,Timing and phenotype determine sensitivity of lymphocytic csf in Neurosyphilis.,Lymphocytic CSF is interpreted against the disease-specific mimics of Neurosyphilis.,condition-specific,condition-specific,Lymphocytic CSF contributes a defined finding pattern to the explicit Neurosyphilis illness script.,The selected Lymphocytic CSF pattern differentiates Neurosyphilis from the competitors in its curation manifest.,true,Step 1; Step 2 CK; Step 3,Neurology; Internal Medicine; Pediatrics; Emergency Medicine,unverified_ai_generated
DNF-NEUR-74A427938CC7,DIS-NEUR-070,FND-NEUR-LOWCSFGLUCOSE,present,supportive,Timing and phenotype determine sensitivity of low csf glucose in Neurosyphilis.,Low CSF glucose is interpreted against the disease-specific mimics of Neurosyphilis.,condition-specific,condition-specific,Low CSF glucose contributes a defined finding pattern to the explicit Neurosyphilis illness script.,The selected Low CSF glucose pattern differentiates Neurosyphilis from the competitors in its curation manifest.,true,Step 1; Step 2 CK; Step 3,Neurology; Internal Medicine; Pediatrics; Emergency Medicine,unverified_ai_generated
DNF-NEUR-4366C3484282,DIS-NEUR-070,FND-NEUR-TEMPORALLOBEABNORMAL,present,supportive,Timing and phenotype determine sensitivity of temporal-lobe abnormalities in Neurosyphilis.,Temporal-lobe abnormalities is interpreted against the disease-specific mimics of Neurosyphilis.,condition-specific,condition-specific,Temporal-lobe abnormalities contributes a defined finding pattern to the explicit Neurosyphilis illness script.,The selected Temporal-lobe abnormalities pattern differentiates Neurosyphilis from the competitors in its curation manifest.,true,Step 1; Step 2 CK; Step 3,Neurology; Internal Medicine; Pediatrics; Emergency Medicine,unverified_ai_generated
DNF-NEUR-75DE2C5E30D3,DIS-NEUR-070,FND-NEUR-ELEVATEDOPENINGPRESS,present,supportive,Timing and phenotype determine sensitivity of elevated opening pressure in Neurosyphilis.,Elevated opening pressure is interpreted against the disease-specific mimics of Neurosyphilis.,condition-specific,condition-specific,Elevated opening pressure contributes a defined finding pattern to the explicit Neurosyphilis illness script.,The selected Elevated opening pressure pattern differentiates Neurosyphilis from the competitors in its curation manifest.,true,Step 1; Step 2 CK; Step 3,Neurology; Internal Medicine; Pediatrics; Emergency Medicine,unverified_ai_generated
DNF-NEUR-E86B4D9CE01E,DIS-NEUR-071,FND-NEUR-MENINGISMUS,present,classic,Timing and phenotype determine sensitivity of meningismus in Progressive multifocal leukoencephalopathy.,Meningismus is interpreted against the disease-specific mimics of Progressive multifocal leukoencephalopathy.,condition-specific,condition-specific,Meningismus contributes a defined finding pattern to the explicit Progressive multifocal leukoencephalopathy illness script.,The selected Meningismus pattern differentiates Progressive multifocal leukoencephalopathy from the competitors in its curation manifest.,true,Step 1; Step 2 CK; Step 3,Neurology; Internal Medicine; Pediatrics; Emergency Medicine,unverified_ai_generated
DNF-NEUR-0F3A2150C786,DIS-NEUR-071,FND-NEUR-NEUTROPHILICCSF,present,supportive,Timing and phenotype determine sensitivity of neutrophilic csf in Progressive multifocal leukoencephalopathy.,Neutrophilic CSF is interpreted against the disease-specific mimics of Progressive multifocal leukoencephalopathy.,condition-specific,condition-specific,Neutrophilic CSF contributes a defined finding pattern to the explicit Progressive multifocal leukoencephalopathy illness script.,The selected Neutrophilic CSF pattern differentiates Progressive multifocal leukoencephalopathy from the competitors in its curation manifest.,true,Step 1; Step 2 CK; Step 3,Neurology; Internal Medicine; Pediatrics; Emergency Medicine,unverified_ai_generated
DNF-NEUR-3D5C919031A1,DIS-NEUR-071,FND-NEUR-LYMPHOCYTICCSF,present,supportive,Timing and phenotype determine sensitivity of lymphocytic csf in Progressive multifocal leukoencephalopathy.,Lymphocytic CSF is interpreted against the disease-specific mimics of Progressive multifocal leukoencephalopathy.,condition-specific,condition-specific,Lymphocytic CSF contributes a defined finding pattern to the explicit Progressive multifocal leukoencephalopathy illness script.,The selected Lymphocytic CSF pattern differentiates Progressive multifocal leukoencephalopathy from the competitors in its curation manifest.,true,Step 1; Step 2 CK; Step 3,Neurology; Internal Medicine; Pediatrics; Emergency Medicine,unverified_ai_generated
DNF-NEUR-00DBD5957537,DIS-NEUR-071,FND-NEUR-LOWCSFGLUCOSE,present,supportive,Timing and phenotype determine sensitivity of low csf glucose in Progressive multifocal leukoencephalopathy.,Low CSF glucose is interpreted against the disease-specific mimics of Progressive multifocal leukoencephalopathy.,condition-specific,condition-specific,Low CSF glucose contributes a defined finding pattern to the explicit Progressive multifocal leukoencephalopathy illness script.,The selected Low CSF glucose pattern differentiates Progressive multifocal leukoencephalopathy from the competitors in its curation manifest.,true,Step 1; Step 2 CK; Step 3,Neurology; Internal Medicine; Pediatrics; Emergency Medicine,unverified_ai_generated
DNF-NEUR-EB856A7F0BFA,DIS-NEUR-071,FND-NEUR-TEMPORALLOBEABNORMAL,present,supportive,Timing and phenotype determine sensitivity of temporal-lobe abnormalities in Progressive multifocal leukoencephalopathy.,Temporal-lobe abnormalities is interpreted against the disease-specific mimics of Progressive multifocal leukoencephalopathy.,condition-specific,condition-specific,Temporal-lobe abnormalities contributes a defined finding pattern to the explicit Progressive multifocal leukoencephalopathy illness script.,The selected Temporal-lobe abnormalities pattern differentiates Progressive multifocal leukoencephalopathy from the competitors in its curation manifest.,true,Step 1; Step 2 CK; Step 3,Neurology; Internal Medicine; Pediatrics; Emergency Medicine,unverified_ai_generated
DNF-NEUR-B06439DC7275,DIS-NEUR-071,FND-NEUR-ELEVATEDOPENINGPRESS,present,supportive,Timing and phenotype determine sensitivity of elevated opening pressure in Progressive multifocal leukoencephalopathy.,Elevated opening pressure is interpreted against the disease-specific mimics of Progressive multifocal leukoencephalopathy.,condition-specific,condition-specific,Elevated opening pressure contributes a defined finding pattern to the explicit Progressive multifocal leukoencephalopathy illness script.,The selected Elevated opening pressure pattern differentiates Progressive multifocal leukoencephalopathy from the competitors in its curation manifest.,true,Step 1; Step 2 CK; Step 3,Neurology; Internal Medicine; Pediatrics; Emergency Medicine,unverified_ai_generated
DNF-NEUR-A9CBA5E4CB6B,DIS-N-0065,FND-NEUR-OLIGOCLONALBANDS,present,classic,Timing and phenotype determine sensitivity of oligoclonal bands in Multiple sclerosis.,Oligoclonal bands is interpreted against the disease-specific mimics of Multiple sclerosis.,condition-specific,condition-specific,Oligoclonal bands contributes a defined finding pattern to the explicit Multiple sclerosis illness script.,The selected Oligoclonal bands pattern differentiates Multiple sclerosis from the competitors in its curation manifest.,true,Step 1; Step 2 CK; Step 3,Neurology; Internal Medicine; Pediatrics; Emergency Medicine,unverified_ai_generated
DNF-NEUR-DACEBC1F3094,DIS-N-0065,FND-NEUR-AQUAPORIN4ANTIBODIES,present,supportive,Timing and phenotype determine sensitivity of aquaporin-4 antibodies in Multiple sclerosis.,Aquaporin-4 antibodies is interpreted against the disease-specific mimics of Multiple sclerosis.,condition-specific,condition-specific,Aquaporin-4 antibodies contributes a defined finding pattern to the explicit Multiple sclerosis illness script.,The selected Aquaporin-4 antibodies pattern differentiates Multiple sclerosis from the competitors in its curation manifest.,true,Step 1; Step 2 CK; Step 3,Neurology; Internal Medicine; Pediatrics; Emergency Medicine,unverified_ai_generated
DNF-NEUR-62BEB5DF5154,DIS-N-0065,FND-NEUR-DAWSONFINGERS,present,supportive,Timing and phenotype determine sensitivity of dawson fingers in Multiple sclerosis.,Dawson fingers is interpreted against the disease-specific mimics of Multiple sclerosis.,condition-specific,condition-specific,Dawson fingers contributes a defined finding pattern to the explicit Multiple sclerosis illness script.,The selected Dawson fingers pattern differentiates Multiple sclerosis from the competitors in its curation manifest.,true,Step 1; Step 2 CK; Step 3,Neurology; Internal Medicine; Pediatrics; Emergency Medicine,unverified_ai_generated
DNF-NEUR-570511B42EDA,DIS-N-0065,FND-NEUR-INTERNUCLEAROPHTHALM,present,supportive,Timing and phenotype determine sensitivity of internuclear ophthalmoplegia in Multiple sclerosis.,Internuclear ophthalmoplegia is interpreted against the disease-specific mimics of Multiple sclerosis.,condition-specific,condition-specific,Internuclear ophthalmoplegia contributes a defined finding pattern to the explicit Multiple sclerosis illness script.,The selected Internuclear ophthalmoplegia pattern differentiates Multiple sclerosis from the competitors in its curation manifest.,true,Step 1; Step 2 CK; Step 3,Neurology; Internal Medicine; Pediatrics; Emergency Medicine,unverified_ai_generated
DNF-NEUR-2DBB2B5756BD,DIS-NEUR-073,FND-NEUR-NEUROFIBRILLARYTANGL,present,classic,Timing and phenotype determine sensitivity of neurofibrillary tangles in Clinically isolated syndrome.,Neurofibrillary tangles is interpreted against the disease-specific mimics of Clinically isolated syndrome.,condition-specific,condition-specific,Neurofibrillary tangles contributes a defined finding pattern to the explicit Clinically isolated syndrome illness script.,The selected Neurofibrillary tangles pattern differentiates Clinically isolated syndrome from the competitors in its curation manifest.,true,Step 1; Step 2 CK; Step 3,Neurology; Internal Medicine; Pediatrics; Emergency Medicine,unverified_ai_generated
DNF-NEUR-482304B4D6FC,DIS-NEUR-073,FND-NEUR-LEWYBODIES,present,supportive,Timing and phenotype determine sensitivity of lewy bodies in Clinically isolated syndrome.,Lewy bodies is interpreted against the disease-specific mimics of Clinically isolated syndrome.,condition-specific,condition-specific,Lewy bodies contributes a defined finding pattern to the explicit Clinically isolated syndrome illness script.,The selected Lewy bodies pattern differentiates Clinically isolated syndrome from the competitors in its curation manifest.,true,Step 1; Step 2 CK; Step 3,Neurology; Internal Medicine; Pediatrics; Emergency Medicine,unverified_ai_generated
DNF-NEUR-96C20DFE17B3,DIS-NEUR-073,FND-NEUR-VENTRICULOMEGALY,present,supportive,Timing and phenotype determine sensitivity of ventriculomegaly in Clinically isolated syndrome.,Ventriculomegaly is interpreted against the disease-specific mimics of Clinically isolated syndrome.,condition-specific,condition-specific,Ventriculomegaly contributes a defined finding pattern to the explicit Clinically isolated syndrome illness script.,The selected Ventriculomegaly pattern differentiates Clinically isolated syndrome from the competitors in its curation manifest.,true,Step 1; Step 2 CK; Step 3,Neurology; Internal Medicine; Pediatrics; Emergency Medicine,unverified_ai_generated
DNF-NEUR-20111798BD3A,DIS-NEUR-073,FND-NEUR-9F0545F48A27,present,supportive,Timing and phenotype determine sensitivity of fluctuating attention in Clinically isolated syndrome.,Fluctuating attention is interpreted against the disease-specific mimics of Clinically isolated syndrome.,condition-specific,condition-specific,Fluctuating attention contributes a defined finding pattern to the explicit Clinically isolated syndrome illness script.,The selected Fluctuating attention pattern differentiates Clinically isolated syndrome from the competitors in its curation manifest.,true,Step 1; Step 2 CK; Step 3,Neurology; Internal Medicine; Pediatrics; Emergency Medicine,unverified_ai_generated
DNF-NEUR-61B76384416C,DIS-NEUR-074,FND-NEUR-OLIGOCLONALBANDS,present,classic,Timing and phenotype determine sensitivity of oligoclonal bands in Neuromyelitis optica spectrum disorder.,Oligoclonal bands is interpreted against the disease-specific mimics of Neuromyelitis optica spectrum disorder.,condition-specific,condition-specific,Oligoclonal bands contributes a defined finding pattern to the explicit Neuromyelitis optica spectrum disorder illness script.,The selected Oligoclonal bands pattern differentiates Neuromyelitis optica spectrum disorder from the competitors in its curation manifest.,true,Step 1; Step 2 CK; Step 3,Neurology; Internal Medicine; Pediatrics; Emergency Medicine,unverified_ai_generated
DNF-NEUR-7478263E674F,DIS-NEUR-074,FND-NEUR-AQUAPORIN4ANTIBODIES,present,supportive,Timing and phenotype determine sensitivity of aquaporin-4 antibodies in Neuromyelitis optica spectrum disorder.,Aquaporin-4 antibodies is interpreted against the disease-specific mimics of Neuromyelitis optica spectrum disorder.,condition-specific,condition-specific,Aquaporin-4 antibodies contributes a defined finding pattern to the explicit Neuromyelitis optica spectrum disorder illness script.,The selected Aquaporin-4 antibodies pattern differentiates Neuromyelitis optica spectrum disorder from the competitors in its curation manifest.,true,Step 1; Step 2 CK; Step 3,Neurology; Internal Medicine; Pediatrics; Emergency Medicine,unverified_ai_generated
DNF-NEUR-1504360D70AC,DIS-NEUR-074,FND-NEUR-DAWSONFINGERS,present,supportive,Timing and phenotype determine sensitivity of dawson fingers in Neuromyelitis optica spectrum disorder.,Dawson fingers is interpreted against the disease-specific mimics of Neuromyelitis optica spectrum disorder.,condition-specific,condition-specific,Dawson fingers contributes a defined finding pattern to the explicit Neuromyelitis optica spectrum disorder illness script.,The selected Dawson fingers pattern differentiates Neuromyelitis optica spectrum disorder from the competitors in its curation manifest.,true,Step 1; Step 2 CK; Step 3,Neurology; Internal Medicine; Pediatrics; Emergency Medicine,unverified_ai_generated
DNF-NEUR-08C68C51876C,DIS-NEUR-074,FND-NEUR-INTERNUCLEAROPHTHALM,present,supportive,Timing and phenotype determine sensitivity of internuclear ophthalmoplegia in Neuromyelitis optica spectrum disorder.,Internuclear ophthalmoplegia is interpreted against the disease-specific mimics of Neuromyelitis optica spectrum disorder.,condition-specific,condition-specific,Internuclear ophthalmoplegia contributes a defined finding pattern to the explicit Neuromyelitis optica spectrum disorder illness script.,The selected Internuclear ophthalmoplegia pattern differentiates Neuromyelitis optica spectrum disorder from the competitors in its curation manifest.,true,Step 1; Step 2 CK; Step 3,Neurology; Internal Medicine; Pediatrics; Emergency Medicine,unverified_ai_generated
DNF-NEUR-01D82B1F6449,DIS-NEUR-075,FND-NEUR-OLIGOCLONALBANDS,present,classic,Timing and phenotype determine sensitivity of oligoclonal bands in MOG antibody-associated disease.,Oligoclonal bands is interpreted against the disease-specific mimics of MOG antibody-associated disease.,condition-specific,condition-specific,Oligoclonal bands contributes a defined finding pattern to the explicit MOG antibody-associated disease illness script.,The selected Oligoclonal bands pattern differentiates MOG antibody-associated disease from the competitors in its curation manifest.,true,Step 1; Step 2 CK; Step 3,Neurology; Internal Medicine; Pediatrics; Emergency Medicine,unverified_ai_generated
DNF-NEUR-391ED43ACD45,DIS-NEUR-075,FND-NEUR-AQUAPORIN4ANTIBODIES,present,supportive,Timing and phenotype determine sensitivity of aquaporin-4 antibodies in MOG antibody-associated disease.,Aquaporin-4 antibodies is interpreted against the disease-specific mimics of MOG antibody-associated disease.,condition-specific,condition-specific,Aquaporin-4 antibodies contributes a defined finding pattern to the explicit MOG antibody-associated disease illness script.,The selected Aquaporin-4 antibodies pattern differentiates MOG antibody-associated disease from the competitors in its curation manifest.,true,Step 1; Step 2 CK; Step 3,Neurology; Internal Medicine; Pediatrics; Emergency Medicine,unverified_ai_generated
DNF-NEUR-CFB9AE27D24C,DIS-NEUR-075,FND-NEUR-DAWSONFINGERS,present,supportive,Timing and phenotype determine sensitivity of dawson fingers in MOG antibody-associated disease.,Dawson fingers is interpreted against the disease-specific mimics of MOG antibody-associated disease.,condition-specific,condition-specific,Dawson fingers contributes a defined finding pattern to the explicit MOG antibody-associated disease illness script.,The selected Dawson fingers pattern differentiates MOG antibody-associated disease from the competitors in its curation manifest.,true,Step 1; Step 2 CK; Step 3,Neurology; Internal Medicine; Pediatrics; Emergency Medicine,unverified_ai_generated
DNF-NEUR-C0E627051FB3,DIS-NEUR-075,FND-NEUR-INTERNUCLEAROPHTHALM,present,supportive,Timing and phenotype determine sensitivity of internuclear ophthalmoplegia in MOG antibody-associated disease.,Internuclear ophthalmoplegia is interpreted against the disease-specific mimics of MOG antibody-associated disease.,condition-specific,condition-specific,Internuclear ophthalmoplegia contributes a defined finding pattern to the explicit MOG antibody-associated disease illness script.,The selected Internuclear ophthalmoplegia pattern differentiates MOG antibody-associated disease from the competitors in its curation manifest.,true,Step 1; Step 2 CK; Step 3,Neurology; Internal Medicine; Pediatrics; Emergency Medicine,unverified_ai_generated
DNF-NEUR-CB3665996B13,DIS-NEUR-076,FND-NEUR-MENINGISMUS,present,classic,Timing and phenotype determine sensitivity of meningismus in Acute disseminated encephalomyelitis.,Meningismus is interpreted against the disease-specific mimics of Acute disseminated encephalomyelitis.,condition-specific,condition-specific,Meningismus contributes a defined finding pattern to the explicit Acute disseminated encephalomyelitis illness script.,The selected Meningismus pattern differentiates Acute disseminated encephalomyelitis from the competitors in its curation manifest.,true,Step 1; Step 2 CK; Step 3,Neurology; Internal Medicine; Pediatrics; Emergency Medicine,unverified_ai_generated
DNF-NEUR-E0E116BFAB00,DIS-NEUR-076,FND-NEUR-NEUTROPHILICCSF,present,supportive,Timing and phenotype determine sensitivity of neutrophilic csf in Acute disseminated encephalomyelitis.,Neutrophilic CSF is interpreted against the disease-specific mimics of Acute disseminated encephalomyelitis.,condition-specific,condition-specific,Neutrophilic CSF contributes a defined finding pattern to the explicit Acute disseminated encephalomyelitis illness script.,The selected Neutrophilic CSF pattern differentiates Acute disseminated encephalomyelitis from the competitors in its curation manifest.,true,Step 1; Step 2 CK; Step 3,Neurology; Internal Medicine; Pediatrics; Emergency Medicine,unverified_ai_generated
DNF-NEUR-FD3805A0DA86,DIS-NEUR-076,FND-NEUR-LYMPHOCYTICCSF,present,supportive,Timing and phenotype determine sensitivity of lymphocytic csf in Acute disseminated encephalomyelitis.,Lymphocytic CSF is interpreted against the disease-specific mimics of Acute disseminated encephalomyelitis.,condition-specific,condition-specific,Lymphocytic CSF contributes a defined finding pattern to the explicit Acute disseminated encephalomyelitis illness script.,The selected Lymphocytic CSF pattern differentiates Acute disseminated encephalomyelitis from the competitors in its curation manifest.,true,Step 1; Step 2 CK; Step 3,Neurology; Internal Medicine; Pediatrics; Emergency Medicine,unverified_ai_generated
DNF-NEUR-FF90D309728A,DIS-NEUR-076,FND-NEUR-LOWCSFGLUCOSE,present,supportive,Timing and phenotype determine sensitivity of low csf glucose in Acute disseminated encephalomyelitis.,Low CSF glucose is interpreted against the disease-specific mimics of Acute disseminated encephalomyelitis.,condition-specific,condition-specific,Low CSF glucose contributes a defined finding pattern to the explicit Acute disseminated encephalomyelitis illness script.,The selected Low CSF glucose pattern differentiates Acute disseminated encephalomyelitis from the competitors in its curation manifest.,true,Step 1; Step 2 CK; Step 3,Neurology; Internal Medicine; Pediatrics; Emergency Medicine,unverified_ai_generated
DNF-NEUR-653D317795DE,DIS-NEUR-077,FND-NEUR-OLIGOCLONALBANDS,present,classic,Timing and phenotype determine sensitivity of oligoclonal bands in Transverse myelitis.,Oligoclonal bands is interpreted against the disease-specific mimics of Transverse myelitis.,condition-specific,condition-specific,Oligoclonal bands contributes a defined finding pattern to the explicit Transverse myelitis illness script.,The selected Oligoclonal bands pattern differentiates Transverse myelitis from the competitors in its curation manifest.,true,Step 1; Step 2 CK; Step 3,Neurology; Internal Medicine; Pediatrics; Emergency Medicine,unverified_ai_generated
DNF-NEUR-7ADDED4ED1AD,DIS-NEUR-077,FND-NEUR-AQUAPORIN4ANTIBODIES,present,supportive,Timing and phenotype determine sensitivity of aquaporin-4 antibodies in Transverse myelitis.,Aquaporin-4 antibodies is interpreted against the disease-specific mimics of Transverse myelitis.,condition-specific,condition-specific,Aquaporin-4 antibodies contributes a defined finding pattern to the explicit Transverse myelitis illness script.,The selected Aquaporin-4 antibodies pattern differentiates Transverse myelitis from the competitors in its curation manifest.,true,Step 1; Step 2 CK; Step 3,Neurology; Internal Medicine; Pediatrics; Emergency Medicine,unverified_ai_generated
DNF-NEUR-B9159DBB324D,DIS-NEUR-077,FND-NEUR-DAWSONFINGERS,present,supportive,Timing and phenotype determine sensitivity of dawson fingers in Transverse myelitis.,Dawson fingers is interpreted against the disease-specific mimics of Transverse myelitis.,condition-specific,condition-specific,Dawson fingers contributes a defined finding pattern to the explicit Transverse myelitis illness script.,The selected Dawson fingers pattern differentiates Transverse myelitis from the competitors in its curation manifest.,true,Step 1; Step 2 CK; Step 3,Neurology; Internal Medicine; Pediatrics; Emergency Medicine,unverified_ai_generated
DNF-NEUR-DE00820C4499,DIS-NEUR-077,FND-NEUR-INTERNUCLEAROPHTHALM,present,supportive,Timing and phenotype determine sensitivity of internuclear ophthalmoplegia in Transverse myelitis.,Internuclear ophthalmoplegia is interpreted against the disease-specific mimics of Transverse myelitis.,condition-specific,condition-specific,Internuclear ophthalmoplegia contributes a defined finding pattern to the explicit Transverse myelitis illness script.,The selected Internuclear ophthalmoplegia pattern differentiates Transverse myelitis from the competitors in its curation manifest.,true,Step 1; Step 2 CK; Step 3,Neurology; Internal Medicine; Pediatrics; Emergency Medicine,unverified_ai_generated
DNF-NEUR-686472C4E016,DIS-NEUR-078,FND-NEUR-OLIGOCLONALBANDS,present,classic,Timing and phenotype determine sensitivity of oligoclonal bands in Optic neuritis.,Oligoclonal bands is interpreted against the disease-specific mimics of Optic neuritis.,condition-specific,condition-specific,Oligoclonal bands contributes a defined finding pattern to the explicit Optic neuritis illness script.,The selected Oligoclonal bands pattern differentiates Optic neuritis from the competitors in its curation manifest.,true,Step 1; Step 2 CK; Step 3,Neurology; Internal Medicine; Pediatrics; Emergency Medicine,unverified_ai_generated
DNF-NEUR-E4C1027DCB86,DIS-NEUR-078,FND-NEUR-AQUAPORIN4ANTIBODIES,present,supportive,Timing and phenotype determine sensitivity of aquaporin-4 antibodies in Optic neuritis.,Aquaporin-4 antibodies is interpreted against the disease-specific mimics of Optic neuritis.,condition-specific,condition-specific,Aquaporin-4 antibodies contributes a defined finding pattern to the explicit Optic neuritis illness script.,The selected Aquaporin-4 antibodies pattern differentiates Optic neuritis from the competitors in its curation manifest.,true,Step 1; Step 2 CK; Step 3,Neurology; Internal Medicine; Pediatrics; Emergency Medicine,unverified_ai_generated
DNF-NEUR-2B3FE6EB2E9A,DIS-NEUR-078,FND-NEUR-DAWSONFINGERS,present,supportive,Timing and phenotype determine sensitivity of dawson fingers in Optic neuritis.,Dawson fingers is interpreted against the disease-specific mimics of Optic neuritis.,condition-specific,condition-specific,Dawson fingers contributes a defined finding pattern to the explicit Optic neuritis illness script.,The selected Dawson fingers pattern differentiates Optic neuritis from the competitors in its curation manifest.,true,Step 1; Step 2 CK; Step 3,Neurology; Internal Medicine; Pediatrics; Emergency Medicine,unverified_ai_generated
DNF-NEUR-0AE48C9BBDB2,DIS-NEUR-078,FND-NEUR-INTERNUCLEAROPHTHALM,present,supportive,Timing and phenotype determine sensitivity of internuclear ophthalmoplegia in Optic neuritis.,Internuclear ophthalmoplegia is interpreted against the disease-specific mimics of Optic neuritis.,condition-specific,condition-specific,Internuclear ophthalmoplegia contributes a defined finding pattern to the explicit Optic neuritis illness script.,The selected Internuclear ophthalmoplegia pattern differentiates Optic neuritis from the competitors in its curation manifest.,true,Step 1; Step 2 CK; Step 3,Neurology; Internal Medicine; Pediatrics; Emergency Medicine,unverified_ai_generated
DNF-NEUR-3B6FC26321D4,DIS-N-0068,FND-NEUR-FATIGABLEPTOSIS,present,classic,Timing and phenotype determine sensitivity of fatigable ptosis in Guillain-Barre syndrome.,Fatigable ptosis is interpreted against the disease-specific mimics of Guillain-Barre syndrome.,condition-specific,condition-specific,Fatigable ptosis contributes a defined finding pattern to the explicit Guillain-Barre syndrome illness script.,The selected Fatigable ptosis pattern differentiates Guillain-Barre syndrome from the competitors in its curation manifest.,true,Step 1; Step 2 CK; Step 3,Neurology; Internal Medicine; Pediatrics; Emergency Medicine,unverified_ai_generated
DNF-NEUR-CF5E4EA7F2BF,DIS-N-0068,FND-NEUR-NOSENSORYLOSS,present,supportive,Timing and phenotype determine sensitivity of no sensory loss in Guillain-Barre syndrome.,No sensory loss is interpreted against the disease-specific mimics of Guillain-Barre syndrome.,condition-specific,condition-specific,No sensory loss contributes a defined finding pattern to the explicit Guillain-Barre syndrome illness script.,The selected No sensory loss pattern differentiates Guillain-Barre syndrome from the competitors in its curation manifest.,true,Step 1; Step 2 CK; Step 3,Neurology; Internal Medicine; Pediatrics; Emergency Medicine,unverified_ai_generated
DNF-NEUR-1CA3E6649BB0,DIS-N-0068,FND-NEUR-ALBUMINOCYTOLOGICDIS,present,supportive,Timing and phenotype determine sensitivity of albuminocytologic dissociation in Guillain-Barre syndrome.,Albuminocytologic dissociation is interpreted against the disease-specific mimics of Guillain-Barre syndrome.,condition-specific,condition-specific,Albuminocytologic dissociation contributes a defined finding pattern to the explicit Guillain-Barre syndrome illness script.,The selected Albuminocytologic dissociation pattern differentiates Guillain-Barre syndrome from the competitors in its curation manifest.,true,Step 1; Step 2 CK; Step 3,Neurology; Internal Medicine; Pediatrics; Emergency Medicine,unverified_ai_generated
DNF-NEUR-F38011CD8A52,DIS-N-0068,FND-NEUR-ACETYLCHOLINERECEPTO,present,supportive,Timing and phenotype determine sensitivity of acetylcholine-receptor antibodies in Guillain-Barre syndrome.,Acetylcholine-receptor antibodies is interpreted against the disease-specific mimics of Guillain-Barre syndrome.,condition-specific,condition-specific,Acetylcholine-receptor antibodies contributes a defined finding pattern to the explicit Guillain-Barre syndrome illness script.,The selected Acetylcholine-receptor antibodies pattern differentiates Guillain-Barre syndrome from the competitors in its curation manifest.,true,Step 1; Step 2 CK; Step 3,Neurology; Internal Medicine; Pediatrics; Emergency Medicine,unverified_ai_generated
DNF-NEUR-286C4DDA724E,DIS-NEUR-080,FND-NEUR-OLIGOCLONALBANDS,present,classic,Timing and phenotype determine sensitivity of oligoclonal bands in Chronic inflammatory demyelinating polyneuropathy.,Oligoclonal bands is interpreted against the disease-specific mimics of Chronic inflammatory demyelinating polyneuropathy.,condition-specific,condition-specific,Oligoclonal bands contributes a defined finding pattern to the explicit Chronic inflammatory demyelinating polyneuropathy illness script.,The selected Oligoclonal bands pattern differentiates Chronic inflammatory demyelinating polyneuropathy from the competitors in its curation manifest.,true,Step 1; Step 2 CK; Step 3,Neurology; Internal Medicine; Pediatrics; Emergency Medicine,unverified_ai_generated
DNF-NEUR-C3352A2522B4,DIS-NEUR-080,FND-NEUR-AQUAPORIN4ANTIBODIES,present,supportive,Timing and phenotype determine sensitivity of aquaporin-4 antibodies in Chronic inflammatory demyelinating polyneuropathy.,Aquaporin-4 antibodies is interpreted against the disease-specific mimics of Chronic inflammatory demyelinating polyneuropathy.,condition-specific,condition-specific,Aquaporin-4 antibodies contributes a defined finding pattern to the explicit Chronic inflammatory demyelinating polyneuropathy illness script.,The selected Aquaporin-4 antibodies pattern differentiates Chronic inflammatory demyelinating polyneuropathy from the competitors in its curation manifest.,true,Step 1; Step 2 CK; Step 3,Neurology; Internal Medicine; Pediatrics; Emergency Medicine,unverified_ai_generated
DNF-NEUR-94A2BF878BC4,DIS-NEUR-080,FND-NEUR-DAWSONFINGERS,present,supportive,Timing and phenotype determine sensitivity of dawson fingers in Chronic inflammatory demyelinating polyneuropathy.,Dawson fingers is interpreted against the disease-specific mimics of Chronic inflammatory demyelinating polyneuropathy.,condition-specific,condition-specific,Dawson fingers contributes a defined finding pattern to the explicit Chronic inflammatory demyelinating polyneuropathy illness script.,The selected Dawson fingers pattern differentiates Chronic inflammatory demyelinating polyneuropathy from the competitors in its curation manifest.,true,Step 1; Step 2 CK; Step 3,Neurology; Internal Medicine; Pediatrics; Emergency Medicine,unverified_ai_generated
DNF-NEUR-189CDA24B1FD,DIS-NEUR-080,FND-NEUR-INTERNUCLEAROPHTHALM,present,supportive,Timing and phenotype determine sensitivity of internuclear ophthalmoplegia in Chronic inflammatory demyelinating polyneuropathy.,Internuclear ophthalmoplegia is interpreted against the disease-specific mimics of Chronic inflammatory demyelinating polyneuropathy.,condition-specific,condition-specific,Internuclear ophthalmoplegia contributes a defined finding pattern to the explicit Chronic inflammatory demyelinating polyneuropathy illness script.,The selected Internuclear ophthalmoplegia pattern differentiates Chronic inflammatory demyelinating polyneuropathy from the competitors in its curation manifest.,true,Step 1; Step 2 CK; Step 3,Neurology; Internal Medicine; Pediatrics; Emergency Medicine,unverified_ai_generated
DNF-NEUR-BC24EBC65F98,DIS-NEUR-081,FND-NEUR-MENINGISMUS,present,classic,Timing and phenotype determine sensitivity of meningismus in Autoimmune encephalitis.,Meningismus is interpreted against the disease-specific mimics of Autoimmune encephalitis.,condition-specific,condition-specific,Meningismus contributes a defined finding pattern to the explicit Autoimmune encephalitis illness script.,The selected Meningismus pattern differentiates Autoimmune encephalitis from the competitors in its curation manifest.,true,Step 1; Step 2 CK; Step 3,Neurology; Internal Medicine; Pediatrics; Emergency Medicine,unverified_ai_generated
DNF-NEUR-B8A710F752DA,DIS-NEUR-081,FND-NEUR-NEUTROPHILICCSF,present,supportive,Timing and phenotype determine sensitivity of neutrophilic csf in Autoimmune encephalitis.,Neutrophilic CSF is interpreted against the disease-specific mimics of Autoimmune encephalitis.,condition-specific,condition-specific,Neutrophilic CSF contributes a defined finding pattern to the explicit Autoimmune encephalitis illness script.,The selected Neutrophilic CSF pattern differentiates Autoimmune encephalitis from the competitors in its curation manifest.,true,Step 1; Step 2 CK; Step 3,Neurology; Internal Medicine; Pediatrics; Emergency Medicine,unverified_ai_generated
DNF-NEUR-1EB24256B609,DIS-NEUR-081,FND-NEUR-LYMPHOCYTICCSF,present,supportive,Timing and phenotype determine sensitivity of lymphocytic csf in Autoimmune encephalitis.,Lymphocytic CSF is interpreted against the disease-specific mimics of Autoimmune encephalitis.,condition-specific,condition-specific,Lymphocytic CSF contributes a defined finding pattern to the explicit Autoimmune encephalitis illness script.,The selected Lymphocytic CSF pattern differentiates Autoimmune encephalitis from the competitors in its curation manifest.,true,Step 1; Step 2 CK; Step 3,Neurology; Internal Medicine; Pediatrics; Emergency Medicine,unverified_ai_generated
DNF-NEUR-9B341C436FF5,DIS-NEUR-081,FND-NEUR-LOWCSFGLUCOSE,present,supportive,Timing and phenotype determine sensitivity of low csf glucose in Autoimmune encephalitis.,Low CSF glucose is interpreted against the disease-specific mimics of Autoimmune encephalitis.,condition-specific,condition-specific,Low CSF glucose contributes a defined finding pattern to the explicit Autoimmune encephalitis illness script.,The selected Low CSF glucose pattern differentiates Autoimmune encephalitis from the competitors in its curation manifest.,true,Step 1; Step 2 CK; Step 3,Neurology; Internal Medicine; Pediatrics; Emergency Medicine,unverified_ai_generated
DNF-NEUR-86F0C532AADA,DIS-NEUR-082,FND-NEUR-MENINGISMUS,present,classic,Timing and phenotype determine sensitivity of meningismus in Anti-NMDA receptor encephalitis.,Meningismus is interpreted against the disease-specific mimics of Anti-NMDA receptor encephalitis.,condition-specific,condition-specific,Meningismus contributes a defined finding pattern to the explicit Anti-NMDA receptor encephalitis illness script.,The selected Meningismus pattern differentiates Anti-NMDA receptor encephalitis from the competitors in its curation manifest.,true,Step 1; Step 2 CK; Step 3,Neurology; Internal Medicine; Pediatrics; Emergency Medicine,unverified_ai_generated
DNF-NEUR-CE64481D0FE2,DIS-NEUR-082,FND-NEUR-NEUTROPHILICCSF,present,supportive,Timing and phenotype determine sensitivity of neutrophilic csf in Anti-NMDA receptor encephalitis.,Neutrophilic CSF is interpreted against the disease-specific mimics of Anti-NMDA receptor encephalitis.,condition-specific,condition-specific,Neutrophilic CSF contributes a defined finding pattern to the explicit Anti-NMDA receptor encephalitis illness script.,The selected Neutrophilic CSF pattern differentiates Anti-NMDA receptor encephalitis from the competitors in its curation manifest.,true,Step 1; Step 2 CK; Step 3,Neurology; Internal Medicine; Pediatrics; Emergency Medicine,unverified_ai_generated
DNF-NEUR-33A9FB53A501,DIS-NEUR-082,FND-NEUR-LYMPHOCYTICCSF,present,supportive,Timing and phenotype determine sensitivity of lymphocytic csf in Anti-NMDA receptor encephalitis.,Lymphocytic CSF is interpreted against the disease-specific mimics of Anti-NMDA receptor encephalitis.,condition-specific,condition-specific,Lymphocytic CSF contributes a defined finding pattern to the explicit Anti-NMDA receptor encephalitis illness script.,The selected Lymphocytic CSF pattern differentiates Anti-NMDA receptor encephalitis from the competitors in its curation manifest.,true,Step 1; Step 2 CK; Step 3,Neurology; Internal Medicine; Pediatrics; Emergency Medicine,unverified_ai_generated
DNF-NEUR-C998EC928D6F,DIS-NEUR-082,FND-NEUR-LOWCSFGLUCOSE,present,supportive,Timing and phenotype determine sensitivity of low csf glucose in Anti-NMDA receptor encephalitis.,Low CSF glucose is interpreted against the disease-specific mimics of Anti-NMDA receptor encephalitis.,condition-specific,condition-specific,Low CSF glucose contributes a defined finding pattern to the explicit Anti-NMDA receptor encephalitis illness script.,The selected Low CSF glucose pattern differentiates Anti-NMDA receptor encephalitis from the competitors in its curation manifest.,true,Step 1; Step 2 CK; Step 3,Neurology; Internal Medicine; Pediatrics; Emergency Medicine,unverified_ai_generated
DNF-NEUR-27BA811AE7AC,DIS-N-0066,FND-NEUR-RESTINGPILLROLLINGTR,present,classic,Timing and phenotype determine sensitivity of resting pill-rolling tremor in Parkinson disease.,Resting pill-rolling tremor is interpreted against the disease-specific mimics of Parkinson disease.,condition-specific,condition-specific,Resting pill-rolling tremor contributes a defined finding pattern to the explicit Parkinson disease illness script.,The selected Resting pill-rolling tremor pattern differentiates Parkinson disease from the competitors in its curation manifest.,true,Step 1; Step 2 CK; Step 3,Neurology; Internal Medicine; Pediatrics; Emergency Medicine,unverified_ai_generated
DNF-NEUR-B011C94752B4,DIS-N-0066,FND-NEUR-COGWHEELRIGIDITY,present,supportive,Timing and phenotype determine sensitivity of cogwheel rigidity in Parkinson disease.,Cogwheel rigidity is interpreted against the disease-specific mimics of Parkinson disease.,condition-specific,condition-specific,Cogwheel rigidity contributes a defined finding pattern to the explicit Parkinson disease illness script.,The selected Cogwheel rigidity pattern differentiates Parkinson disease from the competitors in its curation manifest.,true,Step 1; Step 2 CK; Step 3,Neurology; Internal Medicine; Pediatrics; Emergency Medicine,unverified_ai_generated
DNF-NEUR-136FC5790DA2,DIS-N-0066,FND-NEUR-9EC3A5CC379B,present,supportive,Timing and phenotype determine sensitivity of lead-pipe rigidity in Parkinson disease.,Lead-pipe rigidity is interpreted against the disease-specific mimics of Parkinson disease.,condition-specific,condition-specific,Lead-pipe rigidity contributes a defined finding pattern to the explicit Parkinson disease illness script.,The selected Lead-pipe rigidity pattern differentiates Parkinson disease from the competitors in its curation manifest.,true,Step 1; Step 2 CK; Step 3,Neurology; Internal Medicine; Pediatrics; Emergency Medicine,unverified_ai_generated
DNF-NEUR-6CB98CD738FA,DIS-N-0066,FND-NEUR-5D1664AF7875,present,supportive,Timing and phenotype determine sensitivity of masked facies in Parkinson disease.,Masked facies is interpreted against the disease-specific mimics of Parkinson disease.,condition-specific,condition-specific,Masked facies contributes a defined finding pattern to the explicit Parkinson disease illness script.,The selected Masked facies pattern differentiates Parkinson disease from the competitors in its curation manifest.,true,Step 1; Step 2 CK; Step 3,Neurology; Internal Medicine; Pediatrics; Emergency Medicine,unverified_ai_generated
DNF-NEUR-50A088EB7E40,DIS-NEUR-084,FND-NEUR-RESTINGPILLROLLINGTR,present,classic,Timing and phenotype determine sensitivity of resting pill-rolling tremor in Drug-induced parkinsonism.,Resting pill-rolling tremor is interpreted against the disease-specific mimics of Drug-induced parkinsonism.,condition-specific,condition-specific,Resting pill-rolling tremor contributes a defined finding pattern to the explicit Drug-induced parkinsonism illness script.,The selected Resting pill-rolling tremor pattern differentiates Drug-induced parkinsonism from the competitors in its curation manifest.,true,Step 1; Step 2 CK; Step 3,Neurology; Internal Medicine; Pediatrics; Emergency Medicine,unverified_ai_generated
DNF-NEUR-1387BB862EEC,DIS-NEUR-084,FND-NEUR-COGWHEELRIGIDITY,present,supportive,Timing and phenotype determine sensitivity of cogwheel rigidity in Drug-induced parkinsonism.,Cogwheel rigidity is interpreted against the disease-specific mimics of Drug-induced parkinsonism.,condition-specific,condition-specific,Cogwheel rigidity contributes a defined finding pattern to the explicit Drug-induced parkinsonism illness script.,The selected Cogwheel rigidity pattern differentiates Drug-induced parkinsonism from the competitors in its curation manifest.,true,Step 1; Step 2 CK; Step 3,Neurology; Internal Medicine; Pediatrics; Emergency Medicine,unverified_ai_generated
DNF-NEUR-D95FEB869C98,DIS-NEUR-084,FND-NEUR-9EC3A5CC379B,present,supportive,Timing and phenotype determine sensitivity of lead-pipe rigidity in Drug-induced parkinsonism.,Lead-pipe rigidity is interpreted against the disease-specific mimics of Drug-induced parkinsonism.,condition-specific,condition-specific,Lead-pipe rigidity contributes a defined finding pattern to the explicit Drug-induced parkinsonism illness script.,The selected Lead-pipe rigidity pattern differentiates Drug-induced parkinsonism from the competitors in its curation manifest.,true,Step 1; Step 2 CK; Step 3,Neurology; Internal Medicine; Pediatrics; Emergency Medicine,unverified_ai_generated
DNF-NEUR-37798AD83692,DIS-NEUR-084,FND-NEUR-5D1664AF7875,present,supportive,Timing and phenotype determine sensitivity of masked facies in Drug-induced parkinsonism.,Masked facies is interpreted against the disease-specific mimics of Drug-induced parkinsonism.,condition-specific,condition-specific,Masked facies contributes a defined finding pattern to the explicit Drug-induced parkinsonism illness script.,The selected Masked facies pattern differentiates Drug-induced parkinsonism from the competitors in its curation manifest.,true,Step 1; Step 2 CK; Step 3,Neurology; Internal Medicine; Pediatrics; Emergency Medicine,unverified_ai_generated
DNF-NEUR-CBAD3D648483,DIS-NEUR-085,FND-NEUR-NEUROFIBRILLARYTANGL,present,classic,Timing and phenotype determine sensitivity of neurofibrillary tangles in Multiple system atrophy.,Neurofibrillary tangles is interpreted against the disease-specific mimics of Multiple system atrophy.,condition-specific,condition-specific,Neurofibrillary tangles contributes a defined finding pattern to the explicit Multiple system atrophy illness script.,The selected Neurofibrillary tangles pattern differentiates Multiple system atrophy from the competitors in its curation manifest.,true,Step 1; Step 2 CK; Step 3,Neurology; Internal Medicine; Pediatrics; Emergency Medicine,unverified_ai_generated
DNF-NEUR-F7714034764B,DIS-NEUR-085,FND-NEUR-LEWYBODIES,present,supportive,Timing and phenotype determine sensitivity of lewy bodies in Multiple system atrophy.,Lewy bodies is interpreted against the disease-specific mimics of Multiple system atrophy.,condition-specific,condition-specific,Lewy bodies contributes a defined finding pattern to the explicit Multiple system atrophy illness script.,The selected Lewy bodies pattern differentiates Multiple system atrophy from the competitors in its curation manifest.,true,Step 1; Step 2 CK; Step 3,Neurology; Internal Medicine; Pediatrics; Emergency Medicine,unverified_ai_generated
DNF-NEUR-D7E4ED19BAC2,DIS-NEUR-085,FND-NEUR-VENTRICULOMEGALY,present,supportive,Timing and phenotype determine sensitivity of ventriculomegaly in Multiple system atrophy.,Ventriculomegaly is interpreted against the disease-specific mimics of Multiple system atrophy.,condition-specific,condition-specific,Ventriculomegaly contributes a defined finding pattern to the explicit Multiple system atrophy illness script.,The selected Ventriculomegaly pattern differentiates Multiple system atrophy from the competitors in its curation manifest.,true,Step 1; Step 2 CK; Step 3,Neurology; Internal Medicine; Pediatrics; Emergency Medicine,unverified_ai_generated
DNF-NEUR-6658775B5E07,DIS-NEUR-085,FND-NEUR-9F0545F48A27,present,supportive,Timing and phenotype determine sensitivity of fluctuating attention in Multiple system atrophy.,Fluctuating attention is interpreted against the disease-specific mimics of Multiple system atrophy.,condition-specific,condition-specific,Fluctuating attention contributes a defined finding pattern to the explicit Multiple system atrophy illness script.,The selected Fluctuating attention pattern differentiates Multiple system atrophy from the competitors in its curation manifest.,true,Step 1; Step 2 CK; Step 3,Neurology; Internal Medicine; Pediatrics; Emergency Medicine,unverified_ai_generated
DNF-NEUR-A66296A0D4BA,DIS-NEUR-086,FND-NEUR-AREFLEXIA,present,classic,Timing and phenotype determine sensitivity of areflexia in Progressive supranuclear palsy.,Areflexia is interpreted against the disease-specific mimics of Progressive supranuclear palsy.,condition-specific,condition-specific,Areflexia contributes a defined finding pattern to the explicit Progressive supranuclear palsy illness script.,The selected Areflexia pattern differentiates Progressive supranuclear palsy from the competitors in its curation manifest.,true,Step 1; Step 2 CK; Step 3,Neurology; Internal Medicine; Pediatrics; Emergency Medicine,unverified_ai_generated
DNF-NEUR-9CBD814FF580,DIS-NEUR-086,FND-NEUR-F8CC1E183585,present,supportive,Timing and phenotype determine sensitivity of length-dependent sensory loss in Progressive supranuclear palsy.,Length-dependent sensory loss is interpreted against the disease-specific mimics of Progressive supranuclear palsy.,condition-specific,condition-specific,Length-dependent sensory loss contributes a defined finding pattern to the explicit Progressive supranuclear palsy illness script.,The selected Length-dependent sensory loss pattern differentiates Progressive supranuclear palsy from the competitors in its curation manifest.,true,Step 1; Step 2 CK; Step 3,Neurology; Internal Medicine; Pediatrics; Emergency Medicine,unverified_ai_generated
DNF-NEUR-4E1399490816,DIS-NEUR-086,FND-NEUR-NOSENSORYLOSS,present,supportive,Timing and phenotype determine sensitivity of no sensory loss in Progressive supranuclear palsy.,No sensory loss is interpreted against the disease-specific mimics of Progressive supranuclear palsy.,condition-specific,condition-specific,No sensory loss contributes a defined finding pattern to the explicit Progressive supranuclear palsy illness script.,The selected No sensory loss pattern differentiates Progressive supranuclear palsy from the competitors in its curation manifest.,true,Step 1; Step 2 CK; Step 3,Neurology; Internal Medicine; Pediatrics; Emergency Medicine,unverified_ai_generated
DNF-NEUR-15FDCE4019EE,DIS-NEUR-086,FND-NEUR-FASCICULATIONS,present,supportive,Timing and phenotype determine sensitivity of fasciculations in Progressive supranuclear palsy.,Fasciculations is interpreted against the disease-specific mimics of Progressive supranuclear palsy.,condition-specific,condition-specific,Fasciculations contributes a defined finding pattern to the explicit Progressive supranuclear palsy illness script.,The selected Fasciculations pattern differentiates Progressive supranuclear palsy from the competitors in its curation manifest.,true,Step 1; Step 2 CK; Step 3,Neurology; Internal Medicine; Pediatrics; Emergency Medicine,unverified_ai_generated
DNF-NEUR-82AFCDA2B794,DIS-NEUR-087,FND-NEUR-RESTINGPILLROLLINGTR,present,classic,Timing and phenotype determine sensitivity of resting pill-rolling tremor in Essential tremor.,Resting pill-rolling tremor is interpreted against the disease-specific mimics of Essential tremor.,condition-specific,condition-specific,Resting pill-rolling tremor contributes a defined finding pattern to the explicit Essential tremor illness script.,The selected Resting pill-rolling tremor pattern differentiates Essential tremor from the competitors in its curation manifest.,true,Step 1; Step 2 CK; Step 3,Neurology; Internal Medicine; Pediatrics; Emergency Medicine,unverified_ai_generated
DNF-NEUR-D95F6A9B80FF,DIS-NEUR-087,FND-NEUR-COGWHEELRIGIDITY,present,supportive,Timing and phenotype determine sensitivity of cogwheel rigidity in Essential tremor.,Cogwheel rigidity is interpreted against the disease-specific mimics of Essential tremor.,condition-specific,condition-specific,Cogwheel rigidity contributes a defined finding pattern to the explicit Essential tremor illness script.,The selected Cogwheel rigidity pattern differentiates Essential tremor from the competitors in its curation manifest.,true,Step 1; Step 2 CK; Step 3,Neurology; Internal Medicine; Pediatrics; Emergency Medicine,unverified_ai_generated
DNF-NEUR-1536B4FAAAD4,DIS-NEUR-087,FND-NEUR-9EC3A5CC379B,present,supportive,Timing and phenotype determine sensitivity of lead-pipe rigidity in Essential tremor.,Lead-pipe rigidity is interpreted against the disease-specific mimics of Essential tremor.,condition-specific,condition-specific,Lead-pipe rigidity contributes a defined finding pattern to the explicit Essential tremor illness script.,The selected Lead-pipe rigidity pattern differentiates Essential tremor from the competitors in its curation manifest.,true,Step 1; Step 2 CK; Step 3,Neurology; Internal Medicine; Pediatrics; Emergency Medicine,unverified_ai_generated
DNF-NEUR-940C2F45834B,DIS-NEUR-087,FND-NEUR-5D1664AF7875,present,supportive,Timing and phenotype determine sensitivity of masked facies in Essential tremor.,Masked facies is interpreted against the disease-specific mimics of Essential tremor.,condition-specific,condition-specific,Masked facies contributes a defined finding pattern to the explicit Essential tremor illness script.,The selected Masked facies pattern differentiates Essential tremor from the competitors in its curation manifest.,true,Step 1; Step 2 CK; Step 3,Neurology; Internal Medicine; Pediatrics; Emergency Medicine,unverified_ai_generated
DNF-NEUR-07E3039B24D2,DIS-NEUR-088,FND-NEUR-RESTINGPILLROLLINGTR,present,classic,Timing and phenotype determine sensitivity of resting pill-rolling tremor in Huntington disease.,Resting pill-rolling tremor is interpreted against the disease-specific mimics of Huntington disease.,condition-specific,condition-specific,Resting pill-rolling tremor contributes a defined finding pattern to the explicit Huntington disease illness script.,The selected Resting pill-rolling tremor pattern differentiates Huntington disease from the competitors in its curation manifest.,true,Step 1; Step 2 CK; Step 3,Neurology; Internal Medicine; Pediatrics; Emergency Medicine,unverified_ai_generated
DNF-NEUR-87647CABDEE9,DIS-NEUR-088,FND-NEUR-COGWHEELRIGIDITY,present,supportive,Timing and phenotype determine sensitivity of cogwheel rigidity in Huntington disease.,Cogwheel rigidity is interpreted against the disease-specific mimics of Huntington disease.,condition-specific,condition-specific,Cogwheel rigidity contributes a defined finding pattern to the explicit Huntington disease illness script.,The selected Cogwheel rigidity pattern differentiates Huntington disease from the competitors in its curation manifest.,true,Step 1; Step 2 CK; Step 3,Neurology; Internal Medicine; Pediatrics; Emergency Medicine,unverified_ai_generated
DNF-NEUR-DAABDCE49224,DIS-NEUR-088,FND-NEUR-9EC3A5CC379B,present,supportive,Timing and phenotype determine sensitivity of lead-pipe rigidity in Huntington disease.,Lead-pipe rigidity is interpreted against the disease-specific mimics of Huntington disease.,condition-specific,condition-specific,Lead-pipe rigidity contributes a defined finding pattern to the explicit Huntington disease illness script.,The selected Lead-pipe rigidity pattern differentiates Huntington disease from the competitors in its curation manifest.,true,Step 1; Step 2 CK; Step 3,Neurology; Internal Medicine; Pediatrics; Emergency Medicine,unverified_ai_generated
DNF-NEUR-3EDE6DFA5B44,DIS-NEUR-088,FND-NEUR-5D1664AF7875,present,supportive,Timing and phenotype determine sensitivity of masked facies in Huntington disease.,Masked facies is interpreted against the disease-specific mimics of Huntington disease.,condition-specific,condition-specific,Masked facies contributes a defined finding pattern to the explicit Huntington disease illness script.,The selected Masked facies pattern differentiates Huntington disease from the competitors in its curation manifest.,true,Step 1; Step 2 CK; Step 3,Neurology; Internal Medicine; Pediatrics; Emergency Medicine,unverified_ai_generated
DNF-NEUR-6C15D251C973,DIS-NEUR-089,FND-NEUR-RESTINGPILLROLLINGTR,present,classic,Timing and phenotype determine sensitivity of resting pill-rolling tremor in Wilson disease.,Resting pill-rolling tremor is interpreted against the disease-specific mimics of Wilson disease.,condition-specific,condition-specific,Resting pill-rolling tremor contributes a defined finding pattern to the explicit Wilson disease illness script.,The selected Resting pill-rolling tremor pattern differentiates Wilson disease from the competitors in its curation manifest.,true,Step 1; Step 2 CK; Step 3,Neurology; Internal Medicine; Pediatrics; Emergency Medicine,unverified_ai_generated
DNF-NEUR-25973EE685A4,DIS-NEUR-089,FND-NEUR-COGWHEELRIGIDITY,present,supportive,Timing and phenotype determine sensitivity of cogwheel rigidity in Wilson disease.,Cogwheel rigidity is interpreted against the disease-specific mimics of Wilson disease.,condition-specific,condition-specific,Cogwheel rigidity contributes a defined finding pattern to the explicit Wilson disease illness script.,The selected Cogwheel rigidity pattern differentiates Wilson disease from the competitors in its curation manifest.,true,Step 1; Step 2 CK; Step 3,Neurology; Internal Medicine; Pediatrics; Emergency Medicine,unverified_ai_generated
DNF-NEUR-1E8B19FC2BC8,DIS-NEUR-089,FND-NEUR-9EC3A5CC379B,present,supportive,Timing and phenotype determine sensitivity of lead-pipe rigidity in Wilson disease.,Lead-pipe rigidity is interpreted against the disease-specific mimics of Wilson disease.,condition-specific,condition-specific,Lead-pipe rigidity contributes a defined finding pattern to the explicit Wilson disease illness script.,The selected Lead-pipe rigidity pattern differentiates Wilson disease from the competitors in its curation manifest.,true,Step 1; Step 2 CK; Step 3,Neurology; Internal Medicine; Pediatrics; Emergency Medicine,unverified_ai_generated
DNF-NEUR-59C1BFAE5B12,DIS-NEUR-089,FND-NEUR-5D1664AF7875,present,supportive,Timing and phenotype determine sensitivity of masked facies in Wilson disease.,Masked facies is interpreted against the disease-specific mimics of Wilson disease.,condition-specific,condition-specific,Masked facies contributes a defined finding pattern to the explicit Wilson disease illness script.,The selected Masked facies pattern differentiates Wilson disease from the competitors in its curation manifest.,true,Step 1; Step 2 CK; Step 3,Neurology; Internal Medicine; Pediatrics; Emergency Medicine,unverified_ai_generated
DNF-NEUR-D463E247801E,DIS-NEUR-090,FND-NEUR-RESTINGPILLROLLINGTR,present,classic,Timing and phenotype determine sensitivity of resting pill-rolling tremor in Tourette disorder.,Resting pill-rolling tremor is interpreted against the disease-specific mimics of Tourette disorder.,condition-specific,condition-specific,Resting pill-rolling tremor contributes a defined finding pattern to the explicit Tourette disorder illness script.,The selected Resting pill-rolling tremor pattern differentiates Tourette disorder from the competitors in its curation manifest.,true,Step 1; Step 2 CK; Step 3,Neurology; Internal Medicine; Pediatrics; Emergency Medicine,unverified_ai_generated
DNF-NEUR-EF42C3E465F2,DIS-NEUR-090,FND-NEUR-COGWHEELRIGIDITY,present,supportive,Timing and phenotype determine sensitivity of cogwheel rigidity in Tourette disorder.,Cogwheel rigidity is interpreted against the disease-specific mimics of Tourette disorder.,condition-specific,condition-specific,Cogwheel rigidity contributes a defined finding pattern to the explicit Tourette disorder illness script.,The selected Cogwheel rigidity pattern differentiates Tourette disorder from the competitors in its curation manifest.,true,Step 1; Step 2 CK; Step 3,Neurology; Internal Medicine; Pediatrics; Emergency Medicine,unverified_ai_generated
DNF-NEUR-00C5700E2CEB,DIS-NEUR-090,FND-NEUR-9EC3A5CC379B,present,supportive,Timing and phenotype determine sensitivity of lead-pipe rigidity in Tourette disorder.,Lead-pipe rigidity is interpreted against the disease-specific mimics of Tourette disorder.,condition-specific,condition-specific,Lead-pipe rigidity contributes a defined finding pattern to the explicit Tourette disorder illness script.,The selected Lead-pipe rigidity pattern differentiates Tourette disorder from the competitors in its curation manifest.,true,Step 1; Step 2 CK; Step 3,Neurology; Internal Medicine; Pediatrics; Emergency Medicine,unverified_ai_generated
DNF-NEUR-D5B740874A18,DIS-NEUR-090,FND-NEUR-5D1664AF7875,present,supportive,Timing and phenotype determine sensitivity of masked facies in Tourette disorder.,Masked facies is interpreted against the disease-specific mimics of Tourette disorder.,condition-specific,condition-specific,Masked facies contributes a defined finding pattern to the explicit Tourette disorder illness script.,The selected Masked facies pattern differentiates Tourette disorder from the competitors in its curation manifest.,true,Step 1; Step 2 CK; Step 3,Neurology; Internal Medicine; Pediatrics; Emergency Medicine,unverified_ai_generated
DNF-NEUR-2F52F496DA20,DIS-NEUR-091,FND-NEUR-RESTINGPILLROLLINGTR,present,classic,Timing and phenotype determine sensitivity of resting pill-rolling tremor in Tardive dyskinesia.,Resting pill-rolling tremor is interpreted against the disease-specific mimics of Tardive dyskinesia.,condition-specific,condition-specific,Resting pill-rolling tremor contributes a defined finding pattern to the explicit Tardive dyskinesia illness script.,The selected Resting pill-rolling tremor pattern differentiates Tardive dyskinesia from the competitors in its curation manifest.,true,Step 1; Step 2 CK; Step 3,Neurology; Internal Medicine; Pediatrics; Emergency Medicine,unverified_ai_generated
DNF-NEUR-5E67436DD123,DIS-NEUR-091,FND-NEUR-COGWHEELRIGIDITY,present,supportive,Timing and phenotype determine sensitivity of cogwheel rigidity in Tardive dyskinesia.,Cogwheel rigidity is interpreted against the disease-specific mimics of Tardive dyskinesia.,condition-specific,condition-specific,Cogwheel rigidity contributes a defined finding pattern to the explicit Tardive dyskinesia illness script.,The selected Cogwheel rigidity pattern differentiates Tardive dyskinesia from the competitors in its curation manifest.,true,Step 1; Step 2 CK; Step 3,Neurology; Internal Medicine; Pediatrics; Emergency Medicine,unverified_ai_generated
DNF-NEUR-EBE4EED5034C,DIS-NEUR-091,FND-NEUR-9EC3A5CC379B,present,supportive,Timing and phenotype determine sensitivity of lead-pipe rigidity in Tardive dyskinesia.,Lead-pipe rigidity is interpreted against the disease-specific mimics of Tardive dyskinesia.,condition-specific,condition-specific,Lead-pipe rigidity contributes a defined finding pattern to the explicit Tardive dyskinesia illness script.,The selected Lead-pipe rigidity pattern differentiates Tardive dyskinesia from the competitors in its curation manifest.,true,Step 1; Step 2 CK; Step 3,Neurology; Internal Medicine; Pediatrics; Emergency Medicine,unverified_ai_generated
DNF-NEUR-122E9F9A28E0,DIS-NEUR-091,FND-NEUR-5D1664AF7875,present,supportive,Timing and phenotype determine sensitivity of masked facies in Tardive dyskinesia.,Masked facies is interpreted against the disease-specific mimics of Tardive dyskinesia.,condition-specific,condition-specific,Masked facies contributes a defined finding pattern to the explicit Tardive dyskinesia illness script.,The selected Masked facies pattern differentiates Tardive dyskinesia from the competitors in its curation manifest.,true,Step 1; Step 2 CK; Step 3,Neurology; Internal Medicine; Pediatrics; Emergency Medicine,unverified_ai_generated
DNF-NEUR-BC44CE44B996,DIS-NEUR-092,FND-NEUR-RESTINGPILLROLLINGTR,present,classic,Timing and phenotype determine sensitivity of resting pill-rolling tremor in Acute dystonia.,Resting pill-rolling tremor is interpreted against the disease-specific mimics of Acute dystonia.,condition-specific,condition-specific,Resting pill-rolling tremor contributes a defined finding pattern to the explicit Acute dystonia illness script.,The selected Resting pill-rolling tremor pattern differentiates Acute dystonia from the competitors in its curation manifest.,true,Step 1; Step 2 CK; Step 3,Neurology; Internal Medicine; Pediatrics; Emergency Medicine,unverified_ai_generated
DNF-NEUR-7082CC82B235,DIS-NEUR-092,FND-NEUR-COGWHEELRIGIDITY,present,supportive,Timing and phenotype determine sensitivity of cogwheel rigidity in Acute dystonia.,Cogwheel rigidity is interpreted against the disease-specific mimics of Acute dystonia.,condition-specific,condition-specific,Cogwheel rigidity contributes a defined finding pattern to the explicit Acute dystonia illness script.,The selected Cogwheel rigidity pattern differentiates Acute dystonia from the competitors in its curation manifest.,true,Step 1; Step 2 CK; Step 3,Neurology; Internal Medicine; Pediatrics; Emergency Medicine,unverified_ai_generated
DNF-NEUR-FA8FABBEBC43,DIS-NEUR-092,FND-NEUR-9EC3A5CC379B,present,supportive,Timing and phenotype determine sensitivity of lead-pipe rigidity in Acute dystonia.,Lead-pipe rigidity is interpreted against the disease-specific mimics of Acute dystonia.,condition-specific,condition-specific,Lead-pipe rigidity contributes a defined finding pattern to the explicit Acute dystonia illness script.,The selected Lead-pipe rigidity pattern differentiates Acute dystonia from the competitors in its curation manifest.,true,Step 1; Step 2 CK; Step 3,Neurology; Internal Medicine; Pediatrics; Emergency Medicine,unverified_ai_generated
DNF-NEUR-F60339F17976,DIS-NEUR-092,FND-NEUR-5D1664AF7875,present,supportive,Timing and phenotype determine sensitivity of masked facies in Acute dystonia.,Masked facies is interpreted against the disease-specific mimics of Acute dystonia.,condition-specific,condition-specific,Masked facies contributes a defined finding pattern to the explicit Acute dystonia illness script.,The selected Masked facies pattern differentiates Acute dystonia from the competitors in its curation manifest.,true,Step 1; Step 2 CK; Step 3,Neurology; Internal Medicine; Pediatrics; Emergency Medicine,unverified_ai_generated
DNF-NEUR-B12ACF7214FA,DIS-NEUR-093,FND-NEUR-RESTINGPILLROLLINGTR,present,classic,Timing and phenotype determine sensitivity of resting pill-rolling tremor in Akathisia.,Resting pill-rolling tremor is interpreted against the disease-specific mimics of Akathisia.,condition-specific,condition-specific,Resting pill-rolling tremor contributes a defined finding pattern to the explicit Akathisia illness script.,The selected Resting pill-rolling tremor pattern differentiates Akathisia from the competitors in its curation manifest.,true,Step 1; Step 2 CK; Step 3,Neurology; Internal Medicine; Pediatrics; Emergency Medicine,unverified_ai_generated
DNF-NEUR-CD64955C0F0D,DIS-NEUR-093,FND-NEUR-COGWHEELRIGIDITY,present,supportive,Timing and phenotype determine sensitivity of cogwheel rigidity in Akathisia.,Cogwheel rigidity is interpreted against the disease-specific mimics of Akathisia.,condition-specific,condition-specific,Cogwheel rigidity contributes a defined finding pattern to the explicit Akathisia illness script.,The selected Cogwheel rigidity pattern differentiates Akathisia from the competitors in its curation manifest.,true,Step 1; Step 2 CK; Step 3,Neurology; Internal Medicine; Pediatrics; Emergency Medicine,unverified_ai_generated
DNF-NEUR-63800F29D752,DIS-NEUR-093,FND-NEUR-9EC3A5CC379B,present,supportive,Timing and phenotype determine sensitivity of lead-pipe rigidity in Akathisia.,Lead-pipe rigidity is interpreted against the disease-specific mimics of Akathisia.,condition-specific,condition-specific,Lead-pipe rigidity contributes a defined finding pattern to the explicit Akathisia illness script.,The selected Lead-pipe rigidity pattern differentiates Akathisia from the competitors in its curation manifest.,true,Step 1; Step 2 CK; Step 3,Neurology; Internal Medicine; Pediatrics; Emergency Medicine,unverified_ai_generated
DNF-NEUR-D95EE0F49C9A,DIS-NEUR-093,FND-NEUR-5D1664AF7875,present,supportive,Timing and phenotype determine sensitivity of masked facies in Akathisia.,Masked facies is interpreted against the disease-specific mimics of Akathisia.,condition-specific,condition-specific,Masked facies contributes a defined finding pattern to the explicit Akathisia illness script.,The selected Masked facies pattern differentiates Akathisia from the competitors in its curation manifest.,true,Step 1; Step 2 CK; Step 3,Neurology; Internal Medicine; Pediatrics; Emergency Medicine,unverified_ai_generated
DNF-NEUR-A62A30264097,DIS-NEUR-094,FND-NEUR-NEUROFIBRILLARYTANGL,present,classic,Timing and phenotype determine sensitivity of neurofibrillary tangles in Neuroleptic malignant syndrome.,Neurofibrillary tangles is interpreted against the disease-specific mimics of Neuroleptic malignant syndrome.,condition-specific,condition-specific,Neurofibrillary tangles contributes a defined finding pattern to the explicit Neuroleptic malignant syndrome illness script.,The selected Neurofibrillary tangles pattern differentiates Neuroleptic malignant syndrome from the competitors in its curation manifest.,true,Step 1; Step 2 CK; Step 3,Neurology; Internal Medicine; Pediatrics; Emergency Medicine,unverified_ai_generated
DNF-NEUR-FAA57C71F6FB,DIS-NEUR-094,FND-NEUR-LEWYBODIES,present,supportive,Timing and phenotype determine sensitivity of lewy bodies in Neuroleptic malignant syndrome.,Lewy bodies is interpreted against the disease-specific mimics of Neuroleptic malignant syndrome.,condition-specific,condition-specific,Lewy bodies contributes a defined finding pattern to the explicit Neuroleptic malignant syndrome illness script.,The selected Lewy bodies pattern differentiates Neuroleptic malignant syndrome from the competitors in its curation manifest.,true,Step 1; Step 2 CK; Step 3,Neurology; Internal Medicine; Pediatrics; Emergency Medicine,unverified_ai_generated
DNF-NEUR-EC55D5B4BF36,DIS-NEUR-094,FND-NEUR-VENTRICULOMEGALY,present,supportive,Timing and phenotype determine sensitivity of ventriculomegaly in Neuroleptic malignant syndrome.,Ventriculomegaly is interpreted against the disease-specific mimics of Neuroleptic malignant syndrome.,condition-specific,condition-specific,Ventriculomegaly contributes a defined finding pattern to the explicit Neuroleptic malignant syndrome illness script.,The selected Ventriculomegaly pattern differentiates Neuroleptic malignant syndrome from the competitors in its curation manifest.,true,Step 1; Step 2 CK; Step 3,Neurology; Internal Medicine; Pediatrics; Emergency Medicine,unverified_ai_generated
DNF-NEUR-55144246B6B9,DIS-NEUR-094,FND-NEUR-9F0545F48A27,present,supportive,Timing and phenotype determine sensitivity of fluctuating attention in Neuroleptic malignant syndrome.,Fluctuating attention is interpreted against the disease-specific mimics of Neuroleptic malignant syndrome.,condition-specific,condition-specific,Fluctuating attention contributes a defined finding pattern to the explicit Neuroleptic malignant syndrome illness script.,The selected Fluctuating attention pattern differentiates Neuroleptic malignant syndrome from the competitors in its curation manifest.,true,Step 1; Step 2 CK; Step 3,Neurology; Internal Medicine; Pediatrics; Emergency Medicine,unverified_ai_generated
DNF-NEUR-9934B1151384,DIS-NEUR-095,FND-NEUR-NEUROFIBRILLARYTANGL,present,classic,Timing and phenotype determine sensitivity of neurofibrillary tangles in Serotonin syndrome.,Neurofibrillary tangles is interpreted against the disease-specific mimics of Serotonin syndrome.,condition-specific,condition-specific,Neurofibrillary tangles contributes a defined finding pattern to the explicit Serotonin syndrome illness script.,The selected Neurofibrillary tangles pattern differentiates Serotonin syndrome from the competitors in its curation manifest.,true,Step 1; Step 2 CK; Step 3,Neurology; Internal Medicine; Pediatrics; Emergency Medicine,unverified_ai_generated
DNF-NEUR-4E7B6AFB3532,DIS-NEUR-095,FND-NEUR-LEWYBODIES,present,supportive,Timing and phenotype determine sensitivity of lewy bodies in Serotonin syndrome.,Lewy bodies is interpreted against the disease-specific mimics of Serotonin syndrome.,condition-specific,condition-specific,Lewy bodies contributes a defined finding pattern to the explicit Serotonin syndrome illness script.,The selected Lewy bodies pattern differentiates Serotonin syndrome from the competitors in its curation manifest.,true,Step 1; Step 2 CK; Step 3,Neurology; Internal Medicine; Pediatrics; Emergency Medicine,unverified_ai_generated
DNF-NEUR-55B2CD2979FF,DIS-NEUR-095,FND-NEUR-VENTRICULOMEGALY,present,supportive,Timing and phenotype determine sensitivity of ventriculomegaly in Serotonin syndrome.,Ventriculomegaly is interpreted against the disease-specific mimics of Serotonin syndrome.,condition-specific,condition-specific,Ventriculomegaly contributes a defined finding pattern to the explicit Serotonin syndrome illness script.,The selected Ventriculomegaly pattern differentiates Serotonin syndrome from the competitors in its curation manifest.,true,Step 1; Step 2 CK; Step 3,Neurology; Internal Medicine; Pediatrics; Emergency Medicine,unverified_ai_generated
DNF-NEUR-1D122BA3CEC0,DIS-NEUR-095,FND-NEUR-9F0545F48A27,present,supportive,Timing and phenotype determine sensitivity of fluctuating attention in Serotonin syndrome.,Fluctuating attention is interpreted against the disease-specific mimics of Serotonin syndrome.,condition-specific,condition-specific,Fluctuating attention contributes a defined finding pattern to the explicit Serotonin syndrome illness script.,The selected Fluctuating attention pattern differentiates Serotonin syndrome from the competitors in its curation manifest.,true,Step 1; Step 2 CK; Step 3,Neurology; Internal Medicine; Pediatrics; Emergency Medicine,unverified_ai_generated
DNF-NEUR-44D374ADA0B4,DIS-NEUR-096,FND-NEUR-NEUROFIBRILLARYTANGL,present,classic,Timing and phenotype determine sensitivity of neurofibrillary tangles in Alzheimer disease.,Neurofibrillary tangles is interpreted against the disease-specific mimics of Alzheimer disease.,condition-specific,condition-specific,Neurofibrillary tangles contributes a defined finding pattern to the explicit Alzheimer disease illness script.,The selected Neurofibrillary tangles pattern differentiates Alzheimer disease from the competitors in its curation manifest.,true,Step 1; Step 2 CK; Step 3,Neurology; Internal Medicine; Pediatrics; Emergency Medicine,unverified_ai_generated
DNF-NEUR-D6C005CB8E12,DIS-NEUR-096,FND-NEUR-LEWYBODIES,present,supportive,Timing and phenotype determine sensitivity of lewy bodies in Alzheimer disease.,Lewy bodies is interpreted against the disease-specific mimics of Alzheimer disease.,condition-specific,condition-specific,Lewy bodies contributes a defined finding pattern to the explicit Alzheimer disease illness script.,The selected Lewy bodies pattern differentiates Alzheimer disease from the competitors in its curation manifest.,true,Step 1; Step 2 CK; Step 3,Neurology; Internal Medicine; Pediatrics; Emergency Medicine,unverified_ai_generated
DNF-NEUR-C113892A5186,DIS-NEUR-096,FND-NEUR-VENTRICULOMEGALY,present,supportive,Timing and phenotype determine sensitivity of ventriculomegaly in Alzheimer disease.,Ventriculomegaly is interpreted against the disease-specific mimics of Alzheimer disease.,condition-specific,condition-specific,Ventriculomegaly contributes a defined finding pattern to the explicit Alzheimer disease illness script.,The selected Ventriculomegaly pattern differentiates Alzheimer disease from the competitors in its curation manifest.,true,Step 1; Step 2 CK; Step 3,Neurology; Internal Medicine; Pediatrics; Emergency Medicine,unverified_ai_generated
DNF-NEUR-9A20CBC1A134,DIS-NEUR-096,FND-NEUR-9F0545F48A27,present,supportive,Timing and phenotype determine sensitivity of fluctuating attention in Alzheimer disease.,Fluctuating attention is interpreted against the disease-specific mimics of Alzheimer disease.,condition-specific,condition-specific,Fluctuating attention contributes a defined finding pattern to the explicit Alzheimer disease illness script.,The selected Fluctuating attention pattern differentiates Alzheimer disease from the competitors in its curation manifest.,true,Step 1; Step 2 CK; Step 3,Neurology; Internal Medicine; Pediatrics; Emergency Medicine,unverified_ai_generated
DNF-NEUR-C38E1F0F7AA4,DIS-NEUR-097,FND-NEUR-NEUROFIBRILLARYTANGL,present,classic,Timing and phenotype determine sensitivity of neurofibrillary tangles in Dementia with Lewy bodies.,Neurofibrillary tangles is interpreted against the disease-specific mimics of Dementia with Lewy bodies.,condition-specific,condition-specific,Neurofibrillary tangles contributes a defined finding pattern to the explicit Dementia with Lewy bodies illness script.,The selected Neurofibrillary tangles pattern differentiates Dementia with Lewy bodies from the competitors in its curation manifest.,true,Step 1; Step 2 CK; Step 3,Neurology; Internal Medicine; Pediatrics; Emergency Medicine,unverified_ai_generated
DNF-NEUR-42F5690DD74C,DIS-NEUR-097,FND-NEUR-LEWYBODIES,present,supportive,Timing and phenotype determine sensitivity of lewy bodies in Dementia with Lewy bodies.,Lewy bodies is interpreted against the disease-specific mimics of Dementia with Lewy bodies.,condition-specific,condition-specific,Lewy bodies contributes a defined finding pattern to the explicit Dementia with Lewy bodies illness script.,The selected Lewy bodies pattern differentiates Dementia with Lewy bodies from the competitors in its curation manifest.,true,Step 1; Step 2 CK; Step 3,Neurology; Internal Medicine; Pediatrics; Emergency Medicine,unverified_ai_generated
DNF-NEUR-40BE91974C2F,DIS-NEUR-097,FND-NEUR-VENTRICULOMEGALY,present,supportive,Timing and phenotype determine sensitivity of ventriculomegaly in Dementia with Lewy bodies.,Ventriculomegaly is interpreted against the disease-specific mimics of Dementia with Lewy bodies.,condition-specific,condition-specific,Ventriculomegaly contributes a defined finding pattern to the explicit Dementia with Lewy bodies illness script.,The selected Ventriculomegaly pattern differentiates Dementia with Lewy bodies from the competitors in its curation manifest.,true,Step 1; Step 2 CK; Step 3,Neurology; Internal Medicine; Pediatrics; Emergency Medicine,unverified_ai_generated
DNF-NEUR-53E2BFD54486,DIS-NEUR-097,FND-NEUR-9F0545F48A27,present,supportive,Timing and phenotype determine sensitivity of fluctuating attention in Dementia with Lewy bodies.,Fluctuating attention is interpreted against the disease-specific mimics of Dementia with Lewy bodies.,condition-specific,condition-specific,Fluctuating attention contributes a defined finding pattern to the explicit Dementia with Lewy bodies illness script.,The selected Fluctuating attention pattern differentiates Dementia with Lewy bodies from the competitors in its curation manifest.,true,Step 1; Step 2 CK; Step 3,Neurology; Internal Medicine; Pediatrics; Emergency Medicine,unverified_ai_generated
DNF-NEUR-C36020420506,DIS-NEUR-098,FND-NEUR-NEUROFIBRILLARYTANGL,present,classic,Timing and phenotype determine sensitivity of neurofibrillary tangles in Frontotemporal dementia.,Neurofibrillary tangles is interpreted against the disease-specific mimics of Frontotemporal dementia.,condition-specific,condition-specific,Neurofibrillary tangles contributes a defined finding pattern to the explicit Frontotemporal dementia illness script.,The selected Neurofibrillary tangles pattern differentiates Frontotemporal dementia from the competitors in its curation manifest.,true,Step 1; Step 2 CK; Step 3,Neurology; Internal Medicine; Pediatrics; Emergency Medicine,unverified_ai_generated
DNF-NEUR-0669C7007BEC,DIS-NEUR-098,FND-NEUR-LEWYBODIES,present,supportive,Timing and phenotype determine sensitivity of lewy bodies in Frontotemporal dementia.,Lewy bodies is interpreted against the disease-specific mimics of Frontotemporal dementia.,condition-specific,condition-specific,Lewy bodies contributes a defined finding pattern to the explicit Frontotemporal dementia illness script.,The selected Lewy bodies pattern differentiates Frontotemporal dementia from the competitors in its curation manifest.,true,Step 1; Step 2 CK; Step 3,Neurology; Internal Medicine; Pediatrics; Emergency Medicine,unverified_ai_generated
DNF-NEUR-11C922BF0686,DIS-NEUR-098,FND-NEUR-VENTRICULOMEGALY,present,supportive,Timing and phenotype determine sensitivity of ventriculomegaly in Frontotemporal dementia.,Ventriculomegaly is interpreted against the disease-specific mimics of Frontotemporal dementia.,condition-specific,condition-specific,Ventriculomegaly contributes a defined finding pattern to the explicit Frontotemporal dementia illness script.,The selected Ventriculomegaly pattern differentiates Frontotemporal dementia from the competitors in its curation manifest.,true,Step 1; Step 2 CK; Step 3,Neurology; Internal Medicine; Pediatrics; Emergency Medicine,unverified_ai_generated
DNF-NEUR-A96384F59060,DIS-NEUR-098,FND-NEUR-9F0545F48A27,present,supportive,Timing and phenotype determine sensitivity of fluctuating attention in Frontotemporal dementia.,Fluctuating attention is interpreted against the disease-specific mimics of Frontotemporal dementia.,condition-specific,condition-specific,Fluctuating attention contributes a defined finding pattern to the explicit Frontotemporal dementia illness script.,The selected Fluctuating attention pattern differentiates Frontotemporal dementia from the competitors in its curation manifest.,true,Step 1; Step 2 CK; Step 3,Neurology; Internal Medicine; Pediatrics; Emergency Medicine,unverified_ai_generated
DNF-NEUR-B8D8E821D203,DIS-NEUR-099,FND-NEUR-NEUROFIBRILLARYTANGL,present,classic,Timing and phenotype determine sensitivity of neurofibrillary tangles in Normal-pressure hydrocephalus.,Neurofibrillary tangles is interpreted against the disease-specific mimics of Normal-pressure hydrocephalus.,condition-specific,condition-specific,Neurofibrillary tangles contributes a defined finding pattern to the explicit Normal-pressure hydrocephalus illness script.,The selected Neurofibrillary tangles pattern differentiates Normal-pressure hydrocephalus from the competitors in its curation manifest.,true,Step 1; Step 2 CK; Step 3,Neurology; Internal Medicine; Pediatrics; Emergency Medicine,unverified_ai_generated
DNF-NEUR-CE6AC867C85D,DIS-NEUR-099,FND-NEUR-LEWYBODIES,present,supportive,Timing and phenotype determine sensitivity of lewy bodies in Normal-pressure hydrocephalus.,Lewy bodies is interpreted against the disease-specific mimics of Normal-pressure hydrocephalus.,condition-specific,condition-specific,Lewy bodies contributes a defined finding pattern to the explicit Normal-pressure hydrocephalus illness script.,The selected Lewy bodies pattern differentiates Normal-pressure hydrocephalus from the competitors in its curation manifest.,true,Step 1; Step 2 CK; Step 3,Neurology; Internal Medicine; Pediatrics; Emergency Medicine,unverified_ai_generated
DNF-NEUR-7BF4D9D08310,DIS-NEUR-099,FND-NEUR-VENTRICULOMEGALY,present,supportive,Timing and phenotype determine sensitivity of ventriculomegaly in Normal-pressure hydrocephalus.,Ventriculomegaly is interpreted against the disease-specific mimics of Normal-pressure hydrocephalus.,condition-specific,condition-specific,Ventriculomegaly contributes a defined finding pattern to the explicit Normal-pressure hydrocephalus illness script.,The selected Ventriculomegaly pattern differentiates Normal-pressure hydrocephalus from the competitors in its curation manifest.,true,Step 1; Step 2 CK; Step 3,Neurology; Internal Medicine; Pediatrics; Emergency Medicine,unverified_ai_generated
DNF-NEUR-6BD4A62A11EB,DIS-NEUR-099,FND-NEUR-9F0545F48A27,present,supportive,Timing and phenotype determine sensitivity of fluctuating attention in Normal-pressure hydrocephalus.,Fluctuating attention is interpreted against the disease-specific mimics of Normal-pressure hydrocephalus.,condition-specific,condition-specific,Fluctuating attention contributes a defined finding pattern to the explicit Normal-pressure hydrocephalus illness script.,The selected Fluctuating attention pattern differentiates Normal-pressure hydrocephalus from the competitors in its curation manifest.,true,Step 1; Step 2 CK; Step 3,Neurology; Internal Medicine; Pediatrics; Emergency Medicine,unverified_ai_generated
DNF-NEUR-99DD6BBA62FC,DIS-NEUR-100,FND-NEUR-NEUROFIBRILLARYTANGL,present,classic,Timing and phenotype determine sensitivity of neurofibrillary tangles in Creutzfeldt-Jakob disease.,Neurofibrillary tangles is interpreted against the disease-specific mimics of Creutzfeldt-Jakob disease.,condition-specific,condition-specific,Neurofibrillary tangles contributes a defined finding pattern to the explicit Creutzfeldt-Jakob disease illness script.,The selected Neurofibrillary tangles pattern differentiates Creutzfeldt-Jakob disease from the competitors in its curation manifest.,true,Step 1; Step 2 CK; Step 3,Neurology; Internal Medicine; Pediatrics; Emergency Medicine,unverified_ai_generated
DNF-NEUR-A1CD3BC46BA0,DIS-NEUR-100,FND-NEUR-LEWYBODIES,present,supportive,Timing and phenotype determine sensitivity of lewy bodies in Creutzfeldt-Jakob disease.,Lewy bodies is interpreted against the disease-specific mimics of Creutzfeldt-Jakob disease.,condition-specific,condition-specific,Lewy bodies contributes a defined finding pattern to the explicit Creutzfeldt-Jakob disease illness script.,The selected Lewy bodies pattern differentiates Creutzfeldt-Jakob disease from the competitors in its curation manifest.,true,Step 1; Step 2 CK; Step 3,Neurology; Internal Medicine; Pediatrics; Emergency Medicine,unverified_ai_generated
DNF-NEUR-CB4A976AA276,DIS-NEUR-100,FND-NEUR-VENTRICULOMEGALY,present,supportive,Timing and phenotype determine sensitivity of ventriculomegaly in Creutzfeldt-Jakob disease.,Ventriculomegaly is interpreted against the disease-specific mimics of Creutzfeldt-Jakob disease.,condition-specific,condition-specific,Ventriculomegaly contributes a defined finding pattern to the explicit Creutzfeldt-Jakob disease illness script.,The selected Ventriculomegaly pattern differentiates Creutzfeldt-Jakob disease from the competitors in its curation manifest.,true,Step 1; Step 2 CK; Step 3,Neurology; Internal Medicine; Pediatrics; Emergency Medicine,unverified_ai_generated
DNF-NEUR-2375A9138C33,DIS-NEUR-100,FND-NEUR-9F0545F48A27,present,supportive,Timing and phenotype determine sensitivity of fluctuating attention in Creutzfeldt-Jakob disease.,Fluctuating attention is interpreted against the disease-specific mimics of Creutzfeldt-Jakob disease.,condition-specific,condition-specific,Fluctuating attention contributes a defined finding pattern to the explicit Creutzfeldt-Jakob disease illness script.,The selected Fluctuating attention pattern differentiates Creutzfeldt-Jakob disease from the competitors in its curation manifest.,true,Step 1; Step 2 CK; Step 3,Neurology; Internal Medicine; Pediatrics; Emergency Medicine,unverified_ai_generated
DNF-NEUR-8AE35DE61FC2,DIS-NEUR-101,FND-NEUR-MENINGISMUS,present,classic,Timing and phenotype determine sensitivity of meningismus in Wernicke encephalopathy.,Meningismus is interpreted against the disease-specific mimics of Wernicke encephalopathy.,condition-specific,condition-specific,Meningismus contributes a defined finding pattern to the explicit Wernicke encephalopathy illness script.,The selected Meningismus pattern differentiates Wernicke encephalopathy from the competitors in its curation manifest.,true,Step 1; Step 2 CK; Step 3,Neurology; Internal Medicine; Pediatrics; Emergency Medicine,unverified_ai_generated
DNF-NEUR-52E4E445DC98,DIS-NEUR-101,FND-NEUR-NEUTROPHILICCSF,present,supportive,Timing and phenotype determine sensitivity of neutrophilic csf in Wernicke encephalopathy.,Neutrophilic CSF is interpreted against the disease-specific mimics of Wernicke encephalopathy.,condition-specific,condition-specific,Neutrophilic CSF contributes a defined finding pattern to the explicit Wernicke encephalopathy illness script.,The selected Neutrophilic CSF pattern differentiates Wernicke encephalopathy from the competitors in its curation manifest.,true,Step 1; Step 2 CK; Step 3,Neurology; Internal Medicine; Pediatrics; Emergency Medicine,unverified_ai_generated
DNF-NEUR-DCFCBDA2DDA0,DIS-NEUR-101,FND-NEUR-LYMPHOCYTICCSF,present,supportive,Timing and phenotype determine sensitivity of lymphocytic csf in Wernicke encephalopathy.,Lymphocytic CSF is interpreted against the disease-specific mimics of Wernicke encephalopathy.,condition-specific,condition-specific,Lymphocytic CSF contributes a defined finding pattern to the explicit Wernicke encephalopathy illness script.,The selected Lymphocytic CSF pattern differentiates Wernicke encephalopathy from the competitors in its curation manifest.,true,Step 1; Step 2 CK; Step 3,Neurology; Internal Medicine; Pediatrics; Emergency Medicine,unverified_ai_generated
DNF-NEUR-5D3F70CC08F3,DIS-NEUR-101,FND-NEUR-LOWCSFGLUCOSE,present,supportive,Timing and phenotype determine sensitivity of low csf glucose in Wernicke encephalopathy.,Low CSF glucose is interpreted against the disease-specific mimics of Wernicke encephalopathy.,condition-specific,condition-specific,Low CSF glucose contributes a defined finding pattern to the explicit Wernicke encephalopathy illness script.,The selected Low CSF glucose pattern differentiates Wernicke encephalopathy from the competitors in its curation manifest.,true,Step 1; Step 2 CK; Step 3,Neurology; Internal Medicine; Pediatrics; Emergency Medicine,unverified_ai_generated
DNF-NEUR-158C71393E4E,DIS-NEUR-102,FND-NEUR-NEUROFIBRILLARYTANGL,present,classic,Timing and phenotype determine sensitivity of neurofibrillary tangles in Korsakoff syndrome.,Neurofibrillary tangles is interpreted against the disease-specific mimics of Korsakoff syndrome.,condition-specific,condition-specific,Neurofibrillary tangles contributes a defined finding pattern to the explicit Korsakoff syndrome illness script.,The selected Neurofibrillary tangles pattern differentiates Korsakoff syndrome from the competitors in its curation manifest.,true,Step 1; Step 2 CK; Step 3,Neurology; Internal Medicine; Pediatrics; Emergency Medicine,unverified_ai_generated
DNF-NEUR-80CCC1FA4A41,DIS-NEUR-102,FND-NEUR-LEWYBODIES,present,supportive,Timing and phenotype determine sensitivity of lewy bodies in Korsakoff syndrome.,Lewy bodies is interpreted against the disease-specific mimics of Korsakoff syndrome.,condition-specific,condition-specific,Lewy bodies contributes a defined finding pattern to the explicit Korsakoff syndrome illness script.,The selected Lewy bodies pattern differentiates Korsakoff syndrome from the competitors in its curation manifest.,true,Step 1; Step 2 CK; Step 3,Neurology; Internal Medicine; Pediatrics; Emergency Medicine,unverified_ai_generated
DNF-NEUR-C75ED5DD0932,DIS-NEUR-102,FND-NEUR-VENTRICULOMEGALY,present,supportive,Timing and phenotype determine sensitivity of ventriculomegaly in Korsakoff syndrome.,Ventriculomegaly is interpreted against the disease-specific mimics of Korsakoff syndrome.,condition-specific,condition-specific,Ventriculomegaly contributes a defined finding pattern to the explicit Korsakoff syndrome illness script.,The selected Ventriculomegaly pattern differentiates Korsakoff syndrome from the competitors in its curation manifest.,true,Step 1; Step 2 CK; Step 3,Neurology; Internal Medicine; Pediatrics; Emergency Medicine,unverified_ai_generated
DNF-NEUR-4CD4FF83B6A8,DIS-NEUR-102,FND-NEUR-9F0545F48A27,present,supportive,Timing and phenotype determine sensitivity of fluctuating attention in Korsakoff syndrome.,Fluctuating attention is interpreted against the disease-specific mimics of Korsakoff syndrome.,condition-specific,condition-specific,Fluctuating attention contributes a defined finding pattern to the explicit Korsakoff syndrome illness script.,The selected Fluctuating attention pattern differentiates Korsakoff syndrome from the competitors in its curation manifest.,true,Step 1; Step 2 CK; Step 3,Neurology; Internal Medicine; Pediatrics; Emergency Medicine,unverified_ai_generated
DNF-NEUR-8F27D2B5596F,DIS-N-0067,FND-NEUR-FATIGABLEPTOSIS,present,classic,Timing and phenotype determine sensitivity of fatigable ptosis in Myasthenia gravis.,Fatigable ptosis is interpreted against the disease-specific mimics of Myasthenia gravis.,condition-specific,condition-specific,Fatigable ptosis contributes a defined finding pattern to the explicit Myasthenia gravis illness script.,The selected Fatigable ptosis pattern differentiates Myasthenia gravis from the competitors in its curation manifest.,true,Step 1; Step 2 CK; Step 3,Neurology; Internal Medicine; Pediatrics; Emergency Medicine,unverified_ai_generated
DNF-NEUR-75FB0F185F66,DIS-N-0067,FND-NEUR-NOSENSORYLOSS,present,supportive,Timing and phenotype determine sensitivity of no sensory loss in Myasthenia gravis.,No sensory loss is interpreted against the disease-specific mimics of Myasthenia gravis.,condition-specific,condition-specific,No sensory loss contributes a defined finding pattern to the explicit Myasthenia gravis illness script.,The selected No sensory loss pattern differentiates Myasthenia gravis from the competitors in its curation manifest.,true,Step 1; Step 2 CK; Step 3,Neurology; Internal Medicine; Pediatrics; Emergency Medicine,unverified_ai_generated
DNF-NEUR-680DCD2F6F39,DIS-N-0067,FND-NEUR-ALBUMINOCYTOLOGICDIS,present,supportive,Timing and phenotype determine sensitivity of albuminocytologic dissociation in Myasthenia gravis.,Albuminocytologic dissociation is interpreted against the disease-specific mimics of Myasthenia gravis.,condition-specific,condition-specific,Albuminocytologic dissociation contributes a defined finding pattern to the explicit Myasthenia gravis illness script.,The selected Albuminocytologic dissociation pattern differentiates Myasthenia gravis from the competitors in its curation manifest.,true,Step 1; Step 2 CK; Step 3,Neurology; Internal Medicine; Pediatrics; Emergency Medicine,unverified_ai_generated
DNF-NEUR-1352EAF0AD04,DIS-N-0067,FND-NEUR-ACETYLCHOLINERECEPTO,present,supportive,Timing and phenotype determine sensitivity of acetylcholine-receptor antibodies in Myasthenia gravis.,Acetylcholine-receptor antibodies is interpreted against the disease-specific mimics of Myasthenia gravis.,condition-specific,condition-specific,Acetylcholine-receptor antibodies contributes a defined finding pattern to the explicit Myasthenia gravis illness script.,The selected Acetylcholine-receptor antibodies pattern differentiates Myasthenia gravis from the competitors in its curation manifest.,true,Step 1; Step 2 CK; Step 3,Neurology; Internal Medicine; Pediatrics; Emergency Medicine,unverified_ai_generated
DNF-NEUR-087A984F809F,DIS-NEUR-104,FND-NEUR-FATIGABLEPTOSIS,present,classic,Timing and phenotype determine sensitivity of fatigable ptosis in Myasthenic crisis.,Fatigable ptosis is interpreted against the disease-specific mimics of Myasthenic crisis.,condition-specific,condition-specific,Fatigable ptosis contributes a defined finding pattern to the explicit Myasthenic crisis illness script.,The selected Fatigable ptosis pattern differentiates Myasthenic crisis from the competitors in its curation manifest.,true,Step 1; Step 2 CK; Step 3,Neurology; Internal Medicine; Pediatrics; Emergency Medicine,unverified_ai_generated
DNF-NEUR-8687D385DB0F,DIS-NEUR-104,FND-NEUR-NOSENSORYLOSS,present,supportive,Timing and phenotype determine sensitivity of no sensory loss in Myasthenic crisis.,No sensory loss is interpreted against the disease-specific mimics of Myasthenic crisis.,condition-specific,condition-specific,No sensory loss contributes a defined finding pattern to the explicit Myasthenic crisis illness script.,The selected No sensory loss pattern differentiates Myasthenic crisis from the competitors in its curation manifest.,true,Step 1; Step 2 CK; Step 3,Neurology; Internal Medicine; Pediatrics; Emergency Medicine,unverified_ai_generated
DNF-NEUR-B60AC6661E00,DIS-NEUR-104,FND-NEUR-ALBUMINOCYTOLOGICDIS,present,supportive,Timing and phenotype determine sensitivity of albuminocytologic dissociation in Myasthenic crisis.,Albuminocytologic dissociation is interpreted against the disease-specific mimics of Myasthenic crisis.,condition-specific,condition-specific,Albuminocytologic dissociation contributes a defined finding pattern to the explicit Myasthenic crisis illness script.,The selected Albuminocytologic dissociation pattern differentiates Myasthenic crisis from the competitors in its curation manifest.,true,Step 1; Step 2 CK; Step 3,Neurology; Internal Medicine; Pediatrics; Emergency Medicine,unverified_ai_generated
DNF-NEUR-8645792471DE,DIS-NEUR-104,FND-NEUR-ACETYLCHOLINERECEPTO,present,supportive,Timing and phenotype determine sensitivity of acetylcholine-receptor antibodies in Myasthenic crisis.,Acetylcholine-receptor antibodies is interpreted against the disease-specific mimics of Myasthenic crisis.,condition-specific,condition-specific,Acetylcholine-receptor antibodies contributes a defined finding pattern to the explicit Myasthenic crisis illness script.,The selected Acetylcholine-receptor antibodies pattern differentiates Myasthenic crisis from the competitors in its curation manifest.,true,Step 1; Step 2 CK; Step 3,Neurology; Internal Medicine; Pediatrics; Emergency Medicine,unverified_ai_generated
DNF-NEUR-732201D9E128,DIS-NEUR-105,FND-NEUR-NEUROFIBRILLARYTANGL,present,classic,Timing and phenotype determine sensitivity of neurofibrillary tangles in Cholinergic crisis.,Neurofibrillary tangles is interpreted against the disease-specific mimics of Cholinergic crisis.,condition-specific,condition-specific,Neurofibrillary tangles contributes a defined finding pattern to the explicit Cholinergic crisis illness script.,The selected Neurofibrillary tangles pattern differentiates Cholinergic crisis from the competitors in its curation manifest.,true,Step 1; Step 2 CK; Step 3,Neurology; Internal Medicine; Pediatrics; Emergency Medicine,unverified_ai_generated
DNF-NEUR-96F74077A9AC,DIS-NEUR-105,FND-NEUR-LEWYBODIES,present,supportive,Timing and phenotype determine sensitivity of lewy bodies in Cholinergic crisis.,Lewy bodies is interpreted against the disease-specific mimics of Cholinergic crisis.,condition-specific,condition-specific,Lewy bodies contributes a defined finding pattern to the explicit Cholinergic crisis illness script.,The selected Lewy bodies pattern differentiates Cholinergic crisis from the competitors in its curation manifest.,true,Step 1; Step 2 CK; Step 3,Neurology; Internal Medicine; Pediatrics; Emergency Medicine,unverified_ai_generated
DNF-NEUR-B2280329324C,DIS-NEUR-105,FND-NEUR-VENTRICULOMEGALY,present,supportive,Timing and phenotype determine sensitivity of ventriculomegaly in Cholinergic crisis.,Ventriculomegaly is interpreted against the disease-specific mimics of Cholinergic crisis.,condition-specific,condition-specific,Ventriculomegaly contributes a defined finding pattern to the explicit Cholinergic crisis illness script.,The selected Ventriculomegaly pattern differentiates Cholinergic crisis from the competitors in its curation manifest.,true,Step 1; Step 2 CK; Step 3,Neurology; Internal Medicine; Pediatrics; Emergency Medicine,unverified_ai_generated
DNF-NEUR-EF993DD4F85D,DIS-NEUR-105,FND-NEUR-9F0545F48A27,present,supportive,Timing and phenotype determine sensitivity of fluctuating attention in Cholinergic crisis.,Fluctuating attention is interpreted against the disease-specific mimics of Cholinergic crisis.,condition-specific,condition-specific,Fluctuating attention contributes a defined finding pattern to the explicit Cholinergic crisis illness script.,The selected Fluctuating attention pattern differentiates Cholinergic crisis from the competitors in its curation manifest.,true,Step 1; Step 2 CK; Step 3,Neurology; Internal Medicine; Pediatrics; Emergency Medicine,unverified_ai_generated
DNF-NEUR-EB2015E3064C,DIS-NEUR-106,FND-NEUR-FATIGABLEPTOSIS,present,classic,Timing and phenotype determine sensitivity of fatigable ptosis in Lambert-Eaton myasthenic syndrome.,Fatigable ptosis is interpreted against the disease-specific mimics of Lambert-Eaton myasthenic syndrome.,condition-specific,condition-specific,Fatigable ptosis contributes a defined finding pattern to the explicit Lambert-Eaton myasthenic syndrome illness script.,The selected Fatigable ptosis pattern differentiates Lambert-Eaton myasthenic syndrome from the competitors in its curation manifest.,true,Step 1; Step 2 CK; Step 3,Neurology; Internal Medicine; Pediatrics; Emergency Medicine,unverified_ai_generated
DNF-NEUR-97D6449AD1D3,DIS-NEUR-106,FND-NEUR-NOSENSORYLOSS,present,supportive,Timing and phenotype determine sensitivity of no sensory loss in Lambert-Eaton myasthenic syndrome.,No sensory loss is interpreted against the disease-specific mimics of Lambert-Eaton myasthenic syndrome.,condition-specific,condition-specific,No sensory loss contributes a defined finding pattern to the explicit Lambert-Eaton myasthenic syndrome illness script.,The selected No sensory loss pattern differentiates Lambert-Eaton myasthenic syndrome from the competitors in its curation manifest.,true,Step 1; Step 2 CK; Step 3,Neurology; Internal Medicine; Pediatrics; Emergency Medicine,unverified_ai_generated
DNF-NEUR-D20D02379814,DIS-NEUR-106,FND-NEUR-ALBUMINOCYTOLOGICDIS,present,supportive,Timing and phenotype determine sensitivity of albuminocytologic dissociation in Lambert-Eaton myasthenic syndrome.,Albuminocytologic dissociation is interpreted against the disease-specific mimics of Lambert-Eaton myasthenic syndrome.,condition-specific,condition-specific,Albuminocytologic dissociation contributes a defined finding pattern to the explicit Lambert-Eaton myasthenic syndrome illness script.,The selected Albuminocytologic dissociation pattern differentiates Lambert-Eaton myasthenic syndrome from the competitors in its curation manifest.,true,Step 1; Step 2 CK; Step 3,Neurology; Internal Medicine; Pediatrics; Emergency Medicine,unverified_ai_generated
DNF-NEUR-AF8B8E18EF41,DIS-NEUR-106,FND-NEUR-ACETYLCHOLINERECEPTO,present,supportive,Timing and phenotype determine sensitivity of acetylcholine-receptor antibodies in Lambert-Eaton myasthenic syndrome.,Acetylcholine-receptor antibodies is interpreted against the disease-specific mimics of Lambert-Eaton myasthenic syndrome.,condition-specific,condition-specific,Acetylcholine-receptor antibodies contributes a defined finding pattern to the explicit Lambert-Eaton myasthenic syndrome illness script.,The selected Acetylcholine-receptor antibodies pattern differentiates Lambert-Eaton myasthenic syndrome from the competitors in its curation manifest.,true,Step 1; Step 2 CK; Step 3,Neurology; Internal Medicine; Pediatrics; Emergency Medicine,unverified_ai_generated
DNF-NEUR-012A4EDD6E7C,DIS-NEUR-107,FND-NEUR-NEUROFIBRILLARYTANGL,present,classic,Timing and phenotype determine sensitivity of neurofibrillary tangles in Botulism.,Neurofibrillary tangles is interpreted against the disease-specific mimics of Botulism.,condition-specific,condition-specific,Neurofibrillary tangles contributes a defined finding pattern to the explicit Botulism illness script.,The selected Neurofibrillary tangles pattern differentiates Botulism from the competitors in its curation manifest.,true,Step 1; Step 2 CK; Step 3,Neurology; Internal Medicine; Pediatrics; Emergency Medicine,unverified_ai_generated
DNF-NEUR-F4E60B1A6CB9,DIS-NEUR-107,FND-NEUR-LEWYBODIES,present,supportive,Timing and phenotype determine sensitivity of lewy bodies in Botulism.,Lewy bodies is interpreted against the disease-specific mimics of Botulism.,condition-specific,condition-specific,Lewy bodies contributes a defined finding pattern to the explicit Botulism illness script.,The selected Lewy bodies pattern differentiates Botulism from the competitors in its curation manifest.,true,Step 1; Step 2 CK; Step 3,Neurology; Internal Medicine; Pediatrics; Emergency Medicine,unverified_ai_generated
DNF-NEUR-DBBEFC06751B,DIS-NEUR-107,FND-NEUR-VENTRICULOMEGALY,present,supportive,Timing and phenotype determine sensitivity of ventriculomegaly in Botulism.,Ventriculomegaly is interpreted against the disease-specific mimics of Botulism.,condition-specific,condition-specific,Ventriculomegaly contributes a defined finding pattern to the explicit Botulism illness script.,The selected Ventriculomegaly pattern differentiates Botulism from the competitors in its curation manifest.,true,Step 1; Step 2 CK; Step 3,Neurology; Internal Medicine; Pediatrics; Emergency Medicine,unverified_ai_generated
DNF-NEUR-BF71357B3ED9,DIS-NEUR-107,FND-NEUR-9F0545F48A27,present,supportive,Timing and phenotype determine sensitivity of fluctuating attention in Botulism.,Fluctuating attention is interpreted against the disease-specific mimics of Botulism.,condition-specific,condition-specific,Fluctuating attention contributes a defined finding pattern to the explicit Botulism illness script.,The selected Fluctuating attention pattern differentiates Botulism from the competitors in its curation manifest.,true,Step 1; Step 2 CK; Step 3,Neurology; Internal Medicine; Pediatrics; Emergency Medicine,unverified_ai_generated
DNF-NEUR-8012711C42A8,DIS-NEUR-108,FND-NEUR-FATIGABLEPTOSIS,present,classic,Timing and phenotype determine sensitivity of fatigable ptosis in Duchenne muscular dystrophy.,Fatigable ptosis is interpreted against the disease-specific mimics of Duchenne muscular dystrophy.,condition-specific,condition-specific,Fatigable ptosis contributes a defined finding pattern to the explicit Duchenne muscular dystrophy illness script.,The selected Fatigable ptosis pattern differentiates Duchenne muscular dystrophy from the competitors in its curation manifest.,true,Step 1; Step 2 CK; Step 3,Neurology; Internal Medicine; Pediatrics; Emergency Medicine,unverified_ai_generated
DNF-NEUR-23C8125DB7DD,DIS-NEUR-108,FND-NEUR-NOSENSORYLOSS,present,supportive,Timing and phenotype determine sensitivity of no sensory loss in Duchenne muscular dystrophy.,No sensory loss is interpreted against the disease-specific mimics of Duchenne muscular dystrophy.,condition-specific,condition-specific,No sensory loss contributes a defined finding pattern to the explicit Duchenne muscular dystrophy illness script.,The selected No sensory loss pattern differentiates Duchenne muscular dystrophy from the competitors in its curation manifest.,true,Step 1; Step 2 CK; Step 3,Neurology; Internal Medicine; Pediatrics; Emergency Medicine,unverified_ai_generated
DNF-NEUR-4AB3A838A49B,DIS-NEUR-108,FND-NEUR-ALBUMINOCYTOLOGICDIS,present,supportive,Timing and phenotype determine sensitivity of albuminocytologic dissociation in Duchenne muscular dystrophy.,Albuminocytologic dissociation is interpreted against the disease-specific mimics of Duchenne muscular dystrophy.,condition-specific,condition-specific,Albuminocytologic dissociation contributes a defined finding pattern to the explicit Duchenne muscular dystrophy illness script.,The selected Albuminocytologic dissociation pattern differentiates Duchenne muscular dystrophy from the competitors in its curation manifest.,true,Step 1; Step 2 CK; Step 3,Neurology; Internal Medicine; Pediatrics; Emergency Medicine,unverified_ai_generated
DNF-NEUR-95F2C25569BA,DIS-NEUR-108,FND-NEUR-ACETYLCHOLINERECEPTO,present,supportive,Timing and phenotype determine sensitivity of acetylcholine-receptor antibodies in Duchenne muscular dystrophy.,Acetylcholine-receptor antibodies is interpreted against the disease-specific mimics of Duchenne muscular dystrophy.,condition-specific,condition-specific,Acetylcholine-receptor antibodies contributes a defined finding pattern to the explicit Duchenne muscular dystrophy illness script.,The selected Acetylcholine-receptor antibodies pattern differentiates Duchenne muscular dystrophy from the competitors in its curation manifest.,true,Step 1; Step 2 CK; Step 3,Neurology; Internal Medicine; Pediatrics; Emergency Medicine,unverified_ai_generated
DNF-NEUR-55A6E5270184,DIS-NEUR-111,FND-NEUR-FATIGABLEPTOSIS,present,classic,Timing and phenotype determine sensitivity of fatigable ptosis in Rhabdomyolysis.,Fatigable ptosis is interpreted against the disease-specific mimics of Rhabdomyolysis.,condition-specific,condition-specific,Fatigable ptosis contributes a defined finding pattern to the explicit Rhabdomyolysis illness script.,The selected Fatigable ptosis pattern differentiates Rhabdomyolysis from the competitors in its curation manifest.,true,Step 1; Step 2 CK; Step 3,Neurology; Internal Medicine; Pediatrics; Emergency Medicine,unverified_ai_generated
DNF-NEUR-DACC8B9A7AB4,DIS-NEUR-111,FND-NEUR-NOSENSORYLOSS,present,supportive,Timing and phenotype determine sensitivity of no sensory loss in Rhabdomyolysis.,No sensory loss is interpreted against the disease-specific mimics of Rhabdomyolysis.,condition-specific,condition-specific,No sensory loss contributes a defined finding pattern to the explicit Rhabdomyolysis illness script.,The selected No sensory loss pattern differentiates Rhabdomyolysis from the competitors in its curation manifest.,true,Step 1; Step 2 CK; Step 3,Neurology; Internal Medicine; Pediatrics; Emergency Medicine,unverified_ai_generated
DNF-NEUR-CA7632E74927,DIS-NEUR-111,FND-NEUR-ALBUMINOCYTOLOGICDIS,present,supportive,Timing and phenotype determine sensitivity of albuminocytologic dissociation in Rhabdomyolysis.,Albuminocytologic dissociation is interpreted against the disease-specific mimics of Rhabdomyolysis.,condition-specific,condition-specific,Albuminocytologic dissociation contributes a defined finding pattern to the explicit Rhabdomyolysis illness script.,The selected Albuminocytologic dissociation pattern differentiates Rhabdomyolysis from the competitors in its curation manifest.,true,Step 1; Step 2 CK; Step 3,Neurology; Internal Medicine; Pediatrics; Emergency Medicine,unverified_ai_generated
DNF-NEUR-A3780F003942,DIS-NEUR-111,FND-NEUR-ACETYLCHOLINERECEPTO,present,supportive,Timing and phenotype determine sensitivity of acetylcholine-receptor antibodies in Rhabdomyolysis.,Acetylcholine-receptor antibodies is interpreted against the disease-specific mimics of Rhabdomyolysis.,condition-specific,condition-specific,Acetylcholine-receptor antibodies contributes a defined finding pattern to the explicit Rhabdomyolysis illness script.,The selected Acetylcholine-receptor antibodies pattern differentiates Rhabdomyolysis from the competitors in its curation manifest.,true,Step 1; Step 2 CK; Step 3,Neurology; Internal Medicine; Pediatrics; Emergency Medicine,unverified_ai_generated
DNF-NEUR-92616AEC4601,DIS-NEUR-112,FND-NEUR-FATIGABLEPTOSIS,present,classic,Timing and phenotype determine sensitivity of fatigable ptosis in Malignant hyperthermia.,Fatigable ptosis is interpreted against the disease-specific mimics of Malignant hyperthermia.,condition-specific,condition-specific,Fatigable ptosis contributes a defined finding pattern to the explicit Malignant hyperthermia illness script.,The selected Fatigable ptosis pattern differentiates Malignant hyperthermia from the competitors in its curation manifest.,true,Step 1; Step 2 CK; Step 3,Neurology; Internal Medicine; Pediatrics; Emergency Medicine,unverified_ai_generated
DNF-NEUR-43A42746EDE4,DIS-NEUR-112,FND-NEUR-NOSENSORYLOSS,present,supportive,Timing and phenotype determine sensitivity of no sensory loss in Malignant hyperthermia.,No sensory loss is interpreted against the disease-specific mimics of Malignant hyperthermia.,condition-specific,condition-specific,No sensory loss contributes a defined finding pattern to the explicit Malignant hyperthermia illness script.,The selected No sensory loss pattern differentiates Malignant hyperthermia from the competitors in its curation manifest.,true,Step 1; Step 2 CK; Step 3,Neurology; Internal Medicine; Pediatrics; Emergency Medicine,unverified_ai_generated
DNF-NEUR-5D441CC3DA68,DIS-NEUR-112,FND-NEUR-ALBUMINOCYTOLOGICDIS,present,supportive,Timing and phenotype determine sensitivity of albuminocytologic dissociation in Malignant hyperthermia.,Albuminocytologic dissociation is interpreted against the disease-specific mimics of Malignant hyperthermia.,condition-specific,condition-specific,Albuminocytologic dissociation contributes a defined finding pattern to the explicit Malignant hyperthermia illness script.,The selected Albuminocytologic dissociation pattern differentiates Malignant hyperthermia from the competitors in its curation manifest.,true,Step 1; Step 2 CK; Step 3,Neurology; Internal Medicine; Pediatrics; Emergency Medicine,unverified_ai_generated
DNF-NEUR-14CC8A0DF9D9,DIS-NEUR-112,FND-NEUR-ACETYLCHOLINERECEPTO,present,supportive,Timing and phenotype determine sensitivity of acetylcholine-receptor antibodies in Malignant hyperthermia.,Acetylcholine-receptor antibodies is interpreted against the disease-specific mimics of Malignant hyperthermia.,condition-specific,condition-specific,Acetylcholine-receptor antibodies contributes a defined finding pattern to the explicit Malignant hyperthermia illness script.,The selected Acetylcholine-receptor antibodies pattern differentiates Malignant hyperthermia from the competitors in its curation manifest.,true,Step 1; Step 2 CK; Step 3,Neurology; Internal Medicine; Pediatrics; Emergency Medicine,unverified_ai_generated
DNF-NEUR-305623BE617E,DIS-NEUR-113,FND-NEUR-AREFLEXIA,present,classic,Timing and phenotype determine sensitivity of areflexia in Diabetic polyneuropathy.,Areflexia is interpreted against the disease-specific mimics of Diabetic polyneuropathy.,condition-specific,condition-specific,Areflexia contributes a defined finding pattern to the explicit Diabetic polyneuropathy illness script.,The selected Areflexia pattern differentiates Diabetic polyneuropathy from the competitors in its curation manifest.,true,Step 1; Step 2 CK; Step 3,Neurology; Internal Medicine; Pediatrics; Emergency Medicine,unverified_ai_generated
DNF-NEUR-0AA36E15B278,DIS-NEUR-113,FND-NEUR-F8CC1E183585,present,supportive,Timing and phenotype determine sensitivity of length-dependent sensory loss in Diabetic polyneuropathy.,Length-dependent sensory loss is interpreted against the disease-specific mimics of Diabetic polyneuropathy.,condition-specific,condition-specific,Length-dependent sensory loss contributes a defined finding pattern to the explicit Diabetic polyneuropathy illness script.,The selected Length-dependent sensory loss pattern differentiates Diabetic polyneuropathy from the competitors in its curation manifest.,true,Step 1; Step 2 CK; Step 3,Neurology; Internal Medicine; Pediatrics; Emergency Medicine,unverified_ai_generated
DNF-NEUR-42A24D0D6CE7,DIS-NEUR-113,FND-NEUR-NOSENSORYLOSS,present,supportive,Timing and phenotype determine sensitivity of no sensory loss in Diabetic polyneuropathy.,No sensory loss is interpreted against the disease-specific mimics of Diabetic polyneuropathy.,condition-specific,condition-specific,No sensory loss contributes a defined finding pattern to the explicit Diabetic polyneuropathy illness script.,The selected No sensory loss pattern differentiates Diabetic polyneuropathy from the competitors in its curation manifest.,true,Step 1; Step 2 CK; Step 3,Neurology; Internal Medicine; Pediatrics; Emergency Medicine,unverified_ai_generated
DNF-NEUR-DC9B3E24961F,DIS-NEUR-113,FND-NEUR-FASCICULATIONS,present,supportive,Timing and phenotype determine sensitivity of fasciculations in Diabetic polyneuropathy.,Fasciculations is interpreted against the disease-specific mimics of Diabetic polyneuropathy.,condition-specific,condition-specific,Fasciculations contributes a defined finding pattern to the explicit Diabetic polyneuropathy illness script.,The selected Fasciculations pattern differentiates Diabetic polyneuropathy from the competitors in its curation manifest.,true,Step 1; Step 2 CK; Step 3,Neurology; Internal Medicine; Pediatrics; Emergency Medicine,unverified_ai_generated
DNF-NEUR-104CC3FE6FFA,DIS-NEUR-114,FND-NEUR-AREFLEXIA,present,classic,Timing and phenotype determine sensitivity of areflexia in Vitamin B12 deficiency neuropathy.,Areflexia is interpreted against the disease-specific mimics of Vitamin B12 deficiency neuropathy.,condition-specific,condition-specific,Areflexia contributes a defined finding pattern to the explicit Vitamin B12 deficiency neuropathy illness script.,The selected Areflexia pattern differentiates Vitamin B12 deficiency neuropathy from the competitors in its curation manifest.,true,Step 1; Step 2 CK; Step 3,Neurology; Internal Medicine; Pediatrics; Emergency Medicine,unverified_ai_generated
DNF-NEUR-2EE3F3F4FC14,DIS-NEUR-114,FND-NEUR-F8CC1E183585,present,supportive,Timing and phenotype determine sensitivity of length-dependent sensory loss in Vitamin B12 deficiency neuropathy.,Length-dependent sensory loss is interpreted against the disease-specific mimics of Vitamin B12 deficiency neuropathy.,condition-specific,condition-specific,Length-dependent sensory loss contributes a defined finding pattern to the explicit Vitamin B12 deficiency neuropathy illness script.,The selected Length-dependent sensory loss pattern differentiates Vitamin B12 deficiency neuropathy from the competitors in its curation manifest.,true,Step 1; Step 2 CK; Step 3,Neurology; Internal Medicine; Pediatrics; Emergency Medicine,unverified_ai_generated
DNF-NEUR-E555AF4837CB,DIS-NEUR-114,FND-NEUR-NOSENSORYLOSS,present,supportive,Timing and phenotype determine sensitivity of no sensory loss in Vitamin B12 deficiency neuropathy.,No sensory loss is interpreted against the disease-specific mimics of Vitamin B12 deficiency neuropathy.,condition-specific,condition-specific,No sensory loss contributes a defined finding pattern to the explicit Vitamin B12 deficiency neuropathy illness script.,The selected No sensory loss pattern differentiates Vitamin B12 deficiency neuropathy from the competitors in its curation manifest.,true,Step 1; Step 2 CK; Step 3,Neurology; Internal Medicine; Pediatrics; Emergency Medicine,unverified_ai_generated
DNF-NEUR-919A4EE15D15,DIS-NEUR-114,FND-NEUR-FASCICULATIONS,present,supportive,Timing and phenotype determine sensitivity of fasciculations in Vitamin B12 deficiency neuropathy.,Fasciculations is interpreted against the disease-specific mimics of Vitamin B12 deficiency neuropathy.,condition-specific,condition-specific,Fasciculations contributes a defined finding pattern to the explicit Vitamin B12 deficiency neuropathy illness script.,The selected Fasciculations pattern differentiates Vitamin B12 deficiency neuropathy from the competitors in its curation manifest.,true,Step 1; Step 2 CK; Step 3,Neurology; Internal Medicine; Pediatrics; Emergency Medicine,unverified_ai_generated
DNF-NEUR-10B14D093426,DIS-NEUR-116,FND-NEUR-AREFLEXIA,present,classic,Timing and phenotype determine sensitivity of areflexia in Ulnar neuropathy.,Areflexia is interpreted against the disease-specific mimics of Ulnar neuropathy.,condition-specific,condition-specific,Areflexia contributes a defined finding pattern to the explicit Ulnar neuropathy illness script.,The selected Areflexia pattern differentiates Ulnar neuropathy from the competitors in its curation manifest.,true,Step 1; Step 2 CK; Step 3,Neurology; Internal Medicine; Pediatrics; Emergency Medicine,unverified_ai_generated
DNF-NEUR-3FC86959CD87,DIS-NEUR-116,FND-NEUR-F8CC1E183585,present,supportive,Timing and phenotype determine sensitivity of length-dependent sensory loss in Ulnar neuropathy.,Length-dependent sensory loss is interpreted against the disease-specific mimics of Ulnar neuropathy.,condition-specific,condition-specific,Length-dependent sensory loss contributes a defined finding pattern to the explicit Ulnar neuropathy illness script.,The selected Length-dependent sensory loss pattern differentiates Ulnar neuropathy from the competitors in its curation manifest.,true,Step 1; Step 2 CK; Step 3,Neurology; Internal Medicine; Pediatrics; Emergency Medicine,unverified_ai_generated
DNF-NEUR-7A616FF609B1,DIS-NEUR-116,FND-NEUR-NOSENSORYLOSS,present,supportive,Timing and phenotype determine sensitivity of no sensory loss in Ulnar neuropathy.,No sensory loss is interpreted against the disease-specific mimics of Ulnar neuropathy.,condition-specific,condition-specific,No sensory loss contributes a defined finding pattern to the explicit Ulnar neuropathy illness script.,The selected No sensory loss pattern differentiates Ulnar neuropathy from the competitors in its curation manifest.,true,Step 1; Step 2 CK; Step 3,Neurology; Internal Medicine; Pediatrics; Emergency Medicine,unverified_ai_generated
DNF-NEUR-F094DFFCED13,DIS-NEUR-116,FND-NEUR-FASCICULATIONS,present,supportive,Timing and phenotype determine sensitivity of fasciculations in Ulnar neuropathy.,Fasciculations is interpreted against the disease-specific mimics of Ulnar neuropathy.,condition-specific,condition-specific,Fasciculations contributes a defined finding pattern to the explicit Ulnar neuropathy illness script.,The selected Fasciculations pattern differentiates Ulnar neuropathy from the competitors in its curation manifest.,true,Step 1; Step 2 CK; Step 3,Neurology; Internal Medicine; Pediatrics; Emergency Medicine,unverified_ai_generated
DNF-NEUR-A6ABF01C74FE,DIS-NEUR-117,FND-NEUR-AREFLEXIA,present,classic,Timing and phenotype determine sensitivity of areflexia in Common peroneal neuropathy.,Areflexia is interpreted against the disease-specific mimics of Common peroneal neuropathy.,condition-specific,condition-specific,Areflexia contributes a defined finding pattern to the explicit Common peroneal neuropathy illness script.,The selected Areflexia pattern differentiates Common peroneal neuropathy from the competitors in its curation manifest.,true,Step 1; Step 2 CK; Step 3,Neurology; Internal Medicine; Pediatrics; Emergency Medicine,unverified_ai_generated
DNF-NEUR-D275D6CFADD4,DIS-NEUR-117,FND-NEUR-F8CC1E183585,present,supportive,Timing and phenotype determine sensitivity of length-dependent sensory loss in Common peroneal neuropathy.,Length-dependent sensory loss is interpreted against the disease-specific mimics of Common peroneal neuropathy.,condition-specific,condition-specific,Length-dependent sensory loss contributes a defined finding pattern to the explicit Common peroneal neuropathy illness script.,The selected Length-dependent sensory loss pattern differentiates Common peroneal neuropathy from the competitors in its curation manifest.,true,Step 1; Step 2 CK; Step 3,Neurology; Internal Medicine; Pediatrics; Emergency Medicine,unverified_ai_generated
DNF-NEUR-AAC8C8A93AC2,DIS-NEUR-117,FND-NEUR-NOSENSORYLOSS,present,supportive,Timing and phenotype determine sensitivity of no sensory loss in Common peroneal neuropathy.,No sensory loss is interpreted against the disease-specific mimics of Common peroneal neuropathy.,condition-specific,condition-specific,No sensory loss contributes a defined finding pattern to the explicit Common peroneal neuropathy illness script.,The selected No sensory loss pattern differentiates Common peroneal neuropathy from the competitors in its curation manifest.,true,Step 1; Step 2 CK; Step 3,Neurology; Internal Medicine; Pediatrics; Emergency Medicine,unverified_ai_generated
DNF-NEUR-296E7B61BB4F,DIS-NEUR-117,FND-NEUR-FASCICULATIONS,present,supportive,Timing and phenotype determine sensitivity of fasciculations in Common peroneal neuropathy.,Fasciculations is interpreted against the disease-specific mimics of Common peroneal neuropathy.,condition-specific,condition-specific,Fasciculations contributes a defined finding pattern to the explicit Common peroneal neuropathy illness script.,The selected Fasciculations pattern differentiates Common peroneal neuropathy from the competitors in its curation manifest.,true,Step 1; Step 2 CK; Step 3,Neurology; Internal Medicine; Pediatrics; Emergency Medicine,unverified_ai_generated
DNF-NEUR-04BC6FCFA28B,DIS-NEUR-118,FND-NEUR-FACIALWEAKNESS,present,classic,Timing and phenotype determine sensitivity of facial weakness in Bell palsy.,Facial weakness is interpreted against the disease-specific mimics of Bell palsy.,condition-specific,condition-specific,Facial weakness contributes a defined finding pattern to the explicit Bell palsy illness script.,The selected Facial weakness pattern differentiates Bell palsy from the competitors in its curation manifest.,true,Step 1; Step 2 CK; Step 3,Neurology; Internal Medicine; Pediatrics; Emergency Medicine,unverified_ai_generated
DNF-NEUR-B6B054A14D84,DIS-NEUR-118,FND-NEUR-B6591F1AB720,present,supportive,Timing and phenotype determine sensitivity of inability to close eye in Bell palsy.,Inability to close eye is interpreted against the disease-specific mimics of Bell palsy.,condition-specific,condition-specific,Inability to close eye contributes a defined finding pattern to the explicit Bell palsy illness script.,The selected Inability to close eye pattern differentiates Bell palsy from the competitors in its curation manifest.,true,Step 1; Step 2 CK; Step 3,Neurology; Internal Medicine; Pediatrics; Emergency Medicine,unverified_ai_generated
DNF-NEUR-473E5A48BB52,DIS-NEUR-118,FND-NEUR-59E824355180,present,supportive,Timing and phenotype determine sensitivity of vesicular ear rash in Bell palsy.,Vesicular ear rash is interpreted against the disease-specific mimics of Bell palsy.,condition-specific,condition-specific,Vesicular ear rash contributes a defined finding pattern to the explicit Bell palsy illness script.,The selected Vesicular ear rash pattern differentiates Bell palsy from the competitors in its curation manifest.,true,Step 1; Step 2 CK; Step 3,Neurology; Internal Medicine; Pediatrics; Emergency Medicine,unverified_ai_generated
DNF-NEUR-3BAA53554C33,DIS-NEUR-119,FND-NEUR-FACIALWEAKNESS,present,classic,Timing and phenotype determine sensitivity of facial weakness in Ramsay Hunt syndrome.,Facial weakness is interpreted against the disease-specific mimics of Ramsay Hunt syndrome.,condition-specific,condition-specific,Facial weakness contributes a defined finding pattern to the explicit Ramsay Hunt syndrome illness script.,The selected Facial weakness pattern differentiates Ramsay Hunt syndrome from the competitors in its curation manifest.,true,Step 1; Step 2 CK; Step 3,Neurology; Internal Medicine; Pediatrics; Emergency Medicine,unverified_ai_generated
DNF-NEUR-A189D92527C9,DIS-NEUR-119,FND-NEUR-B6591F1AB720,present,supportive,Timing and phenotype determine sensitivity of inability to close eye in Ramsay Hunt syndrome.,Inability to close eye is interpreted against the disease-specific mimics of Ramsay Hunt syndrome.,condition-specific,condition-specific,Inability to close eye contributes a defined finding pattern to the explicit Ramsay Hunt syndrome illness script.,The selected Inability to close eye pattern differentiates Ramsay Hunt syndrome from the competitors in its curation manifest.,true,Step 1; Step 2 CK; Step 3,Neurology; Internal Medicine; Pediatrics; Emergency Medicine,unverified_ai_generated
DNF-NEUR-313544FFA1E8,DIS-NEUR-119,FND-NEUR-59E824355180,present,supportive,Timing and phenotype determine sensitivity of vesicular ear rash in Ramsay Hunt syndrome.,Vesicular ear rash is interpreted against the disease-specific mimics of Ramsay Hunt syndrome.,condition-specific,condition-specific,Vesicular ear rash contributes a defined finding pattern to the explicit Ramsay Hunt syndrome illness script.,The selected Vesicular ear rash pattern differentiates Ramsay Hunt syndrome from the competitors in its curation manifest.,true,Step 1; Step 2 CK; Step 3,Neurology; Internal Medicine; Pediatrics; Emergency Medicine,unverified_ai_generated
DNF-NEUR-D3354997B33D,DIS-NEUR-125,FND-NEUR-PRONATORDRIFT,present,classic,Timing and phenotype determine sensitivity of pronator drift in Anterior spinal artery syndrome.,Pronator drift is interpreted against the disease-specific mimics of Anterior spinal artery syndrome.,condition-specific,condition-specific,Pronator drift contributes a defined finding pattern to the explicit Anterior spinal artery syndrome illness script.,The selected Pronator drift pattern differentiates Anterior spinal artery syndrome from the competitors in its curation manifest.,true,Step 1; Step 2 CK; Step 3,Neurology; Internal Medicine; Pediatrics; Emergency Medicine,unverified_ai_generated
DNF-NEUR-8569D3C86F36,DIS-NEUR-125,FND-NEUR-DIFFUSIONRESTRICTION,present,supportive,Timing and phenotype determine sensitivity of diffusion restriction in Anterior spinal artery syndrome.,Diffusion restriction is interpreted against the disease-specific mimics of Anterior spinal artery syndrome.,condition-specific,condition-specific,Diffusion restriction contributes a defined finding pattern to the explicit Anterior spinal artery syndrome illness script.,The selected Diffusion restriction pattern differentiates Anterior spinal artery syndrome from the competitors in its curation manifest.,true,Step 1; Step 2 CK; Step 3,Neurology; Internal Medicine; Pediatrics; Emergency Medicine,unverified_ai_generated
DNF-NEUR-841924DA3571,DIS-NEUR-125,FND-NEUR-HYPERDENSEMCASIGN,present,supportive,Timing and phenotype determine sensitivity of hyperdense mca sign in Anterior spinal artery syndrome.,Hyperdense MCA sign is interpreted against the disease-specific mimics of Anterior spinal artery syndrome.,condition-specific,condition-specific,Hyperdense MCA sign contributes a defined finding pattern to the explicit Anterior spinal artery syndrome illness script.,The selected Hyperdense MCA sign pattern differentiates Anterior spinal artery syndrome from the competitors in its curation manifest.,true,Step 1; Step 2 CK; Step 3,Neurology; Internal Medicine; Pediatrics; Emergency Medicine,unverified_ai_generated
DNF-NEUR-4D95AF11A5B8,DIS-NEUR-125,FND-NEUR-BABINSKISIGN,present,supportive,Timing and phenotype determine sensitivity of babinski sign in Anterior spinal artery syndrome.,Babinski sign is interpreted against the disease-specific mimics of Anterior spinal artery syndrome.,condition-specific,condition-specific,Babinski sign contributes a defined finding pattern to the explicit Anterior spinal artery syndrome illness script.,The selected Babinski sign pattern differentiates Anterior spinal artery syndrome from the competitors in its curation manifest.,true,Step 1; Step 2 CK; Step 3,Neurology; Internal Medicine; Pediatrics; Emergency Medicine,unverified_ai_generated
DNF-NEUR-D2839FF9C603,DIS-NEUR-125,FND-NEUR-03E035AA6C05,present,supportive,Timing and phenotype determine sensitivity of visual field deficit in Anterior spinal artery syndrome.,Visual field deficit is interpreted against the disease-specific mimics of Anterior spinal artery syndrome.,condition-specific,condition-specific,Visual field deficit contributes a defined finding pattern to the explicit Anterior spinal artery syndrome illness script.,The selected Visual field deficit pattern differentiates Anterior spinal artery syndrome from the competitors in its curation manifest.,true,Step 1; Step 2 CK; Step 3,Neurology; Internal Medicine; Pediatrics; Emergency Medicine,unverified_ai_generated
DNF-NEUR-F7EE0E4F4F40,DIS-NEUR-125,FND-NEUR-8A3D2C68E664,present,supportive,Timing and phenotype determine sensitivity of crossed neurologic findings in Anterior spinal artery syndrome.,Crossed neurologic findings is interpreted against the disease-specific mimics of Anterior spinal artery syndrome.,condition-specific,condition-specific,Crossed neurologic findings contributes a defined finding pattern to the explicit Anterior spinal artery syndrome illness script.,The selected Crossed neurologic findings pattern differentiates Anterior spinal artery syndrome from the competitors in its curation manifest.,true,Step 1; Step 2 CK; Step 3,Neurology; Internal Medicine; Pediatrics; Emergency Medicine,unverified_ai_generated
DNF-NEUR-80EBFB5D553D,DIS-NEUR-126,FND-NEUR-SENSORYLEVEL,present,classic,Timing and phenotype determine sensitivity of sensory level in Brown-Sequard syndrome.,Sensory level is interpreted against the disease-specific mimics of Brown-Sequard syndrome.,condition-specific,condition-specific,Sensory level contributes a defined finding pattern to the explicit Brown-Sequard syndrome illness script.,The selected Sensory level pattern differentiates Brown-Sequard syndrome from the competitors in its curation manifest.,true,Step 1; Step 2 CK; Step 3,Neurology; Internal Medicine; Pediatrics; Emergency Medicine,unverified_ai_generated
DNF-NEUR-5C49320E0519,DIS-NEUR-126,FND-NEUR-SADDLEANESTHESIA,present,supportive,Timing and phenotype determine sensitivity of saddle anesthesia in Brown-Sequard syndrome.,Saddle anesthesia is interpreted against the disease-specific mimics of Brown-Sequard syndrome.,condition-specific,condition-specific,Saddle anesthesia contributes a defined finding pattern to the explicit Brown-Sequard syndrome illness script.,The selected Saddle anesthesia pattern differentiates Brown-Sequard syndrome from the competitors in its curation manifest.,true,Step 1; Step 2 CK; Step 3,Neurology; Internal Medicine; Pediatrics; Emergency Medicine,unverified_ai_generated
DNF-NEUR-9000357FDD3B,DIS-NEUR-126,FND-NEUR-SPASTICITY,present,supportive,Timing and phenotype determine sensitivity of spasticity in Brown-Sequard syndrome.,Spasticity is interpreted against the disease-specific mimics of Brown-Sequard syndrome.,condition-specific,condition-specific,Spasticity contributes a defined finding pattern to the explicit Brown-Sequard syndrome illness script.,The selected Spasticity pattern differentiates Brown-Sequard syndrome from the competitors in its curation manifest.,true,Step 1; Step 2 CK; Step 3,Neurology; Internal Medicine; Pediatrics; Emergency Medicine,unverified_ai_generated
DNF-NEUR-73D2263030B9,DIS-NEUR-126,FND-NEUR-HYPERREFLEXIA,present,supportive,Timing and phenotype determine sensitivity of hyperreflexia in Brown-Sequard syndrome.,Hyperreflexia is interpreted against the disease-specific mimics of Brown-Sequard syndrome.,condition-specific,condition-specific,Hyperreflexia contributes a defined finding pattern to the explicit Brown-Sequard syndrome illness script.,The selected Hyperreflexia pattern differentiates Brown-Sequard syndrome from the competitors in its curation manifest.,true,Step 1; Step 2 CK; Step 3,Neurology; Internal Medicine; Pediatrics; Emergency Medicine,unverified_ai_generated
DNF-NEUR-3EC779B4CEAE,DIS-NEUR-126,FND-NEUR-CAPELIKESENSORYLOSS,present,supportive,Timing and phenotype determine sensitivity of cape-like sensory loss in Brown-Sequard syndrome.,Cape-like sensory loss is interpreted against the disease-specific mimics of Brown-Sequard syndrome.,condition-specific,condition-specific,Cape-like sensory loss contributes a defined finding pattern to the explicit Brown-Sequard syndrome illness script.,The selected Cape-like sensory loss pattern differentiates Brown-Sequard syndrome from the competitors in its curation manifest.,true,Step 1; Step 2 CK; Step 3,Neurology; Internal Medicine; Pediatrics; Emergency Medicine,unverified_ai_generated
DNF-NEUR-EC1D95A39A8C,DIS-NEUR-126,FND-NEUR-87188389447E,present,supportive,Timing and phenotype determine sensitivity of bowel-bladder dysfunction in Brown-Sequard syndrome.,Bowel-bladder dysfunction is interpreted against the disease-specific mimics of Brown-Sequard syndrome.,condition-specific,condition-specific,Bowel-bladder dysfunction contributes a defined finding pattern to the explicit Brown-Sequard syndrome illness script.,The selected Bowel-bladder dysfunction pattern differentiates Brown-Sequard syndrome from the competitors in its curation manifest.,true,Step 1; Step 2 CK; Step 3,Neurology; Internal Medicine; Pediatrics; Emergency Medicine,unverified_ai_generated
DNF-NEUR-369179B13B78,DIS-NEUR-127,FND-NEUR-SENSORYLEVEL,present,classic,Timing and phenotype determine sensitivity of sensory level in Syringomyelia.,Sensory level is interpreted against the disease-specific mimics of Syringomyelia.,condition-specific,condition-specific,Sensory level contributes a defined finding pattern to the explicit Syringomyelia illness script.,The selected Sensory level pattern differentiates Syringomyelia from the competitors in its curation manifest.,true,Step 1; Step 2 CK; Step 3,Neurology; Internal Medicine; Pediatrics; Emergency Medicine,unverified_ai_generated
DNF-NEUR-2841F7679220,DIS-NEUR-127,FND-NEUR-SADDLEANESTHESIA,present,supportive,Timing and phenotype determine sensitivity of saddle anesthesia in Syringomyelia.,Saddle anesthesia is interpreted against the disease-specific mimics of Syringomyelia.,condition-specific,condition-specific,Saddle anesthesia contributes a defined finding pattern to the explicit Syringomyelia illness script.,The selected Saddle anesthesia pattern differentiates Syringomyelia from the competitors in its curation manifest.,true,Step 1; Step 2 CK; Step 3,Neurology; Internal Medicine; Pediatrics; Emergency Medicine,unverified_ai_generated
DNF-NEUR-FC606F129EC8,DIS-NEUR-127,FND-NEUR-SPASTICITY,present,supportive,Timing and phenotype determine sensitivity of spasticity in Syringomyelia.,Spasticity is interpreted against the disease-specific mimics of Syringomyelia.,condition-specific,condition-specific,Spasticity contributes a defined finding pattern to the explicit Syringomyelia illness script.,The selected Spasticity pattern differentiates Syringomyelia from the competitors in its curation manifest.,true,Step 1; Step 2 CK; Step 3,Neurology; Internal Medicine; Pediatrics; Emergency Medicine,unverified_ai_generated
DNF-NEUR-D94C43AA424B,DIS-NEUR-127,FND-NEUR-HYPERREFLEXIA,present,supportive,Timing and phenotype determine sensitivity of hyperreflexia in Syringomyelia.,Hyperreflexia is interpreted against the disease-specific mimics of Syringomyelia.,condition-specific,condition-specific,Hyperreflexia contributes a defined finding pattern to the explicit Syringomyelia illness script.,The selected Hyperreflexia pattern differentiates Syringomyelia from the competitors in its curation manifest.,true,Step 1; Step 2 CK; Step 3,Neurology; Internal Medicine; Pediatrics; Emergency Medicine,unverified_ai_generated
DNF-NEUR-09E786933EB9,DIS-NEUR-127,FND-NEUR-CAPELIKESENSORYLOSS,present,supportive,Timing and phenotype determine sensitivity of cape-like sensory loss in Syringomyelia.,Cape-like sensory loss is interpreted against the disease-specific mimics of Syringomyelia.,condition-specific,condition-specific,Cape-like sensory loss contributes a defined finding pattern to the explicit Syringomyelia illness script.,The selected Cape-like sensory loss pattern differentiates Syringomyelia from the competitors in its curation manifest.,true,Step 1; Step 2 CK; Step 3,Neurology; Internal Medicine; Pediatrics; Emergency Medicine,unverified_ai_generated
DNF-NEUR-117D5D5DE327,DIS-NEUR-127,FND-NEUR-87188389447E,present,supportive,Timing and phenotype determine sensitivity of bowel-bladder dysfunction in Syringomyelia.,Bowel-bladder dysfunction is interpreted against the disease-specific mimics of Syringomyelia.,condition-specific,condition-specific,Bowel-bladder dysfunction contributes a defined finding pattern to the explicit Syringomyelia illness script.,The selected Bowel-bladder dysfunction pattern differentiates Syringomyelia from the competitors in its curation manifest.,true,Step 1; Step 2 CK; Step 3,Neurology; Internal Medicine; Pediatrics; Emergency Medicine,unverified_ai_generated
DNF-NEUR-51B6D65A780D,DIS-NEUR-128,FND-NEUR-NEUROFIBRILLARYTANGL,present,classic,Timing and phenotype determine sensitivity of neurofibrillary tangles in Amyotrophic lateral sclerosis.,Neurofibrillary tangles is interpreted against the disease-specific mimics of Amyotrophic lateral sclerosis.,condition-specific,condition-specific,Neurofibrillary tangles contributes a defined finding pattern to the explicit Amyotrophic lateral sclerosis illness script.,The selected Neurofibrillary tangles pattern differentiates Amyotrophic lateral sclerosis from the competitors in its curation manifest.,true,Step 1; Step 2 CK; Step 3,Neurology; Internal Medicine; Pediatrics; Emergency Medicine,unverified_ai_generated
DNF-NEUR-33678D999352,DIS-NEUR-128,FND-NEUR-LEWYBODIES,present,supportive,Timing and phenotype determine sensitivity of lewy bodies in Amyotrophic lateral sclerosis.,Lewy bodies is interpreted against the disease-specific mimics of Amyotrophic lateral sclerosis.,condition-specific,condition-specific,Lewy bodies contributes a defined finding pattern to the explicit Amyotrophic lateral sclerosis illness script.,The selected Lewy bodies pattern differentiates Amyotrophic lateral sclerosis from the competitors in its curation manifest.,true,Step 1; Step 2 CK; Step 3,Neurology; Internal Medicine; Pediatrics; Emergency Medicine,unverified_ai_generated
DNF-NEUR-BF0F1B5BA288,DIS-NEUR-128,FND-NEUR-VENTRICULOMEGALY,present,supportive,Timing and phenotype determine sensitivity of ventriculomegaly in Amyotrophic lateral sclerosis.,Ventriculomegaly is interpreted against the disease-specific mimics of Amyotrophic lateral sclerosis.,condition-specific,condition-specific,Ventriculomegaly contributes a defined finding pattern to the explicit Amyotrophic lateral sclerosis illness script.,The selected Ventriculomegaly pattern differentiates Amyotrophic lateral sclerosis from the competitors in its curation manifest.,true,Step 1; Step 2 CK; Step 3,Neurology; Internal Medicine; Pediatrics; Emergency Medicine,unverified_ai_generated
DNF-NEUR-6A1C4B26B207,DIS-NEUR-128,FND-NEUR-9F0545F48A27,present,supportive,Timing and phenotype determine sensitivity of fluctuating attention in Amyotrophic lateral sclerosis.,Fluctuating attention is interpreted against the disease-specific mimics of Amyotrophic lateral sclerosis.,condition-specific,condition-specific,Fluctuating attention contributes a defined finding pattern to the explicit Amyotrophic lateral sclerosis illness script.,The selected Fluctuating attention pattern differentiates Amyotrophic lateral sclerosis from the competitors in its curation manifest.,true,Step 1; Step 2 CK; Step 3,Neurology; Internal Medicine; Pediatrics; Emergency Medicine,unverified_ai_generated
DNF-NEUR-D2F30524E3B2,DIS-NEUR-128,FND-NEUR-116242E6B543,present,supportive,Timing and phenotype determine sensitivity of visual hallucinations in Amyotrophic lateral sclerosis.,Visual hallucinations is interpreted against the disease-specific mimics of Amyotrophic lateral sclerosis.,condition-specific,condition-specific,Visual hallucinations contributes a defined finding pattern to the explicit Amyotrophic lateral sclerosis illness script.,The selected Visual hallucinations pattern differentiates Amyotrophic lateral sclerosis from the competitors in its curation manifest.,true,Step 1; Step 2 CK; Step 3,Neurology; Internal Medicine; Pediatrics; Emergency Medicine,unverified_ai_generated
DNF-NEUR-E5B13CBC3A8D,DIS-NEUR-129,FND-NEUR-NEUROFIBRILLARYTANGL,present,classic,Timing and phenotype determine sensitivity of neurofibrillary tangles in Glioblastoma.,Neurofibrillary tangles is interpreted against the disease-specific mimics of Glioblastoma.,condition-specific,condition-specific,Neurofibrillary tangles contributes a defined finding pattern to the explicit Glioblastoma illness script.,The selected Neurofibrillary tangles pattern differentiates Glioblastoma from the competitors in its curation manifest.,true,Step 1; Step 2 CK; Step 3,Neurology; Internal Medicine; Pediatrics; Emergency Medicine,unverified_ai_generated
DNF-NEUR-18B6E00B8C4C,DIS-NEUR-129,FND-NEUR-LEWYBODIES,present,supportive,Timing and phenotype determine sensitivity of lewy bodies in Glioblastoma.,Lewy bodies is interpreted against the disease-specific mimics of Glioblastoma.,condition-specific,condition-specific,Lewy bodies contributes a defined finding pattern to the explicit Glioblastoma illness script.,The selected Lewy bodies pattern differentiates Glioblastoma from the competitors in its curation manifest.,true,Step 1; Step 2 CK; Step 3,Neurology; Internal Medicine; Pediatrics; Emergency Medicine,unverified_ai_generated
DNF-NEUR-408FBEC091C0,DIS-NEUR-129,FND-NEUR-VENTRICULOMEGALY,present,supportive,Timing and phenotype determine sensitivity of ventriculomegaly in Glioblastoma.,Ventriculomegaly is interpreted against the disease-specific mimics of Glioblastoma.,condition-specific,condition-specific,Ventriculomegaly contributes a defined finding pattern to the explicit Glioblastoma illness script.,The selected Ventriculomegaly pattern differentiates Glioblastoma from the competitors in its curation manifest.,true,Step 1; Step 2 CK; Step 3,Neurology; Internal Medicine; Pediatrics; Emergency Medicine,unverified_ai_generated
DNF-NEUR-76D2AF2CF684,DIS-NEUR-129,FND-NEUR-9F0545F48A27,present,supportive,Timing and phenotype determine sensitivity of fluctuating attention in Glioblastoma.,Fluctuating attention is interpreted against the disease-specific mimics of Glioblastoma.,condition-specific,condition-specific,Fluctuating attention contributes a defined finding pattern to the explicit Glioblastoma illness script.,The selected Fluctuating attention pattern differentiates Glioblastoma from the competitors in its curation manifest.,true,Step 1; Step 2 CK; Step 3,Neurology; Internal Medicine; Pediatrics; Emergency Medicine,unverified_ai_generated
DNF-NEUR-A167CD9D7C55,DIS-NEUR-130,FND-NEUR-MIDLINESHIFT,present,classic,Timing and phenotype determine sensitivity of midline shift in Oligodendroglioma.,Midline shift is interpreted against the disease-specific mimics of Oligodendroglioma.,condition-specific,condition-specific,Midline shift contributes a defined finding pattern to the explicit Oligodendroglioma illness script.,The selected Midline shift pattern differentiates Oligodendroglioma from the competitors in its curation manifest.,true,Step 1; Step 2 CK; Step 3,Neurology; Internal Medicine; Pediatrics; Emergency Medicine,unverified_ai_generated
DNF-NEUR-EAAB2E0A73B9,DIS-NEUR-130,FND-NEUR-BUTTERFLYGLIOMA,present,supportive,Timing and phenotype determine sensitivity of butterfly glioma in Oligodendroglioma.,Butterfly glioma is interpreted against the disease-specific mimics of Oligodendroglioma.,condition-specific,condition-specific,Butterfly glioma contributes a defined finding pattern to the explicit Oligodendroglioma illness script.,The selected Butterfly glioma pattern differentiates Oligodendroglioma from the competitors in its curation manifest.,true,Step 1; Step 2 CK; Step 3,Neurology; Internal Medicine; Pediatrics; Emergency Medicine,unverified_ai_generated
DNF-NEUR-C3C89A089DE8,DIS-NEUR-130,FND-NEUR-DURALTAIL,present,supportive,Timing and phenotype determine sensitivity of dural tail in Oligodendroglioma.,Dural tail is interpreted against the disease-specific mimics of Oligodendroglioma.,condition-specific,condition-specific,Dural tail contributes a defined finding pattern to the explicit Oligodendroglioma illness script.,The selected Dural tail pattern differentiates Oligodendroglioma from the competitors in its curation manifest.,true,Step 1; Step 2 CK; Step 3,Neurology; Internal Medicine; Pediatrics; Emergency Medicine,unverified_ai_generated
DNF-NEUR-C4628BB7D605,DIS-NEUR-130,FND-NEUR-PSEUDOPALISADINGNECR,present,supportive,Timing and phenotype determine sensitivity of pseudopalisading necrosis in Oligodendroglioma.,Pseudopalisading necrosis is interpreted against the disease-specific mimics of Oligodendroglioma.,condition-specific,condition-specific,Pseudopalisading necrosis contributes a defined finding pattern to the explicit Oligodendroglioma illness script.,The selected Pseudopalisading necrosis pattern differentiates Oligodendroglioma from the competitors in its curation manifest.,true,Step 1; Step 2 CK; Step 3,Neurology; Internal Medicine; Pediatrics; Emergency Medicine,unverified_ai_generated
DNF-NEUR-EBE571130ACA,DIS-NEUR-131,FND-NEUR-MENINGISMUS,present,classic,Timing and phenotype determine sensitivity of meningismus in Meningioma.,Meningismus is interpreted against the disease-specific mimics of Meningioma.,condition-specific,condition-specific,Meningismus contributes a defined finding pattern to the explicit Meningioma illness script.,The selected Meningismus pattern differentiates Meningioma from the competitors in its curation manifest.,true,Step 1; Step 2 CK; Step 3,Neurology; Internal Medicine; Pediatrics; Emergency Medicine,unverified_ai_generated
DNF-NEUR-213CA7760557,DIS-NEUR-131,FND-NEUR-NEUTROPHILICCSF,present,supportive,Timing and phenotype determine sensitivity of neutrophilic csf in Meningioma.,Neutrophilic CSF is interpreted against the disease-specific mimics of Meningioma.,condition-specific,condition-specific,Neutrophilic CSF contributes a defined finding pattern to the explicit Meningioma illness script.,The selected Neutrophilic CSF pattern differentiates Meningioma from the competitors in its curation manifest.,true,Step 1; Step 2 CK; Step 3,Neurology; Internal Medicine; Pediatrics; Emergency Medicine,unverified_ai_generated
DNF-NEUR-D2C32BFC4309,DIS-NEUR-131,FND-NEUR-LYMPHOCYTICCSF,present,supportive,Timing and phenotype determine sensitivity of lymphocytic csf in Meningioma.,Lymphocytic CSF is interpreted against the disease-specific mimics of Meningioma.,condition-specific,condition-specific,Lymphocytic CSF contributes a defined finding pattern to the explicit Meningioma illness script.,The selected Lymphocytic CSF pattern differentiates Meningioma from the competitors in its curation manifest.,true,Step 1; Step 2 CK; Step 3,Neurology; Internal Medicine; Pediatrics; Emergency Medicine,unverified_ai_generated
DNF-NEUR-E0C1DAB55AE2,DIS-NEUR-131,FND-NEUR-LOWCSFGLUCOSE,present,supportive,Timing and phenotype determine sensitivity of low csf glucose in Meningioma.,Low CSF glucose is interpreted against the disease-specific mimics of Meningioma.,condition-specific,condition-specific,Low CSF glucose contributes a defined finding pattern to the explicit Meningioma illness script.,The selected Low CSF glucose pattern differentiates Meningioma from the competitors in its curation manifest.,true,Step 1; Step 2 CK; Step 3,Neurology; Internal Medicine; Pediatrics; Emergency Medicine,unverified_ai_generated
DNF-NEUR-05205E2812C9,DIS-NEUR-132,FND-NEUR-MIDLINESHIFT,present,classic,Timing and phenotype determine sensitivity of midline shift in Vestibular schwannoma.,Midline shift is interpreted against the disease-specific mimics of Vestibular schwannoma.,condition-specific,condition-specific,Midline shift contributes a defined finding pattern to the explicit Vestibular schwannoma illness script.,The selected Midline shift pattern differentiates Vestibular schwannoma from the competitors in its curation manifest.,true,Step 1; Step 2 CK; Step 3,Neurology; Internal Medicine; Pediatrics; Emergency Medicine,unverified_ai_generated
DNF-NEUR-95E25404A2DC,DIS-NEUR-132,FND-NEUR-BUTTERFLYGLIOMA,present,supportive,Timing and phenotype determine sensitivity of butterfly glioma in Vestibular schwannoma.,Butterfly glioma is interpreted against the disease-specific mimics of Vestibular schwannoma.,condition-specific,condition-specific,Butterfly glioma contributes a defined finding pattern to the explicit Vestibular schwannoma illness script.,The selected Butterfly glioma pattern differentiates Vestibular schwannoma from the competitors in its curation manifest.,true,Step 1; Step 2 CK; Step 3,Neurology; Internal Medicine; Pediatrics; Emergency Medicine,unverified_ai_generated
DNF-NEUR-275B3A886548,DIS-NEUR-132,FND-NEUR-DURALTAIL,present,supportive,Timing and phenotype determine sensitivity of dural tail in Vestibular schwannoma.,Dural tail is interpreted against the disease-specific mimics of Vestibular schwannoma.,condition-specific,condition-specific,Dural tail contributes a defined finding pattern to the explicit Vestibular schwannoma illness script.,The selected Dural tail pattern differentiates Vestibular schwannoma from the competitors in its curation manifest.,true,Step 1; Step 2 CK; Step 3,Neurology; Internal Medicine; Pediatrics; Emergency Medicine,unverified_ai_generated
DNF-NEUR-59988463B818,DIS-NEUR-132,FND-NEUR-PSEUDOPALISADINGNECR,present,supportive,Timing and phenotype determine sensitivity of pseudopalisading necrosis in Vestibular schwannoma.,Pseudopalisading necrosis is interpreted against the disease-specific mimics of Vestibular schwannoma.,condition-specific,condition-specific,Pseudopalisading necrosis contributes a defined finding pattern to the explicit Vestibular schwannoma illness script.,The selected Pseudopalisading necrosis pattern differentiates Vestibular schwannoma from the competitors in its curation manifest.,true,Step 1; Step 2 CK; Step 3,Neurology; Internal Medicine; Pediatrics; Emergency Medicine,unverified_ai_generated
DNF-NEUR-791BE461EEA7,DIS-NEUR-133,FND-NEUR-MIDLINESHIFT,present,classic,Timing and phenotype determine sensitivity of midline shift in Pituitary adenoma.,Midline shift is interpreted against the disease-specific mimics of Pituitary adenoma.,condition-specific,condition-specific,Midline shift contributes a defined finding pattern to the explicit Pituitary adenoma illness script.,The selected Midline shift pattern differentiates Pituitary adenoma from the competitors in its curation manifest.,true,Step 1; Step 2 CK; Step 3,Neurology; Internal Medicine; Pediatrics; Emergency Medicine,unverified_ai_generated
DNF-NEUR-A69875D73EF1,DIS-NEUR-133,FND-NEUR-BUTTERFLYGLIOMA,present,supportive,Timing and phenotype determine sensitivity of butterfly glioma in Pituitary adenoma.,Butterfly glioma is interpreted against the disease-specific mimics of Pituitary adenoma.,condition-specific,condition-specific,Butterfly glioma contributes a defined finding pattern to the explicit Pituitary adenoma illness script.,The selected Butterfly glioma pattern differentiates Pituitary adenoma from the competitors in its curation manifest.,true,Step 1; Step 2 CK; Step 3,Neurology; Internal Medicine; Pediatrics; Emergency Medicine,unverified_ai_generated
DNF-NEUR-B5B7E3CB4C53,DIS-NEUR-133,FND-NEUR-DURALTAIL,present,supportive,Timing and phenotype determine sensitivity of dural tail in Pituitary adenoma.,Dural tail is interpreted against the disease-specific mimics of Pituitary adenoma.,condition-specific,condition-specific,Dural tail contributes a defined finding pattern to the explicit Pituitary adenoma illness script.,The selected Dural tail pattern differentiates Pituitary adenoma from the competitors in its curation manifest.,true,Step 1; Step 2 CK; Step 3,Neurology; Internal Medicine; Pediatrics; Emergency Medicine,unverified_ai_generated
DNF-NEUR-ECE03D1DE355,DIS-NEUR-133,FND-NEUR-PSEUDOPALISADINGNECR,present,supportive,Timing and phenotype determine sensitivity of pseudopalisading necrosis in Pituitary adenoma.,Pseudopalisading necrosis is interpreted against the disease-specific mimics of Pituitary adenoma.,condition-specific,condition-specific,Pseudopalisading necrosis contributes a defined finding pattern to the explicit Pituitary adenoma illness script.,The selected Pseudopalisading necrosis pattern differentiates Pituitary adenoma from the competitors in its curation manifest.,true,Step 1; Step 2 CK; Step 3,Neurology; Internal Medicine; Pediatrics; Emergency Medicine,unverified_ai_generated
DNF-NEUR-2D4B08465FDF,DIS-NEUR-134,FND-NEUR-MIDLINESHIFT,present,classic,Timing and phenotype determine sensitivity of midline shift in Medulloblastoma.,Midline shift is interpreted against the disease-specific mimics of Medulloblastoma.,condition-specific,condition-specific,Midline shift contributes a defined finding pattern to the explicit Medulloblastoma illness script.,The selected Midline shift pattern differentiates Medulloblastoma from the competitors in its curation manifest.,true,Step 1; Step 2 CK; Step 3,Neurology; Internal Medicine; Pediatrics; Emergency Medicine,unverified_ai_generated
DNF-NEUR-FE2E486FE672,DIS-NEUR-134,FND-NEUR-BUTTERFLYGLIOMA,present,supportive,Timing and phenotype determine sensitivity of butterfly glioma in Medulloblastoma.,Butterfly glioma is interpreted against the disease-specific mimics of Medulloblastoma.,condition-specific,condition-specific,Butterfly glioma contributes a defined finding pattern to the explicit Medulloblastoma illness script.,The selected Butterfly glioma pattern differentiates Medulloblastoma from the competitors in its curation manifest.,true,Step 1; Step 2 CK; Step 3,Neurology; Internal Medicine; Pediatrics; Emergency Medicine,unverified_ai_generated
DNF-NEUR-1A7DDC1FCD3D,DIS-NEUR-134,FND-NEUR-DURALTAIL,present,supportive,Timing and phenotype determine sensitivity of dural tail in Medulloblastoma.,Dural tail is interpreted against the disease-specific mimics of Medulloblastoma.,condition-specific,condition-specific,Dural tail contributes a defined finding pattern to the explicit Medulloblastoma illness script.,The selected Dural tail pattern differentiates Medulloblastoma from the competitors in its curation manifest.,true,Step 1; Step 2 CK; Step 3,Neurology; Internal Medicine; Pediatrics; Emergency Medicine,unverified_ai_generated
DNF-NEUR-2B39EF56D59D,DIS-NEUR-134,FND-NEUR-PSEUDOPALISADINGNECR,present,supportive,Timing and phenotype determine sensitivity of pseudopalisading necrosis in Medulloblastoma.,Pseudopalisading necrosis is interpreted against the disease-specific mimics of Medulloblastoma.,condition-specific,condition-specific,Pseudopalisading necrosis contributes a defined finding pattern to the explicit Medulloblastoma illness script.,The selected Pseudopalisading necrosis pattern differentiates Medulloblastoma from the competitors in its curation manifest.,true,Step 1; Step 2 CK; Step 3,Neurology; Internal Medicine; Pediatrics; Emergency Medicine,unverified_ai_generated
DNF-NEUR-0131EF9D8337,DIS-NEUR-135,FND-NEUR-MIDLINESHIFT,present,classic,Timing and phenotype determine sensitivity of midline shift in Primary CNS lymphoma.,Midline shift is interpreted against the disease-specific mimics of Primary CNS lymphoma.,condition-specific,condition-specific,Midline shift contributes a defined finding pattern to the explicit Primary CNS lymphoma illness script.,The selected Midline shift pattern differentiates Primary CNS lymphoma from the competitors in its curation manifest.,true,Step 1; Step 2 CK; Step 3,Neurology; Internal Medicine; Pediatrics; Emergency Medicine,unverified_ai_generated
DNF-NEUR-7B386CF295FF,DIS-NEUR-135,FND-NEUR-BUTTERFLYGLIOMA,present,supportive,Timing and phenotype determine sensitivity of butterfly glioma in Primary CNS lymphoma.,Butterfly glioma is interpreted against the disease-specific mimics of Primary CNS lymphoma.,condition-specific,condition-specific,Butterfly glioma contributes a defined finding pattern to the explicit Primary CNS lymphoma illness script.,The selected Butterfly glioma pattern differentiates Primary CNS lymphoma from the competitors in its curation manifest.,true,Step 1; Step 2 CK; Step 3,Neurology; Internal Medicine; Pediatrics; Emergency Medicine,unverified_ai_generated
DNF-NEUR-27ABAD0E6D1C,DIS-NEUR-135,FND-NEUR-DURALTAIL,present,supportive,Timing and phenotype determine sensitivity of dural tail in Primary CNS lymphoma.,Dural tail is interpreted against the disease-specific mimics of Primary CNS lymphoma.,condition-specific,condition-specific,Dural tail contributes a defined finding pattern to the explicit Primary CNS lymphoma illness script.,The selected Dural tail pattern differentiates Primary CNS lymphoma from the competitors in its curation manifest.,true,Step 1; Step 2 CK; Step 3,Neurology; Internal Medicine; Pediatrics; Emergency Medicine,unverified_ai_generated
DNF-NEUR-4C5BA02BF6D5,DIS-NEUR-135,FND-NEUR-PSEUDOPALISADINGNECR,present,supportive,Timing and phenotype determine sensitivity of pseudopalisading necrosis in Primary CNS lymphoma.,Pseudopalisading necrosis is interpreted against the disease-specific mimics of Primary CNS lymphoma.,condition-specific,condition-specific,Pseudopalisading necrosis contributes a defined finding pattern to the explicit Primary CNS lymphoma illness script.,The selected Pseudopalisading necrosis pattern differentiates Primary CNS lymphoma from the competitors in its curation manifest.,true,Step 1; Step 2 CK; Step 3,Neurology; Internal Medicine; Pediatrics; Emergency Medicine,unverified_ai_generated
DNF-NEUR-FE5F3B539E57,DIS-NEUR-136,FND-NEUR-MIDLINESHIFT,present,classic,Timing and phenotype determine sensitivity of midline shift in Brain metastases.,Midline shift is interpreted against the disease-specific mimics of Brain metastases.,condition-specific,condition-specific,Midline shift contributes a defined finding pattern to the explicit Brain metastases illness script.,The selected Midline shift pattern differentiates Brain metastases from the competitors in its curation manifest.,true,Step 1; Step 2 CK; Step 3,Neurology; Internal Medicine; Pediatrics; Emergency Medicine,unverified_ai_generated
DNF-NEUR-43E9FD057587,DIS-NEUR-136,FND-NEUR-BUTTERFLYGLIOMA,present,supportive,Timing and phenotype determine sensitivity of butterfly glioma in Brain metastases.,Butterfly glioma is interpreted against the disease-specific mimics of Brain metastases.,condition-specific,condition-specific,Butterfly glioma contributes a defined finding pattern to the explicit Brain metastases illness script.,The selected Butterfly glioma pattern differentiates Brain metastases from the competitors in its curation manifest.,true,Step 1; Step 2 CK; Step 3,Neurology; Internal Medicine; Pediatrics; Emergency Medicine,unverified_ai_generated
DNF-NEUR-757C1F89265B,DIS-NEUR-136,FND-NEUR-DURALTAIL,present,supportive,Timing and phenotype determine sensitivity of dural tail in Brain metastases.,Dural tail is interpreted against the disease-specific mimics of Brain metastases.,condition-specific,condition-specific,Dural tail contributes a defined finding pattern to the explicit Brain metastases illness script.,The selected Dural tail pattern differentiates Brain metastases from the competitors in its curation manifest.,true,Step 1; Step 2 CK; Step 3,Neurology; Internal Medicine; Pediatrics; Emergency Medicine,unverified_ai_generated
DNF-NEUR-2A0D2F4EDF32,DIS-NEUR-136,FND-NEUR-PSEUDOPALISADINGNECR,present,supportive,Timing and phenotype determine sensitivity of pseudopalisading necrosis in Brain metastases.,Pseudopalisading necrosis is interpreted against the disease-specific mimics of Brain metastases.,condition-specific,condition-specific,Pseudopalisading necrosis contributes a defined finding pattern to the explicit Brain metastases illness script.,The selected Pseudopalisading necrosis pattern differentiates Brain metastases from the competitors in its curation manifest.,true,Step 1; Step 2 CK; Step 3,Neurology; Internal Medicine; Pediatrics; Emergency Medicine,unverified_ai_generated
DNF-NEUR-9282937871C4,DIS-NEUR-137,FND-NEUR-NEUROFIBRILLARYTANGL,present,classic,Timing and phenotype determine sensitivity of neurofibrillary tangles in Increased intracranial pressure.,Neurofibrillary tangles is interpreted against the disease-specific mimics of Increased intracranial pressure.,condition-specific,condition-specific,Neurofibrillary tangles contributes a defined finding pattern to the explicit Increased intracranial pressure illness script.,The selected Neurofibrillary tangles pattern differentiates Increased intracranial pressure from the competitors in its curation manifest.,true,Step 1; Step 2 CK; Step 3,Neurology; Internal Medicine; Pediatrics; Emergency Medicine,unverified_ai_generated
DNF-NEUR-A294D5604829,DIS-NEUR-137,FND-NEUR-LEWYBODIES,present,supportive,Timing and phenotype determine sensitivity of lewy bodies in Increased intracranial pressure.,Lewy bodies is interpreted against the disease-specific mimics of Increased intracranial pressure.,condition-specific,condition-specific,Lewy bodies contributes a defined finding pattern to the explicit Increased intracranial pressure illness script.,The selected Lewy bodies pattern differentiates Increased intracranial pressure from the competitors in its curation manifest.,true,Step 1; Step 2 CK; Step 3,Neurology; Internal Medicine; Pediatrics; Emergency Medicine,unverified_ai_generated
DNF-NEUR-30681CA89670,DIS-NEUR-137,FND-NEUR-VENTRICULOMEGALY,present,supportive,Timing and phenotype determine sensitivity of ventriculomegaly in Increased intracranial pressure.,Ventriculomegaly is interpreted against the disease-specific mimics of Increased intracranial pressure.,condition-specific,condition-specific,Ventriculomegaly contributes a defined finding pattern to the explicit Increased intracranial pressure illness script.,The selected Ventriculomegaly pattern differentiates Increased intracranial pressure from the competitors in its curation manifest.,true,Step 1; Step 2 CK; Step 3,Neurology; Internal Medicine; Pediatrics; Emergency Medicine,unverified_ai_generated
DNF-NEUR-BC823BECF527,DIS-NEUR-137,FND-NEUR-9F0545F48A27,present,supportive,Timing and phenotype determine sensitivity of fluctuating attention in Increased intracranial pressure.,Fluctuating attention is interpreted against the disease-specific mimics of Increased intracranial pressure.,condition-specific,condition-specific,Fluctuating attention contributes a defined finding pattern to the explicit Increased intracranial pressure illness script.,The selected Fluctuating attention pattern differentiates Increased intracranial pressure from the competitors in its curation manifest.,true,Step 1; Step 2 CK; Step 3,Neurology; Internal Medicine; Pediatrics; Emergency Medicine,unverified_ai_generated
DNF-NEUR-08D155AF148E,DIS-NEUR-137,FND-NEUR-116242E6B543,present,supportive,Timing and phenotype determine sensitivity of visual hallucinations in Increased intracranial pressure.,Visual hallucinations is interpreted against the disease-specific mimics of Increased intracranial pressure.,condition-specific,condition-specific,Visual hallucinations contributes a defined finding pattern to the explicit Increased intracranial pressure illness script.,The selected Visual hallucinations pattern differentiates Increased intracranial pressure from the competitors in its curation manifest.,true,Step 1; Step 2 CK; Step 3,Neurology; Internal Medicine; Pediatrics; Emergency Medicine,unverified_ai_generated
DNF-NEUR-D697B0CDE3CE,DIS-NEUR-138,FND-NEUR-NEUROFIBRILLARYTANGL,present,classic,Timing and phenotype determine sensitivity of neurofibrillary tangles in Obstructive hydrocephalus.,Neurofibrillary tangles is interpreted against the disease-specific mimics of Obstructive hydrocephalus.,condition-specific,condition-specific,Neurofibrillary tangles contributes a defined finding pattern to the explicit Obstructive hydrocephalus illness script.,The selected Neurofibrillary tangles pattern differentiates Obstructive hydrocephalus from the competitors in its curation manifest.,true,Step 1; Step 2 CK; Step 3,Neurology; Internal Medicine; Pediatrics; Emergency Medicine,unverified_ai_generated
DNF-NEUR-EFAF6F6EB761,DIS-NEUR-138,FND-NEUR-LEWYBODIES,present,supportive,Timing and phenotype determine sensitivity of lewy bodies in Obstructive hydrocephalus.,Lewy bodies is interpreted against the disease-specific mimics of Obstructive hydrocephalus.,condition-specific,condition-specific,Lewy bodies contributes a defined finding pattern to the explicit Obstructive hydrocephalus illness script.,The selected Lewy bodies pattern differentiates Obstructive hydrocephalus from the competitors in its curation manifest.,true,Step 1; Step 2 CK; Step 3,Neurology; Internal Medicine; Pediatrics; Emergency Medicine,unverified_ai_generated
DNF-NEUR-7281257FA5CC,DIS-NEUR-138,FND-NEUR-VENTRICULOMEGALY,present,supportive,Timing and phenotype determine sensitivity of ventriculomegaly in Obstructive hydrocephalus.,Ventriculomegaly is interpreted against the disease-specific mimics of Obstructive hydrocephalus.,condition-specific,condition-specific,Ventriculomegaly contributes a defined finding pattern to the explicit Obstructive hydrocephalus illness script.,The selected Ventriculomegaly pattern differentiates Obstructive hydrocephalus from the competitors in its curation manifest.,true,Step 1; Step 2 CK; Step 3,Neurology; Internal Medicine; Pediatrics; Emergency Medicine,unverified_ai_generated
DNF-NEUR-6C582E051FF2,DIS-NEUR-138,FND-NEUR-9F0545F48A27,present,supportive,Timing and phenotype determine sensitivity of fluctuating attention in Obstructive hydrocephalus.,Fluctuating attention is interpreted against the disease-specific mimics of Obstructive hydrocephalus.,condition-specific,condition-specific,Fluctuating attention contributes a defined finding pattern to the explicit Obstructive hydrocephalus illness script.,The selected Fluctuating attention pattern differentiates Obstructive hydrocephalus from the competitors in its curation manifest.,true,Step 1; Step 2 CK; Step 3,Neurology; Internal Medicine; Pediatrics; Emergency Medicine,unverified_ai_generated
DNF-NEUR-04E25782473F,DIS-NEUR-138,FND-NEUR-116242E6B543,present,supportive,Timing and phenotype determine sensitivity of visual hallucinations in Obstructive hydrocephalus.,Visual hallucinations is interpreted against the disease-specific mimics of Obstructive hydrocephalus.,condition-specific,condition-specific,Visual hallucinations contributes a defined finding pattern to the explicit Obstructive hydrocephalus illness script.,The selected Visual hallucinations pattern differentiates Obstructive hydrocephalus from the competitors in its curation manifest.,true,Step 1; Step 2 CK; Step 3,Neurology; Internal Medicine; Pediatrics; Emergency Medicine,unverified_ai_generated
DNF-NEUR-94054B37AF87,DIS-NEUR-139,FND-NEUR-NEUROFIBRILLARYTANGL,present,classic,Timing and phenotype determine sensitivity of neurofibrillary tangles in Communicating hydrocephalus.,Neurofibrillary tangles is interpreted against the disease-specific mimics of Communicating hydrocephalus.,condition-specific,condition-specific,Neurofibrillary tangles contributes a defined finding pattern to the explicit Communicating hydrocephalus illness script.,The selected Neurofibrillary tangles pattern differentiates Communicating hydrocephalus from the competitors in its curation manifest.,true,Step 1; Step 2 CK; Step 3,Neurology; Internal Medicine; Pediatrics; Emergency Medicine,unverified_ai_generated
DNF-NEUR-4149028E80BD,DIS-NEUR-139,FND-NEUR-LEWYBODIES,present,supportive,Timing and phenotype determine sensitivity of lewy bodies in Communicating hydrocephalus.,Lewy bodies is interpreted against the disease-specific mimics of Communicating hydrocephalus.,condition-specific,condition-specific,Lewy bodies contributes a defined finding pattern to the explicit Communicating hydrocephalus illness script.,The selected Lewy bodies pattern differentiates Communicating hydrocephalus from the competitors in its curation manifest.,true,Step 1; Step 2 CK; Step 3,Neurology; Internal Medicine; Pediatrics; Emergency Medicine,unverified_ai_generated
DNF-NEUR-57C9F428815A,DIS-NEUR-139,FND-NEUR-VENTRICULOMEGALY,present,supportive,Timing and phenotype determine sensitivity of ventriculomegaly in Communicating hydrocephalus.,Ventriculomegaly is interpreted against the disease-specific mimics of Communicating hydrocephalus.,condition-specific,condition-specific,Ventriculomegaly contributes a defined finding pattern to the explicit Communicating hydrocephalus illness script.,The selected Ventriculomegaly pattern differentiates Communicating hydrocephalus from the competitors in its curation manifest.,true,Step 1; Step 2 CK; Step 3,Neurology; Internal Medicine; Pediatrics; Emergency Medicine,unverified_ai_generated
DNF-NEUR-86F810A49CE7,DIS-NEUR-139,FND-NEUR-9F0545F48A27,present,supportive,Timing and phenotype determine sensitivity of fluctuating attention in Communicating hydrocephalus.,Fluctuating attention is interpreted against the disease-specific mimics of Communicating hydrocephalus.,condition-specific,condition-specific,Fluctuating attention contributes a defined finding pattern to the explicit Communicating hydrocephalus illness script.,The selected Fluctuating attention pattern differentiates Communicating hydrocephalus from the competitors in its curation manifest.,true,Step 1; Step 2 CK; Step 3,Neurology; Internal Medicine; Pediatrics; Emergency Medicine,unverified_ai_generated
DNF-NEUR-C24C1DD1340B,DIS-NEUR-139,FND-NEUR-116242E6B543,present,supportive,Timing and phenotype determine sensitivity of visual hallucinations in Communicating hydrocephalus.,Visual hallucinations is interpreted against the disease-specific mimics of Communicating hydrocephalus.,condition-specific,condition-specific,Visual hallucinations contributes a defined finding pattern to the explicit Communicating hydrocephalus illness script.,The selected Visual hallucinations pattern differentiates Communicating hydrocephalus from the competitors in its curation manifest.,true,Step 1; Step 2 CK; Step 3,Neurology; Internal Medicine; Pediatrics; Emergency Medicine,unverified_ai_generated
DNF-NEUR-DB6F722732A4,DIS-NEUR-140,FND-NEUR-NEUROFIBRILLARYTANGL,present,classic,Timing and phenotype determine sensitivity of neurofibrillary tangles in Uncal herniation.,Neurofibrillary tangles is interpreted against the disease-specific mimics of Uncal herniation.,condition-specific,condition-specific,Neurofibrillary tangles contributes a defined finding pattern to the explicit Uncal herniation illness script.,The selected Neurofibrillary tangles pattern differentiates Uncal herniation from the competitors in its curation manifest.,true,Step 1; Step 2 CK; Step 3,Neurology; Internal Medicine; Pediatrics; Emergency Medicine,unverified_ai_generated
DNF-NEUR-C88E3FCEE084,DIS-NEUR-140,FND-NEUR-LEWYBODIES,present,supportive,Timing and phenotype determine sensitivity of lewy bodies in Uncal herniation.,Lewy bodies is interpreted against the disease-specific mimics of Uncal herniation.,condition-specific,condition-specific,Lewy bodies contributes a defined finding pattern to the explicit Uncal herniation illness script.,The selected Lewy bodies pattern differentiates Uncal herniation from the competitors in its curation manifest.,true,Step 1; Step 2 CK; Step 3,Neurology; Internal Medicine; Pediatrics; Emergency Medicine,unverified_ai_generated
DNF-NEUR-937A57C34A85,DIS-NEUR-140,FND-NEUR-VENTRICULOMEGALY,present,supportive,Timing and phenotype determine sensitivity of ventriculomegaly in Uncal herniation.,Ventriculomegaly is interpreted against the disease-specific mimics of Uncal herniation.,condition-specific,condition-specific,Ventriculomegaly contributes a defined finding pattern to the explicit Uncal herniation illness script.,The selected Ventriculomegaly pattern differentiates Uncal herniation from the competitors in its curation manifest.,true,Step 1; Step 2 CK; Step 3,Neurology; Internal Medicine; Pediatrics; Emergency Medicine,unverified_ai_generated
DNF-NEUR-3F00361FB18F,DIS-NEUR-140,FND-NEUR-9F0545F48A27,present,supportive,Timing and phenotype determine sensitivity of fluctuating attention in Uncal herniation.,Fluctuating attention is interpreted against the disease-specific mimics of Uncal herniation.,condition-specific,condition-specific,Fluctuating attention contributes a defined finding pattern to the explicit Uncal herniation illness script.,The selected Fluctuating attention pattern differentiates Uncal herniation from the competitors in its curation manifest.,true,Step 1; Step 2 CK; Step 3,Neurology; Internal Medicine; Pediatrics; Emergency Medicine,unverified_ai_generated
DNF-NEUR-6576756BB28F,DIS-NEUR-140,FND-NEUR-116242E6B543,present,supportive,Timing and phenotype determine sensitivity of visual hallucinations in Uncal herniation.,Visual hallucinations is interpreted against the disease-specific mimics of Uncal herniation.,condition-specific,condition-specific,Visual hallucinations contributes a defined finding pattern to the explicit Uncal herniation illness script.,The selected Visual hallucinations pattern differentiates Uncal herniation from the competitors in its curation manifest.,true,Step 1; Step 2 CK; Step 3,Neurology; Internal Medicine; Pediatrics; Emergency Medicine,unverified_ai_generated
DNF-NEUR-D363D552F639,DIS-NEUR-141,FND-NEUR-NEUROFIBRILLARYTANGL,present,classic,Timing and phenotype determine sensitivity of neurofibrillary tangles in Papilledema.,Neurofibrillary tangles is interpreted against the disease-specific mimics of Papilledema.,condition-specific,condition-specific,Neurofibrillary tangles contributes a defined finding pattern to the explicit Papilledema illness script.,The selected Neurofibrillary tangles pattern differentiates Papilledema from the competitors in its curation manifest.,true,Step 1; Step 2 CK; Step 3,Neurology; Internal Medicine; Pediatrics; Emergency Medicine,unverified_ai_generated
DNF-NEUR-276C032D5833,DIS-NEUR-141,FND-NEUR-LEWYBODIES,present,supportive,Timing and phenotype determine sensitivity of lewy bodies in Papilledema.,Lewy bodies is interpreted against the disease-specific mimics of Papilledema.,condition-specific,condition-specific,Lewy bodies contributes a defined finding pattern to the explicit Papilledema illness script.,The selected Lewy bodies pattern differentiates Papilledema from the competitors in its curation manifest.,true,Step 1; Step 2 CK; Step 3,Neurology; Internal Medicine; Pediatrics; Emergency Medicine,unverified_ai_generated
DNF-NEUR-66E4C2D5E2F6,DIS-NEUR-141,FND-NEUR-VENTRICULOMEGALY,present,supportive,Timing and phenotype determine sensitivity of ventriculomegaly in Papilledema.,Ventriculomegaly is interpreted against the disease-specific mimics of Papilledema.,condition-specific,condition-specific,Ventriculomegaly contributes a defined finding pattern to the explicit Papilledema illness script.,The selected Ventriculomegaly pattern differentiates Papilledema from the competitors in its curation manifest.,true,Step 1; Step 2 CK; Step 3,Neurology; Internal Medicine; Pediatrics; Emergency Medicine,unverified_ai_generated
DNF-NEUR-CBEBE67E11BC,DIS-NEUR-141,FND-NEUR-9F0545F48A27,present,supportive,Timing and phenotype determine sensitivity of fluctuating attention in Papilledema.,Fluctuating attention is interpreted against the disease-specific mimics of Papilledema.,condition-specific,condition-specific,Fluctuating attention contributes a defined finding pattern to the explicit Papilledema illness script.,The selected Fluctuating attention pattern differentiates Papilledema from the competitors in its curation manifest.,true,Step 1; Step 2 CK; Step 3,Neurology; Internal Medicine; Pediatrics; Emergency Medicine,unverified_ai_generated
DNF-NEUR-3EEA48A959A4,DIS-NEUR-141,FND-NEUR-116242E6B543,present,supportive,Timing and phenotype determine sensitivity of visual hallucinations in Papilledema.,Visual hallucinations is interpreted against the disease-specific mimics of Papilledema.,condition-specific,condition-specific,Visual hallucinations contributes a defined finding pattern to the explicit Papilledema illness script.,The selected Visual hallucinations pattern differentiates Papilledema from the competitors in its curation manifest.,true,Step 1; Step 2 CK; Step 3,Neurology; Internal Medicine; Pediatrics; Emergency Medicine,unverified_ai_generated
DNF-NEUR-10E24AE791E5,DIS-NEUR-142,FND-NEUR-AREFLEXIA,present,classic,Timing and phenotype determine sensitivity of areflexia in Oculomotor nerve palsy.,Areflexia is interpreted against the disease-specific mimics of Oculomotor nerve palsy.,condition-specific,condition-specific,Areflexia contributes a defined finding pattern to the explicit Oculomotor nerve palsy illness script.,The selected Areflexia pattern differentiates Oculomotor nerve palsy from the competitors in its curation manifest.,true,Step 1; Step 2 CK; Step 3,Neurology; Internal Medicine; Pediatrics; Emergency Medicine,unverified_ai_generated
DNF-NEUR-2D2DCDC6AB59,DIS-NEUR-142,FND-NEUR-F8CC1E183585,present,supportive,Timing and phenotype determine sensitivity of length-dependent sensory loss in Oculomotor nerve palsy.,Length-dependent sensory loss is interpreted against the disease-specific mimics of Oculomotor nerve palsy.,condition-specific,condition-specific,Length-dependent sensory loss contributes a defined finding pattern to the explicit Oculomotor nerve palsy illness script.,The selected Length-dependent sensory loss pattern differentiates Oculomotor nerve palsy from the competitors in its curation manifest.,true,Step 1; Step 2 CK; Step 3,Neurology; Internal Medicine; Pediatrics; Emergency Medicine,unverified_ai_generated
DNF-NEUR-2F88EFF3E939,DIS-NEUR-142,FND-NEUR-NOSENSORYLOSS,present,supportive,Timing and phenotype determine sensitivity of no sensory loss in Oculomotor nerve palsy.,No sensory loss is interpreted against the disease-specific mimics of Oculomotor nerve palsy.,condition-specific,condition-specific,No sensory loss contributes a defined finding pattern to the explicit Oculomotor nerve palsy illness script.,The selected No sensory loss pattern differentiates Oculomotor nerve palsy from the competitors in its curation manifest.,true,Step 1; Step 2 CK; Step 3,Neurology; Internal Medicine; Pediatrics; Emergency Medicine,unverified_ai_generated
DNF-NEUR-911B85F0470E,DIS-NEUR-142,FND-NEUR-FASCICULATIONS,present,supportive,Timing and phenotype determine sensitivity of fasciculations in Oculomotor nerve palsy.,Fasciculations is interpreted against the disease-specific mimics of Oculomotor nerve palsy.,condition-specific,condition-specific,Fasciculations contributes a defined finding pattern to the explicit Oculomotor nerve palsy illness script.,The selected Fasciculations pattern differentiates Oculomotor nerve palsy from the competitors in its curation manifest.,true,Step 1; Step 2 CK; Step 3,Neurology; Internal Medicine; Pediatrics; Emergency Medicine,unverified_ai_generated
DNF-NEUR-BDAECA2E24C3,DIS-NEUR-143,FND-NEUR-AREFLEXIA,present,classic,Timing and phenotype determine sensitivity of areflexia in Abducens nerve palsy.,Areflexia is interpreted against the disease-specific mimics of Abducens nerve palsy.,condition-specific,condition-specific,Areflexia contributes a defined finding pattern to the explicit Abducens nerve palsy illness script.,The selected Areflexia pattern differentiates Abducens nerve palsy from the competitors in its curation manifest.,true,Step 1; Step 2 CK; Step 3,Neurology; Internal Medicine; Pediatrics; Emergency Medicine,unverified_ai_generated
DNF-NEUR-83156714CD4C,DIS-NEUR-143,FND-NEUR-F8CC1E183585,present,supportive,Timing and phenotype determine sensitivity of length-dependent sensory loss in Abducens nerve palsy.,Length-dependent sensory loss is interpreted against the disease-specific mimics of Abducens nerve palsy.,condition-specific,condition-specific,Length-dependent sensory loss contributes a defined finding pattern to the explicit Abducens nerve palsy illness script.,The selected Length-dependent sensory loss pattern differentiates Abducens nerve palsy from the competitors in its curation manifest.,true,Step 1; Step 2 CK; Step 3,Neurology; Internal Medicine; Pediatrics; Emergency Medicine,unverified_ai_generated
DNF-NEUR-A39A2722D509,DIS-NEUR-143,FND-NEUR-NOSENSORYLOSS,present,supportive,Timing and phenotype determine sensitivity of no sensory loss in Abducens nerve palsy.,No sensory loss is interpreted against the disease-specific mimics of Abducens nerve palsy.,condition-specific,condition-specific,No sensory loss contributes a defined finding pattern to the explicit Abducens nerve palsy illness script.,The selected No sensory loss pattern differentiates Abducens nerve palsy from the competitors in its curation manifest.,true,Step 1; Step 2 CK; Step 3,Neurology; Internal Medicine; Pediatrics; Emergency Medicine,unverified_ai_generated
DNF-NEUR-C87B38345869,DIS-NEUR-143,FND-NEUR-FASCICULATIONS,present,supportive,Timing and phenotype determine sensitivity of fasciculations in Abducens nerve palsy.,Fasciculations is interpreted against the disease-specific mimics of Abducens nerve palsy.,condition-specific,condition-specific,Fasciculations contributes a defined finding pattern to the explicit Abducens nerve palsy illness script.,The selected Fasciculations pattern differentiates Abducens nerve palsy from the competitors in its curation manifest.,true,Step 1; Step 2 CK; Step 3,Neurology; Internal Medicine; Pediatrics; Emergency Medicine,unverified_ai_generated
DNF-NEUR-12CFB3446B22,DIS-NEUR-144,FND-NEUR-NEUROFIBRILLARYTANGL,present,classic,Timing and phenotype determine sensitivity of neurofibrillary tangles in Internuclear ophthalmoplegia.,Neurofibrillary tangles is interpreted against the disease-specific mimics of Internuclear ophthalmoplegia.,condition-specific,condition-specific,Neurofibrillary tangles contributes a defined finding pattern to the explicit Internuclear ophthalmoplegia illness script.,The selected Neurofibrillary tangles pattern differentiates Internuclear ophthalmoplegia from the competitors in its curation manifest.,true,Step 1; Step 2 CK; Step 3,Neurology; Internal Medicine; Pediatrics; Emergency Medicine,unverified_ai_generated
DNF-NEUR-50F9A492CE20,DIS-NEUR-144,FND-NEUR-LEWYBODIES,present,supportive,Timing and phenotype determine sensitivity of lewy bodies in Internuclear ophthalmoplegia.,Lewy bodies is interpreted against the disease-specific mimics of Internuclear ophthalmoplegia.,condition-specific,condition-specific,Lewy bodies contributes a defined finding pattern to the explicit Internuclear ophthalmoplegia illness script.,The selected Lewy bodies pattern differentiates Internuclear ophthalmoplegia from the competitors in its curation manifest.,true,Step 1; Step 2 CK; Step 3,Neurology; Internal Medicine; Pediatrics; Emergency Medicine,unverified_ai_generated
DNF-NEUR-0A7E00AA89D4,DIS-NEUR-144,FND-NEUR-VENTRICULOMEGALY,present,supportive,Timing and phenotype determine sensitivity of ventriculomegaly in Internuclear ophthalmoplegia.,Ventriculomegaly is interpreted against the disease-specific mimics of Internuclear ophthalmoplegia.,condition-specific,condition-specific,Ventriculomegaly contributes a defined finding pattern to the explicit Internuclear ophthalmoplegia illness script.,The selected Ventriculomegaly pattern differentiates Internuclear ophthalmoplegia from the competitors in its curation manifest.,true,Step 1; Step 2 CK; Step 3,Neurology; Internal Medicine; Pediatrics; Emergency Medicine,unverified_ai_generated
DNF-NEUR-203DC6824D30,DIS-NEUR-144,FND-NEUR-9F0545F48A27,present,supportive,Timing and phenotype determine sensitivity of fluctuating attention in Internuclear ophthalmoplegia.,Fluctuating attention is interpreted against the disease-specific mimics of Internuclear ophthalmoplegia.,condition-specific,condition-specific,Fluctuating attention contributes a defined finding pattern to the explicit Internuclear ophthalmoplegia illness script.,The selected Fluctuating attention pattern differentiates Internuclear ophthalmoplegia from the competitors in its curation manifest.,true,Step 1; Step 2 CK; Step 3,Neurology; Internal Medicine; Pediatrics; Emergency Medicine,unverified_ai_generated
DNF-NEUR-1F8FDEA4627C,DIS-NEUR-145,FND-NEUR-NEUROFIBRILLARYTANGL,present,classic,Timing and phenotype determine sensitivity of neurofibrillary tangles in Horner syndrome.,Neurofibrillary tangles is interpreted against the disease-specific mimics of Horner syndrome.,condition-specific,condition-specific,Neurofibrillary tangles contributes a defined finding pattern to the explicit Horner syndrome illness script.,The selected Neurofibrillary tangles pattern differentiates Horner syndrome from the competitors in its curation manifest.,true,Step 1; Step 2 CK; Step 3,Neurology; Internal Medicine; Pediatrics; Emergency Medicine,unverified_ai_generated
DNF-NEUR-53AA9EAF939A,DIS-NEUR-145,FND-NEUR-LEWYBODIES,present,supportive,Timing and phenotype determine sensitivity of lewy bodies in Horner syndrome.,Lewy bodies is interpreted against the disease-specific mimics of Horner syndrome.,condition-specific,condition-specific,Lewy bodies contributes a defined finding pattern to the explicit Horner syndrome illness script.,The selected Lewy bodies pattern differentiates Horner syndrome from the competitors in its curation manifest.,true,Step 1; Step 2 CK; Step 3,Neurology; Internal Medicine; Pediatrics; Emergency Medicine,unverified_ai_generated
DNF-NEUR-6EDB6C658643,DIS-NEUR-145,FND-NEUR-VENTRICULOMEGALY,present,supportive,Timing and phenotype determine sensitivity of ventriculomegaly in Horner syndrome.,Ventriculomegaly is interpreted against the disease-specific mimics of Horner syndrome.,condition-specific,condition-specific,Ventriculomegaly contributes a defined finding pattern to the explicit Horner syndrome illness script.,The selected Ventriculomegaly pattern differentiates Horner syndrome from the competitors in its curation manifest.,true,Step 1; Step 2 CK; Step 3,Neurology; Internal Medicine; Pediatrics; Emergency Medicine,unverified_ai_generated
DNF-NEUR-F61068E8F720,DIS-NEUR-145,FND-NEUR-9F0545F48A27,present,supportive,Timing and phenotype determine sensitivity of fluctuating attention in Horner syndrome.,Fluctuating attention is interpreted against the disease-specific mimics of Horner syndrome.,condition-specific,condition-specific,Fluctuating attention contributes a defined finding pattern to the explicit Horner syndrome illness script.,The selected Fluctuating attention pattern differentiates Horner syndrome from the competitors in its curation manifest.,true,Step 1; Step 2 CK; Step 3,Neurology; Internal Medicine; Pediatrics; Emergency Medicine,unverified_ai_generated
DNF-NEUR-5E3B56614CA2,DIS-NEUR-146,FND-NEUR-NEUROFIBRILLARYTANGL,present,classic,Timing and phenotype determine sensitivity of neurofibrillary tangles in Benign paroxysmal positional vertigo.,Neurofibrillary tangles is interpreted against the disease-specific mimics of Benign paroxysmal positional vertigo.,condition-specific,condition-specific,Neurofibrillary tangles contributes a defined finding pattern to the explicit Benign paroxysmal positional vertigo illness script.,The selected Neurofibrillary tangles pattern differentiates Benign paroxysmal positional vertigo from the competitors in its curation manifest.,true,Step 1; Step 2 CK; Step 3,Neurology; Internal Medicine; Pediatrics; Emergency Medicine,unverified_ai_generated
DNF-NEUR-F549BA5586F7,DIS-NEUR-146,FND-NEUR-LEWYBODIES,present,supportive,Timing and phenotype determine sensitivity of lewy bodies in Benign paroxysmal positional vertigo.,Lewy bodies is interpreted against the disease-specific mimics of Benign paroxysmal positional vertigo.,condition-specific,condition-specific,Lewy bodies contributes a defined finding pattern to the explicit Benign paroxysmal positional vertigo illness script.,The selected Lewy bodies pattern differentiates Benign paroxysmal positional vertigo from the competitors in its curation manifest.,true,Step 1; Step 2 CK; Step 3,Neurology; Internal Medicine; Pediatrics; Emergency Medicine,unverified_ai_generated
DNF-NEUR-887E35C3FFBE,DIS-NEUR-146,FND-NEUR-VENTRICULOMEGALY,present,supportive,Timing and phenotype determine sensitivity of ventriculomegaly in Benign paroxysmal positional vertigo.,Ventriculomegaly is interpreted against the disease-specific mimics of Benign paroxysmal positional vertigo.,condition-specific,condition-specific,Ventriculomegaly contributes a defined finding pattern to the explicit Benign paroxysmal positional vertigo illness script.,The selected Ventriculomegaly pattern differentiates Benign paroxysmal positional vertigo from the competitors in its curation manifest.,true,Step 1; Step 2 CK; Step 3,Neurology; Internal Medicine; Pediatrics; Emergency Medicine,unverified_ai_generated
DNF-NEUR-B36D187C8013,DIS-NEUR-146,FND-NEUR-9F0545F48A27,present,supportive,Timing and phenotype determine sensitivity of fluctuating attention in Benign paroxysmal positional vertigo.,Fluctuating attention is interpreted against the disease-specific mimics of Benign paroxysmal positional vertigo.,condition-specific,condition-specific,Fluctuating attention contributes a defined finding pattern to the explicit Benign paroxysmal positional vertigo illness script.,The selected Fluctuating attention pattern differentiates Benign paroxysmal positional vertigo from the competitors in its curation manifest.,true,Step 1; Step 2 CK; Step 3,Neurology; Internal Medicine; Pediatrics; Emergency Medicine,unverified_ai_generated
DNF-NEUR-977F321726ED,DIS-NEUR-147,FND-NEUR-NEUROFIBRILLARYTANGL,present,classic,Timing and phenotype determine sensitivity of neurofibrillary tangles in Vestibular neuritis.,Neurofibrillary tangles is interpreted against the disease-specific mimics of Vestibular neuritis.,condition-specific,condition-specific,Neurofibrillary tangles contributes a defined finding pattern to the explicit Vestibular neuritis illness script.,The selected Neurofibrillary tangles pattern differentiates Vestibular neuritis from the competitors in its curation manifest.,true,Step 1; Step 2 CK; Step 3,Neurology; Internal Medicine; Pediatrics; Emergency Medicine,unverified_ai_generated
DNF-NEUR-263669649D37,DIS-NEUR-147,FND-NEUR-LEWYBODIES,present,supportive,Timing and phenotype determine sensitivity of lewy bodies in Vestibular neuritis.,Lewy bodies is interpreted against the disease-specific mimics of Vestibular neuritis.,condition-specific,condition-specific,Lewy bodies contributes a defined finding pattern to the explicit Vestibular neuritis illness script.,The selected Lewy bodies pattern differentiates Vestibular neuritis from the competitors in its curation manifest.,true,Step 1; Step 2 CK; Step 3,Neurology; Internal Medicine; Pediatrics; Emergency Medicine,unverified_ai_generated
DNF-NEUR-237B71C4635D,DIS-NEUR-147,FND-NEUR-VENTRICULOMEGALY,present,supportive,Timing and phenotype determine sensitivity of ventriculomegaly in Vestibular neuritis.,Ventriculomegaly is interpreted against the disease-specific mimics of Vestibular neuritis.,condition-specific,condition-specific,Ventriculomegaly contributes a defined finding pattern to the explicit Vestibular neuritis illness script.,The selected Ventriculomegaly pattern differentiates Vestibular neuritis from the competitors in its curation manifest.,true,Step 1; Step 2 CK; Step 3,Neurology; Internal Medicine; Pediatrics; Emergency Medicine,unverified_ai_generated
DNF-NEUR-DED569613632,DIS-NEUR-147,FND-NEUR-9F0545F48A27,present,supportive,Timing and phenotype determine sensitivity of fluctuating attention in Vestibular neuritis.,Fluctuating attention is interpreted against the disease-specific mimics of Vestibular neuritis.,condition-specific,condition-specific,Fluctuating attention contributes a defined finding pattern to the explicit Vestibular neuritis illness script.,The selected Fluctuating attention pattern differentiates Vestibular neuritis from the competitors in its curation manifest.,true,Step 1; Step 2 CK; Step 3,Neurology; Internal Medicine; Pediatrics; Emergency Medicine,unverified_ai_generated
DNF-NEUR-D0A82D8A31FB,DIS-NEUR-148,FND-NEUR-NEUROFIBRILLARYTANGL,present,classic,Timing and phenotype determine sensitivity of neurofibrillary tangles in Central vertigo.,Neurofibrillary tangles is interpreted against the disease-specific mimics of Central vertigo.,condition-specific,condition-specific,Neurofibrillary tangles contributes a defined finding pattern to the explicit Central vertigo illness script.,The selected Neurofibrillary tangles pattern differentiates Central vertigo from the competitors in its curation manifest.,true,Step 1; Step 2 CK; Step 3,Neurology; Internal Medicine; Pediatrics; Emergency Medicine,unverified_ai_generated
DNF-NEUR-405E8DCF9599,DIS-NEUR-148,FND-NEUR-LEWYBODIES,present,supportive,Timing and phenotype determine sensitivity of lewy bodies in Central vertigo.,Lewy bodies is interpreted against the disease-specific mimics of Central vertigo.,condition-specific,condition-specific,Lewy bodies contributes a defined finding pattern to the explicit Central vertigo illness script.,The selected Lewy bodies pattern differentiates Central vertigo from the competitors in its curation manifest.,true,Step 1; Step 2 CK; Step 3,Neurology; Internal Medicine; Pediatrics; Emergency Medicine,unverified_ai_generated
DNF-NEUR-8BB087245344,DIS-NEUR-148,FND-NEUR-VENTRICULOMEGALY,present,supportive,Timing and phenotype determine sensitivity of ventriculomegaly in Central vertigo.,Ventriculomegaly is interpreted against the disease-specific mimics of Central vertigo.,condition-specific,condition-specific,Ventriculomegaly contributes a defined finding pattern to the explicit Central vertigo illness script.,The selected Ventriculomegaly pattern differentiates Central vertigo from the competitors in its curation manifest.,true,Step 1; Step 2 CK; Step 3,Neurology; Internal Medicine; Pediatrics; Emergency Medicine,unverified_ai_generated
DNF-NEUR-7DBF6B68962A,DIS-NEUR-148,FND-NEUR-9F0545F48A27,present,supportive,Timing and phenotype determine sensitivity of fluctuating attention in Central vertigo.,Fluctuating attention is interpreted against the disease-specific mimics of Central vertigo.,condition-specific,condition-specific,Fluctuating attention contributes a defined finding pattern to the explicit Central vertigo illness script.,The selected Fluctuating attention pattern differentiates Central vertigo from the competitors in its curation manifest.,true,Step 1; Step 2 CK; Step 3,Neurology; Internal Medicine; Pediatrics; Emergency Medicine,unverified_ai_generated
DNF-NEUR-555D8E154978,DIS-NEUR-149,FND-NEUR-PRONATORDRIFT,present,classic,Timing and phenotype determine sensitivity of pronator drift in Cerebellar stroke.,Pronator drift is interpreted against the disease-specific mimics of Cerebellar stroke.,condition-specific,condition-specific,Pronator drift contributes a defined finding pattern to the explicit Cerebellar stroke illness script.,The selected Pronator drift pattern differentiates Cerebellar stroke from the competitors in its curation manifest.,true,Step 1; Step 2 CK; Step 3,Neurology; Internal Medicine; Pediatrics; Emergency Medicine,unverified_ai_generated
DNF-NEUR-54EB82CE6D0F,DIS-NEUR-149,FND-NEUR-DIFFUSIONRESTRICTION,present,supportive,Timing and phenotype determine sensitivity of diffusion restriction in Cerebellar stroke.,Diffusion restriction is interpreted against the disease-specific mimics of Cerebellar stroke.,condition-specific,condition-specific,Diffusion restriction contributes a defined finding pattern to the explicit Cerebellar stroke illness script.,The selected Diffusion restriction pattern differentiates Cerebellar stroke from the competitors in its curation manifest.,true,Step 1; Step 2 CK; Step 3,Neurology; Internal Medicine; Pediatrics; Emergency Medicine,unverified_ai_generated
DNF-NEUR-7E745A81B496,DIS-NEUR-149,FND-NEUR-HYPERDENSEMCASIGN,present,supportive,Timing and phenotype determine sensitivity of hyperdense mca sign in Cerebellar stroke.,Hyperdense MCA sign is interpreted against the disease-specific mimics of Cerebellar stroke.,condition-specific,condition-specific,Hyperdense MCA sign contributes a defined finding pattern to the explicit Cerebellar stroke illness script.,The selected Hyperdense MCA sign pattern differentiates Cerebellar stroke from the competitors in its curation manifest.,true,Step 1; Step 2 CK; Step 3,Neurology; Internal Medicine; Pediatrics; Emergency Medicine,unverified_ai_generated
DNF-NEUR-8F1143DE49D2,DIS-NEUR-149,FND-NEUR-BABINSKISIGN,present,supportive,Timing and phenotype determine sensitivity of babinski sign in Cerebellar stroke.,Babinski sign is interpreted against the disease-specific mimics of Cerebellar stroke.,condition-specific,condition-specific,Babinski sign contributes a defined finding pattern to the explicit Cerebellar stroke illness script.,The selected Babinski sign pattern differentiates Cerebellar stroke from the competitors in its curation manifest.,true,Step 1; Step 2 CK; Step 3,Neurology; Internal Medicine; Pediatrics; Emergency Medicine,unverified_ai_generated
DNF-NEUR-10B663C4C1BF,DIS-NEUR-150,FND-NEUR-AREFLEXIA,present,classic,Timing and phenotype determine sensitivity of areflexia in Cerebral palsy.,Areflexia is interpreted against the disease-specific mimics of Cerebral palsy.,condition-specific,condition-specific,Areflexia contributes a defined finding pattern to the explicit Cerebral palsy illness script.,The selected Areflexia pattern differentiates Cerebral palsy from the competitors in its curation manifest.,true,Step 1; Step 2 CK; Step 3,Neurology; Internal Medicine; Pediatrics; Emergency Medicine,unverified_ai_generated
DNF-NEUR-91F648675FC3,DIS-NEUR-150,FND-NEUR-F8CC1E183585,present,supportive,Timing and phenotype determine sensitivity of length-dependent sensory loss in Cerebral palsy.,Length-dependent sensory loss is interpreted against the disease-specific mimics of Cerebral palsy.,condition-specific,condition-specific,Length-dependent sensory loss contributes a defined finding pattern to the explicit Cerebral palsy illness script.,The selected Length-dependent sensory loss pattern differentiates Cerebral palsy from the competitors in its curation manifest.,true,Step 1; Step 2 CK; Step 3,Neurology; Internal Medicine; Pediatrics; Emergency Medicine,unverified_ai_generated
DNF-NEUR-F03410E8D6E4,DIS-NEUR-150,FND-NEUR-NOSENSORYLOSS,present,supportive,Timing and phenotype determine sensitivity of no sensory loss in Cerebral palsy.,No sensory loss is interpreted against the disease-specific mimics of Cerebral palsy.,condition-specific,condition-specific,No sensory loss contributes a defined finding pattern to the explicit Cerebral palsy illness script.,The selected No sensory loss pattern differentiates Cerebral palsy from the competitors in its curation manifest.,true,Step 1; Step 2 CK; Step 3,Neurology; Internal Medicine; Pediatrics; Emergency Medicine,unverified_ai_generated
DNF-NEUR-0678132C1D4A,DIS-NEUR-150,FND-NEUR-FASCICULATIONS,present,supportive,Timing and phenotype determine sensitivity of fasciculations in Cerebral palsy.,Fasciculations is interpreted against the disease-specific mimics of Cerebral palsy.,condition-specific,condition-specific,Fasciculations contributes a defined finding pattern to the explicit Cerebral palsy illness script.,The selected Fasciculations pattern differentiates Cerebral palsy from the competitors in its curation manifest.,true,Step 1; Step 2 CK; Step 3,Neurology; Internal Medicine; Pediatrics; Emergency Medicine,unverified_ai_generated
DNF-NEUR-23E060B840B6,DIS-NEUR-151,FND-NEUR-SENSORYLEVEL,present,classic,Timing and phenotype determine sensitivity of sensory level in Spinal muscular atrophy.,Sensory level is interpreted against the disease-specific mimics of Spinal muscular atrophy.,condition-specific,condition-specific,Sensory level contributes a defined finding pattern to the explicit Spinal muscular atrophy illness script.,The selected Sensory level pattern differentiates Spinal muscular atrophy from the competitors in its curation manifest.,true,Step 1; Step 2 CK; Step 3,Neurology; Internal Medicine; Pediatrics; Emergency Medicine,unverified_ai_generated
DNF-NEUR-622A85AE2FF1,DIS-NEUR-151,FND-NEUR-SADDLEANESTHESIA,present,supportive,Timing and phenotype determine sensitivity of saddle anesthesia in Spinal muscular atrophy.,Saddle anesthesia is interpreted against the disease-specific mimics of Spinal muscular atrophy.,condition-specific,condition-specific,Saddle anesthesia contributes a defined finding pattern to the explicit Spinal muscular atrophy illness script.,The selected Saddle anesthesia pattern differentiates Spinal muscular atrophy from the competitors in its curation manifest.,true,Step 1; Step 2 CK; Step 3,Neurology; Internal Medicine; Pediatrics; Emergency Medicine,unverified_ai_generated
DNF-NEUR-CDC806F8ABC4,DIS-NEUR-151,FND-NEUR-SPASTICITY,present,supportive,Timing and phenotype determine sensitivity of spasticity in Spinal muscular atrophy.,Spasticity is interpreted against the disease-specific mimics of Spinal muscular atrophy.,condition-specific,condition-specific,Spasticity contributes a defined finding pattern to the explicit Spinal muscular atrophy illness script.,The selected Spasticity pattern differentiates Spinal muscular atrophy from the competitors in its curation manifest.,true,Step 1; Step 2 CK; Step 3,Neurology; Internal Medicine; Pediatrics; Emergency Medicine,unverified_ai_generated
DNF-NEUR-1C807634AAD3,DIS-NEUR-151,FND-NEUR-HYPERREFLEXIA,present,supportive,Timing and phenotype determine sensitivity of hyperreflexia in Spinal muscular atrophy.,Hyperreflexia is interpreted against the disease-specific mimics of Spinal muscular atrophy.,condition-specific,condition-specific,Hyperreflexia contributes a defined finding pattern to the explicit Spinal muscular atrophy illness script.,The selected Hyperreflexia pattern differentiates Spinal muscular atrophy from the competitors in its curation manifest.,true,Step 1; Step 2 CK; Step 3,Neurology; Internal Medicine; Pediatrics; Emergency Medicine,unverified_ai_generated
DNF-NEUR-7F4050906A82,DIS-NEUR-152,FND-NEUR-CB86DF06E6AD,present,classic,Timing and phenotype determine sensitivity of developmental regression in Tuberous sclerosis.,Developmental regression is interpreted against the disease-specific mimics of Tuberous sclerosis.,condition-specific,condition-specific,Developmental regression contributes a defined finding pattern to the explicit Tuberous sclerosis illness script.,The selected Developmental regression pattern differentiates Tuberous sclerosis from the competitors in its curation manifest.,true,Step 1; Step 2 CK; Step 3,Neurology; Internal Medicine; Pediatrics; Emergency Medicine,unverified_ai_generated
DNF-NEUR-870B768168C4,DIS-NEUR-152,FND-NEUR-FAEB46066587,present,supportive,Timing and phenotype determine sensitivity of neonatal hypotonia in Tuberous sclerosis.,Neonatal hypotonia is interpreted against the disease-specific mimics of Tuberous sclerosis.,condition-specific,condition-specific,Neonatal hypotonia contributes a defined finding pattern to the explicit Tuberous sclerosis illness script.,The selected Neonatal hypotonia pattern differentiates Tuberous sclerosis from the competitors in its curation manifest.,true,Step 1; Step 2 CK; Step 3,Neurology; Internal Medicine; Pediatrics; Emergency Medicine,unverified_ai_generated
DNF-NEUR-3F4056C1F223,DIS-NEUR-152,FND-NEUR-E4889C02E24B,present,supportive,Timing and phenotype determine sensitivity of macrocephaly in Tuberous sclerosis.,Macrocephaly is interpreted against the disease-specific mimics of Tuberous sclerosis.,condition-specific,condition-specific,Macrocephaly contributes a defined finding pattern to the explicit Tuberous sclerosis illness script.,The selected Macrocephaly pattern differentiates Tuberous sclerosis from the competitors in its curation manifest.,true,Step 1; Step 2 CK; Step 3,Neurology; Internal Medicine; Pediatrics; Emergency Medicine,unverified_ai_generated
DNF-NEUR-86653527BC09,DIS-NEUR-152,FND-NEUR-0D774559E5B0,present,supportive,Timing and phenotype determine sensitivity of hypotonia in Tuberous sclerosis.,Hypotonia is interpreted against the disease-specific mimics of Tuberous sclerosis.,condition-specific,condition-specific,Hypotonia contributes a defined finding pattern to the explicit Tuberous sclerosis illness script.,The selected Hypotonia pattern differentiates Tuberous sclerosis from the competitors in its curation manifest.,true,Step 1; Step 2 CK; Step 3,Neurology; Internal Medicine; Pediatrics; Emergency Medicine,unverified_ai_generated
DNF-NEUR-58F18851C41B,DIS-NEUR-153,FND-NEUR-CB86DF06E6AD,present,classic,Timing and phenotype determine sensitivity of developmental regression in Neurofibromatosis type 1.,Developmental regression is interpreted against the disease-specific mimics of Neurofibromatosis type 1.,condition-specific,condition-specific,Developmental regression contributes a defined finding pattern to the explicit Neurofibromatosis type 1 illness script.,The selected Developmental regression pattern differentiates Neurofibromatosis type 1 from the competitors in its curation manifest.,true,Step 1; Step 2 CK; Step 3,Neurology; Internal Medicine; Pediatrics; Emergency Medicine,unverified_ai_generated
DNF-NEUR-C0A48654CE26,DIS-NEUR-153,FND-NEUR-FAEB46066587,present,supportive,Timing and phenotype determine sensitivity of neonatal hypotonia in Neurofibromatosis type 1.,Neonatal hypotonia is interpreted against the disease-specific mimics of Neurofibromatosis type 1.,condition-specific,condition-specific,Neonatal hypotonia contributes a defined finding pattern to the explicit Neurofibromatosis type 1 illness script.,The selected Neonatal hypotonia pattern differentiates Neurofibromatosis type 1 from the competitors in its curation manifest.,true,Step 1; Step 2 CK; Step 3,Neurology; Internal Medicine; Pediatrics; Emergency Medicine,unverified_ai_generated
DNF-NEUR-7603BD3FCC45,DIS-NEUR-153,FND-NEUR-E4889C02E24B,present,supportive,Timing and phenotype determine sensitivity of macrocephaly in Neurofibromatosis type 1.,Macrocephaly is interpreted against the disease-specific mimics of Neurofibromatosis type 1.,condition-specific,condition-specific,Macrocephaly contributes a defined finding pattern to the explicit Neurofibromatosis type 1 illness script.,The selected Macrocephaly pattern differentiates Neurofibromatosis type 1 from the competitors in its curation manifest.,true,Step 1; Step 2 CK; Step 3,Neurology; Internal Medicine; Pediatrics; Emergency Medicine,unverified_ai_generated
DNF-NEUR-D642553CBD72,DIS-NEUR-153,FND-NEUR-0D774559E5B0,present,supportive,Timing and phenotype determine sensitivity of hypotonia in Neurofibromatosis type 1.,Hypotonia is interpreted against the disease-specific mimics of Neurofibromatosis type 1.,condition-specific,condition-specific,Hypotonia contributes a defined finding pattern to the explicit Neurofibromatosis type 1 illness script.,The selected Hypotonia pattern differentiates Neurofibromatosis type 1 from the competitors in its curation manifest.,true,Step 1; Step 2 CK; Step 3,Neurology; Internal Medicine; Pediatrics; Emergency Medicine,unverified_ai_generated
DNF-NEUR-8A2FBB658443,DIS-NEUR-154,FND-NEUR-CB86DF06E6AD,present,classic,Timing and phenotype determine sensitivity of developmental regression in Rett syndrome.,Developmental regression is interpreted against the disease-specific mimics of Rett syndrome.,condition-specific,condition-specific,Developmental regression contributes a defined finding pattern to the explicit Rett syndrome illness script.,The selected Developmental regression pattern differentiates Rett syndrome from the competitors in its curation manifest.,true,Step 1; Step 2 CK; Step 3,Neurology; Internal Medicine; Pediatrics; Emergency Medicine,unverified_ai_generated
DNF-NEUR-5C2C279CF5C9,DIS-NEUR-154,FND-NEUR-FAEB46066587,present,supportive,Timing and phenotype determine sensitivity of neonatal hypotonia in Rett syndrome.,Neonatal hypotonia is interpreted against the disease-specific mimics of Rett syndrome.,condition-specific,condition-specific,Neonatal hypotonia contributes a defined finding pattern to the explicit Rett syndrome illness script.,The selected Neonatal hypotonia pattern differentiates Rett syndrome from the competitors in its curation manifest.,true,Step 1; Step 2 CK; Step 3,Neurology; Internal Medicine; Pediatrics; Emergency Medicine,unverified_ai_generated
DNF-NEUR-1A5924BDF1E3,DIS-NEUR-154,FND-NEUR-E4889C02E24B,present,supportive,Timing and phenotype determine sensitivity of macrocephaly in Rett syndrome.,Macrocephaly is interpreted against the disease-specific mimics of Rett syndrome.,condition-specific,condition-specific,Macrocephaly contributes a defined finding pattern to the explicit Rett syndrome illness script.,The selected Macrocephaly pattern differentiates Rett syndrome from the competitors in its curation manifest.,true,Step 1; Step 2 CK; Step 3,Neurology; Internal Medicine; Pediatrics; Emergency Medicine,unverified_ai_generated
DNF-NEUR-7508751589BE,DIS-NEUR-154,FND-NEUR-0D774559E5B0,present,supportive,Timing and phenotype determine sensitivity of hypotonia in Rett syndrome.,Hypotonia is interpreted against the disease-specific mimics of Rett syndrome.,condition-specific,condition-specific,Hypotonia contributes a defined finding pattern to the explicit Rett syndrome illness script.,The selected Hypotonia pattern differentiates Rett syndrome from the competitors in its curation manifest.,true,Step 1; Step 2 CK; Step 3,Neurology; Internal Medicine; Pediatrics; Emergency Medicine,unverified_ai_generated
DNF-NEUR-6D159259934E,DIS-NEUR-155,FND-NEUR-MENINGISMUS,present,classic,Timing and phenotype determine sensitivity of meningismus in Hepatic encephalopathy.,Meningismus is interpreted against the disease-specific mimics of Hepatic encephalopathy.,condition-specific,condition-specific,Meningismus contributes a defined finding pattern to the explicit Hepatic encephalopathy illness script.,The selected Meningismus pattern differentiates Hepatic encephalopathy from the competitors in its curation manifest.,true,Step 1; Step 2 CK; Step 3,Neurology; Internal Medicine; Pediatrics; Emergency Medicine,unverified_ai_generated
DNF-NEUR-301E79C249A5,DIS-NEUR-155,FND-NEUR-NEUTROPHILICCSF,present,supportive,Timing and phenotype determine sensitivity of neutrophilic csf in Hepatic encephalopathy.,Neutrophilic CSF is interpreted against the disease-specific mimics of Hepatic encephalopathy.,condition-specific,condition-specific,Neutrophilic CSF contributes a defined finding pattern to the explicit Hepatic encephalopathy illness script.,The selected Neutrophilic CSF pattern differentiates Hepatic encephalopathy from the competitors in its curation manifest.,true,Step 1; Step 2 CK; Step 3,Neurology; Internal Medicine; Pediatrics; Emergency Medicine,unverified_ai_generated
DNF-NEUR-0334CC7C5B8A,DIS-NEUR-155,FND-NEUR-LYMPHOCYTICCSF,present,supportive,Timing and phenotype determine sensitivity of lymphocytic csf in Hepatic encephalopathy.,Lymphocytic CSF is interpreted against the disease-specific mimics of Hepatic encephalopathy.,condition-specific,condition-specific,Lymphocytic CSF contributes a defined finding pattern to the explicit Hepatic encephalopathy illness script.,The selected Lymphocytic CSF pattern differentiates Hepatic encephalopathy from the competitors in its curation manifest.,true,Step 1; Step 2 CK; Step 3,Neurology; Internal Medicine; Pediatrics; Emergency Medicine,unverified_ai_generated
DNF-NEUR-E19F98F8A425,DIS-NEUR-155,FND-NEUR-LOWCSFGLUCOSE,present,supportive,Timing and phenotype determine sensitivity of low csf glucose in Hepatic encephalopathy.,Low CSF glucose is interpreted against the disease-specific mimics of Hepatic encephalopathy.,condition-specific,condition-specific,Low CSF glucose contributes a defined finding pattern to the explicit Hepatic encephalopathy illness script.,The selected Low CSF glucose pattern differentiates Hepatic encephalopathy from the competitors in its curation manifest.,true,Step 1; Step 2 CK; Step 3,Neurology; Internal Medicine; Pediatrics; Emergency Medicine,unverified_ai_generated
DNF-NEUR-85272407D99B,DIS-NEUR-156,FND-NEUR-MENINGISMUS,present,classic,Timing and phenotype determine sensitivity of meningismus in Hyponatremic encephalopathy.,Meningismus is interpreted against the disease-specific mimics of Hyponatremic encephalopathy.,condition-specific,condition-specific,Meningismus contributes a defined finding pattern to the explicit Hyponatremic encephalopathy illness script.,The selected Meningismus pattern differentiates Hyponatremic encephalopathy from the competitors in its curation manifest.,true,Step 1; Step 2 CK; Step 3,Neurology; Internal Medicine; Pediatrics; Emergency Medicine,unverified_ai_generated
DNF-NEUR-A0F53652D303,DIS-NEUR-156,FND-NEUR-NEUTROPHILICCSF,present,supportive,Timing and phenotype determine sensitivity of neutrophilic csf in Hyponatremic encephalopathy.,Neutrophilic CSF is interpreted against the disease-specific mimics of Hyponatremic encephalopathy.,condition-specific,condition-specific,Neutrophilic CSF contributes a defined finding pattern to the explicit Hyponatremic encephalopathy illness script.,The selected Neutrophilic CSF pattern differentiates Hyponatremic encephalopathy from the competitors in its curation manifest.,true,Step 1; Step 2 CK; Step 3,Neurology; Internal Medicine; Pediatrics; Emergency Medicine,unverified_ai_generated
DNF-NEUR-4614E674073D,DIS-NEUR-156,FND-NEUR-LYMPHOCYTICCSF,present,supportive,Timing and phenotype determine sensitivity of lymphocytic csf in Hyponatremic encephalopathy.,Lymphocytic CSF is interpreted against the disease-specific mimics of Hyponatremic encephalopathy.,condition-specific,condition-specific,Lymphocytic CSF contributes a defined finding pattern to the explicit Hyponatremic encephalopathy illness script.,The selected Lymphocytic CSF pattern differentiates Hyponatremic encephalopathy from the competitors in its curation manifest.,true,Step 1; Step 2 CK; Step 3,Neurology; Internal Medicine; Pediatrics; Emergency Medicine,unverified_ai_generated
DNF-NEUR-A16F123D6D25,DIS-NEUR-156,FND-NEUR-LOWCSFGLUCOSE,present,supportive,Timing and phenotype determine sensitivity of low csf glucose in Hyponatremic encephalopathy.,Low CSF glucose is interpreted against the disease-specific mimics of Hyponatremic encephalopathy.,condition-specific,condition-specific,Low CSF glucose contributes a defined finding pattern to the explicit Hyponatremic encephalopathy illness script.,The selected Low CSF glucose pattern differentiates Hyponatremic encephalopathy from the competitors in its curation manifest.,true,Step 1; Step 2 CK; Step 3,Neurology; Internal Medicine; Pediatrics; Emergency Medicine,unverified_ai_generated
DNF-NEUR-4BC55862075B,DIS-NEUR-157,FND-NEUR-NEUROFIBRILLARYTANGL,present,classic,Timing and phenotype determine sensitivity of neurofibrillary tangles in Carbon monoxide poisoning.,Neurofibrillary tangles is interpreted against the disease-specific mimics of Carbon monoxide poisoning.,condition-specific,condition-specific,Neurofibrillary tangles contributes a defined finding pattern to the explicit Carbon monoxide poisoning illness script.,The selected Neurofibrillary tangles pattern differentiates Carbon monoxide poisoning from the competitors in its curation manifest.,true,Step 1; Step 2 CK; Step 3,Neurology; Internal Medicine; Pediatrics; Emergency Medicine,unverified_ai_generated
DNF-NEUR-1FFEA7E341DC,DIS-NEUR-157,FND-NEUR-LEWYBODIES,present,supportive,Timing and phenotype determine sensitivity of lewy bodies in Carbon monoxide poisoning.,Lewy bodies is interpreted against the disease-specific mimics of Carbon monoxide poisoning.,condition-specific,condition-specific,Lewy bodies contributes a defined finding pattern to the explicit Carbon monoxide poisoning illness script.,The selected Lewy bodies pattern differentiates Carbon monoxide poisoning from the competitors in its curation manifest.,true,Step 1; Step 2 CK; Step 3,Neurology; Internal Medicine; Pediatrics; Emergency Medicine,unverified_ai_generated
DNF-NEUR-2BBB0DBCE80A,DIS-NEUR-157,FND-NEUR-VENTRICULOMEGALY,present,supportive,Timing and phenotype determine sensitivity of ventriculomegaly in Carbon monoxide poisoning.,Ventriculomegaly is interpreted against the disease-specific mimics of Carbon monoxide poisoning.,condition-specific,condition-specific,Ventriculomegaly contributes a defined finding pattern to the explicit Carbon monoxide poisoning illness script.,The selected Ventriculomegaly pattern differentiates Carbon monoxide poisoning from the competitors in its curation manifest.,true,Step 1; Step 2 CK; Step 3,Neurology; Internal Medicine; Pediatrics; Emergency Medicine,unverified_ai_generated
DNF-NEUR-794E47D22E37,DIS-NEUR-157,FND-NEUR-9F0545F48A27,present,supportive,Timing and phenotype determine sensitivity of fluctuating attention in Carbon monoxide poisoning.,Fluctuating attention is interpreted against the disease-specific mimics of Carbon monoxide poisoning.,condition-specific,condition-specific,Fluctuating attention contributes a defined finding pattern to the explicit Carbon monoxide poisoning illness script.,The selected Fluctuating attention pattern differentiates Carbon monoxide poisoning from the competitors in its curation manifest.,true,Step 1; Step 2 CK; Step 3,Neurology; Internal Medicine; Pediatrics; Emergency Medicine,unverified_ai_generated
DNF-NEUR-9F5E35967E7A,DIS-NEUR-158,FND-NEUR-OLIGOCLONALBANDS,present,classic,Timing and phenotype determine sensitivity of oligoclonal bands in Osmotic demyelination syndrome.,Oligoclonal bands is interpreted against the disease-specific mimics of Osmotic demyelination syndrome.,condition-specific,condition-specific,Oligoclonal bands contributes a defined finding pattern to the explicit Osmotic demyelination syndrome illness script.,The selected Oligoclonal bands pattern differentiates Osmotic demyelination syndrome from the competitors in its curation manifest.,true,Step 1; Step 2 CK; Step 3,Neurology; Internal Medicine; Pediatrics; Emergency Medicine,unverified_ai_generated
DNF-NEUR-0A09153CB944,DIS-NEUR-158,FND-NEUR-AQUAPORIN4ANTIBODIES,present,supportive,Timing and phenotype determine sensitivity of aquaporin-4 antibodies in Osmotic demyelination syndrome.,Aquaporin-4 antibodies is interpreted against the disease-specific mimics of Osmotic demyelination syndrome.,condition-specific,condition-specific,Aquaporin-4 antibodies contributes a defined finding pattern to the explicit Osmotic demyelination syndrome illness script.,The selected Aquaporin-4 antibodies pattern differentiates Osmotic demyelination syndrome from the competitors in its curation manifest.,true,Step 1; Step 2 CK; Step 3,Neurology; Internal Medicine; Pediatrics; Emergency Medicine,unverified_ai_generated
DNF-NEUR-5FD3FC320134,DIS-NEUR-158,FND-NEUR-DAWSONFINGERS,present,supportive,Timing and phenotype determine sensitivity of dawson fingers in Osmotic demyelination syndrome.,Dawson fingers is interpreted against the disease-specific mimics of Osmotic demyelination syndrome.,condition-specific,condition-specific,Dawson fingers contributes a defined finding pattern to the explicit Osmotic demyelination syndrome illness script.,The selected Dawson fingers pattern differentiates Osmotic demyelination syndrome from the competitors in its curation manifest.,true,Step 1; Step 2 CK; Step 3,Neurology; Internal Medicine; Pediatrics; Emergency Medicine,unverified_ai_generated
DNF-NEUR-D1482D20C99A,DIS-NEUR-158,FND-NEUR-INTERNUCLEAROPHTHALM,present,supportive,Timing and phenotype determine sensitivity of internuclear ophthalmoplegia in Osmotic demyelination syndrome.,Internuclear ophthalmoplegia is interpreted against the disease-specific mimics of Osmotic demyelination syndrome.,condition-specific,condition-specific,Internuclear ophthalmoplegia contributes a defined finding pattern to the explicit Osmotic demyelination syndrome illness script.,The selected Internuclear ophthalmoplegia pattern differentiates Osmotic demyelination syndrome from the competitors in its curation manifest.,true,Step 1; Step 2 CK; Step 3,Neurology; Internal Medicine; Pediatrics; Emergency Medicine,unverified_ai_generated
DNF-NEUR-8564AEC32EEA,DIS-P-0023,FND-NEUR-D59CF38731F7,present,classic,Timing and phenotype determine sensitivity of cataplexy in Obstructive sleep apnea.,Cataplexy is interpreted against the disease-specific mimics of Obstructive sleep apnea.,condition-specific,condition-specific,Cataplexy contributes a defined finding pattern to the explicit Obstructive sleep apnea illness script.,The selected Cataplexy pattern differentiates Obstructive sleep apnea from the competitors in its curation manifest.,true,Step 1; Step 2 CK; Step 3,Neurology; Internal Medicine; Pediatrics; Emergency Medicine,unverified_ai_generated
DNF-NEUR-BA5DAF2F57E2,DIS-P-0023,FND-NEUR-743B81A6F473,present,supportive,Timing and phenotype determine sensitivity of sleep paralysis in Obstructive sleep apnea.,Sleep paralysis is interpreted against the disease-specific mimics of Obstructive sleep apnea.,condition-specific,condition-specific,Sleep paralysis contributes a defined finding pattern to the explicit Obstructive sleep apnea illness script.,The selected Sleep paralysis pattern differentiates Obstructive sleep apnea from the competitors in its curation manifest.,true,Step 1; Step 2 CK; Step 3,Neurology; Internal Medicine; Pediatrics; Emergency Medicine,unverified_ai_generated
DNF-NEUR-8D5E4526E4CF,DIS-P-0023,FND-NEUR-4C557A0C8B6D,present,supportive,Timing and phenotype determine sensitivity of hypnagogic hallucinations in Obstructive sleep apnea.,Hypnagogic hallucinations is interpreted against the disease-specific mimics of Obstructive sleep apnea.,condition-specific,condition-specific,Hypnagogic hallucinations contributes a defined finding pattern to the explicit Obstructive sleep apnea illness script.,The selected Hypnagogic hallucinations pattern differentiates Obstructive sleep apnea from the competitors in its curation manifest.,true,Step 1; Step 2 CK; Step 3,Neurology; Internal Medicine; Pediatrics; Emergency Medicine,unverified_ai_generated
DNF-NEUR-55B5D49D591A,DIS-NEUR-160,FND-NEUR-D59CF38731F7,present,classic,Timing and phenotype determine sensitivity of cataplexy in Narcolepsy.,Cataplexy is interpreted against the disease-specific mimics of Narcolepsy.,condition-specific,condition-specific,Cataplexy contributes a defined finding pattern to the explicit Narcolepsy illness script.,The selected Cataplexy pattern differentiates Narcolepsy from the competitors in its curation manifest.,true,Step 1; Step 2 CK; Step 3,Neurology; Internal Medicine; Pediatrics; Emergency Medicine,unverified_ai_generated
DNF-NEUR-F512A3A78AD2,DIS-NEUR-160,FND-NEUR-743B81A6F473,present,supportive,Timing and phenotype determine sensitivity of sleep paralysis in Narcolepsy.,Sleep paralysis is interpreted against the disease-specific mimics of Narcolepsy.,condition-specific,condition-specific,Sleep paralysis contributes a defined finding pattern to the explicit Narcolepsy illness script.,The selected Sleep paralysis pattern differentiates Narcolepsy from the competitors in its curation manifest.,true,Step 1; Step 2 CK; Step 3,Neurology; Internal Medicine; Pediatrics; Emergency Medicine,unverified_ai_generated
DNF-NEUR-5C935FA8429A,DIS-NEUR-160,FND-NEUR-4C557A0C8B6D,present,supportive,Timing and phenotype determine sensitivity of hypnagogic hallucinations in Narcolepsy.,Hypnagogic hallucinations is interpreted against the disease-specific mimics of Narcolepsy.,condition-specific,condition-specific,Hypnagogic hallucinations contributes a defined finding pattern to the explicit Narcolepsy illness script.,The selected Hypnagogic hallucinations pattern differentiates Narcolepsy from the competitors in its curation manifest.,true,Step 1; Step 2 CK; Step 3,Neurology; Internal Medicine; Pediatrics; Emergency Medicine,unverified_ai_generated
DNF-NEUR-7B471D068A63,DIS-NEUR-161,FND-NEUR-D59CF38731F7,present,classic,Timing and phenotype determine sensitivity of cataplexy in REM sleep behavior disorder.,Cataplexy is interpreted against the disease-specific mimics of REM sleep behavior disorder.,condition-specific,condition-specific,Cataplexy contributes a defined finding pattern to the explicit REM sleep behavior disorder illness script.,The selected Cataplexy pattern differentiates REM sleep behavior disorder from the competitors in its curation manifest.,true,Step 1; Step 2 CK; Step 3,Neurology; Internal Medicine; Pediatrics; Emergency Medicine,unverified_ai_generated
DNF-NEUR-DA5A8C0A1076,DIS-NEUR-161,FND-NEUR-743B81A6F473,present,supportive,Timing and phenotype determine sensitivity of sleep paralysis in REM sleep behavior disorder.,Sleep paralysis is interpreted against the disease-specific mimics of REM sleep behavior disorder.,condition-specific,condition-specific,Sleep paralysis contributes a defined finding pattern to the explicit REM sleep behavior disorder illness script.,The selected Sleep paralysis pattern differentiates REM sleep behavior disorder from the competitors in its curation manifest.,true,Step 1; Step 2 CK; Step 3,Neurology; Internal Medicine; Pediatrics; Emergency Medicine,unverified_ai_generated
DNF-NEUR-C1F53E280D7B,DIS-NEUR-161,FND-NEUR-4C557A0C8B6D,present,supportive,Timing and phenotype determine sensitivity of hypnagogic hallucinations in REM sleep behavior disorder.,Hypnagogic hallucinations is interpreted against the disease-specific mimics of REM sleep behavior disorder.,condition-specific,condition-specific,Hypnagogic hallucinations contributes a defined finding pattern to the explicit REM sleep behavior disorder illness script.,The selected Hypnagogic hallucinations pattern differentiates REM sleep behavior disorder from the competitors in its curation manifest.,true,Step 1; Step 2 CK; Step 3,Neurology; Internal Medicine; Pediatrics; Emergency Medicine,unverified_ai_generated
DNF-NEUR-6093C0EB1D52,DIS-NEUR-162,FND-NEUR-NEUROFIBRILLARYTANGL,present,classic,Timing and phenotype determine sensitivity of neurofibrillary tangles in Restless legs syndrome.,Neurofibrillary tangles is interpreted against the disease-specific mimics of Restless legs syndrome.,condition-specific,condition-specific,Neurofibrillary tangles contributes a defined finding pattern to the explicit Restless legs syndrome illness script.,The selected Neurofibrillary tangles pattern differentiates Restless legs syndrome from the competitors in its curation manifest.,true,Step 1; Step 2 CK; Step 3,Neurology; Internal Medicine; Pediatrics; Emergency Medicine,unverified_ai_generated
DNF-NEUR-15322B50EDA4,DIS-NEUR-162,FND-NEUR-LEWYBODIES,present,supportive,Timing and phenotype determine sensitivity of lewy bodies in Restless legs syndrome.,Lewy bodies is interpreted against the disease-specific mimics of Restless legs syndrome.,condition-specific,condition-specific,Lewy bodies contributes a defined finding pattern to the explicit Restless legs syndrome illness script.,The selected Lewy bodies pattern differentiates Restless legs syndrome from the competitors in its curation manifest.,true,Step 1; Step 2 CK; Step 3,Neurology; Internal Medicine; Pediatrics; Emergency Medicine,unverified_ai_generated
DNF-NEUR-D5ECFBA4673F,DIS-NEUR-162,FND-NEUR-VENTRICULOMEGALY,present,supportive,Timing and phenotype determine sensitivity of ventriculomegaly in Restless legs syndrome.,Ventriculomegaly is interpreted against the disease-specific mimics of Restless legs syndrome.,condition-specific,condition-specific,Ventriculomegaly contributes a defined finding pattern to the explicit Restless legs syndrome illness script.,The selected Ventriculomegaly pattern differentiates Restless legs syndrome from the competitors in its curation manifest.,true,Step 1; Step 2 CK; Step 3,Neurology; Internal Medicine; Pediatrics; Emergency Medicine,unverified_ai_generated
DNF-NEUR-2AD2B8D057FD,DIS-NEUR-162,FND-NEUR-9F0545F48A27,present,supportive,Timing and phenotype determine sensitivity of fluctuating attention in Restless legs syndrome.,Fluctuating attention is interpreted against the disease-specific mimics of Restless legs syndrome.,condition-specific,condition-specific,Fluctuating attention contributes a defined finding pattern to the explicit Restless legs syndrome illness script.,The selected Fluctuating attention pattern differentiates Restless legs syndrome from the competitors in its curation manifest.,true,Step 1; Step 2 CK; Step 3,Neurology; Internal Medicine; Pediatrics; Emergency Medicine,unverified_ai_generated
DNF-NEUR-8E35C6FFD348,DIS-NEUR-MEDICATIONOVERUSEHEA,FND-NEUR-PAPILLEDEMA,present,classic,Timing and phenotype determine sensitivity of papilledema in Medication-overuse headache.,Papilledema is interpreted against the disease-specific mimics of Medication-overuse headache.,condition-specific,condition-specific,Papilledema contributes a defined finding pattern to the explicit Medication-overuse headache illness script.,The selected Papilledema pattern differentiates Medication-overuse headache from the competitors in its curation manifest.,true,Step 1; Step 2 CK; Step 3,Neurology; Internal Medicine; Pediatrics; Emergency Medicine,unverified_ai_generated
DNF-NEUR-F07BF5B72EAC,DIS-NEUR-MEDICATIONOVERUSEHEA,FND-NEUR-XANTHOCHROMIA,present,supportive,Timing and phenotype determine sensitivity of xanthochromia in Medication-overuse headache.,Xanthochromia is interpreted against the disease-specific mimics of Medication-overuse headache.,condition-specific,condition-specific,Xanthochromia contributes a defined finding pattern to the explicit Medication-overuse headache illness script.,The selected Xanthochromia pattern differentiates Medication-overuse headache from the competitors in its curation manifest.,true,Step 1; Step 2 CK; Step 3,Neurology; Internal Medicine; Pediatrics; Emergency Medicine,unverified_ai_generated
DNF-NEUR-61B98F29776A,DIS-NEUR-MEDICATIONOVERUSEHEA,FND-NEUR-ELEVATEDOPENINGPRESS,present,supportive,Timing and phenotype determine sensitivity of elevated opening pressure in Medication-overuse headache.,Elevated opening pressure is interpreted against the disease-specific mimics of Medication-overuse headache.,condition-specific,condition-specific,Elevated opening pressure contributes a defined finding pattern to the explicit Medication-overuse headache illness script.,The selected Elevated opening pressure pattern differentiates Medication-overuse headache from the competitors in its curation manifest.,true,Step 1; Step 2 CK; Step 3,Neurology; Internal Medicine; Pediatrics; Emergency Medicine,unverified_ai_generated
DNF-NEUR-DCE163779EFA,DIS-NEUR-MEDICATIONOVERUSEHEA,FND-NEUR-MENINGISMUS,present,supportive,Timing and phenotype determine sensitivity of meningismus in Medication-overuse headache.,Meningismus is interpreted against the disease-specific mimics of Medication-overuse headache.,condition-specific,condition-specific,Meningismus contributes a defined finding pattern to the explicit Medication-overuse headache illness script.,The selected Meningismus pattern differentiates Medication-overuse headache from the competitors in its curation manifest.,true,Step 1; Step 2 CK; Step 3,Neurology; Internal Medicine; Pediatrics; Emergency Medicine,unverified_ai_generated
DNF-NEUR-010F80B1D018,DIS-NEUR-TENSIONTYPEHEADACHE,FND-NEUR-PAPILLEDEMA,present,classic,Timing and phenotype determine sensitivity of papilledema in Tension-type headache.,Papilledema is interpreted against the disease-specific mimics of Tension-type headache.,condition-specific,condition-specific,Papilledema contributes a defined finding pattern to the explicit Tension-type headache illness script.,The selected Papilledema pattern differentiates Tension-type headache from the competitors in its curation manifest.,true,Step 1; Step 2 CK; Step 3,Neurology; Internal Medicine; Pediatrics; Emergency Medicine,unverified_ai_generated
DNF-NEUR-5317F0F2A584,DIS-NEUR-TENSIONTYPEHEADACHE,FND-NEUR-XANTHOCHROMIA,present,supportive,Timing and phenotype determine sensitivity of xanthochromia in Tension-type headache.,Xanthochromia is interpreted against the disease-specific mimics of Tension-type headache.,condition-specific,condition-specific,Xanthochromia contributes a defined finding pattern to the explicit Tension-type headache illness script.,The selected Xanthochromia pattern differentiates Tension-type headache from the competitors in its curation manifest.,true,Step 1; Step 2 CK; Step 3,Neurology; Internal Medicine; Pediatrics; Emergency Medicine,unverified_ai_generated
DNF-NEUR-D73EE1B76B05,DIS-NEUR-TENSIONTYPEHEADACHE,FND-NEUR-ELEVATEDOPENINGPRESS,present,supportive,Timing and phenotype determine sensitivity of elevated opening pressure in Tension-type headache.,Elevated opening pressure is interpreted against the disease-specific mimics of Tension-type headache.,condition-specific,condition-specific,Elevated opening pressure contributes a defined finding pattern to the explicit Tension-type headache illness script.,The selected Elevated opening pressure pattern differentiates Tension-type headache from the competitors in its curation manifest.,true,Step 1; Step 2 CK; Step 3,Neurology; Internal Medicine; Pediatrics; Emergency Medicine,unverified_ai_generated
DNF-NEUR-38F2C7232649,DIS-NEUR-TENSIONTYPEHEADACHE,FND-NEUR-MENINGISMUS,present,supportive,Timing and phenotype determine sensitivity of meningismus in Tension-type headache.,Meningismus is interpreted against the disease-specific mimics of Tension-type headache.,condition-specific,condition-specific,Meningismus contributes a defined finding pattern to the explicit Tension-type headache illness script.,The selected Meningismus pattern differentiates Tension-type headache from the competitors in its curation manifest.,true,Step 1; Step 2 CK; Step 3,Neurology; Internal Medicine; Pediatrics; Emergency Medicine,unverified_ai_generated
DNF-NEUR-8978DAFF2FD5,DIS-NEUR-VESTIBULARMIGRAINE,FND-NEUR-PAPILLEDEMA,present,classic,Timing and phenotype determine sensitivity of papilledema in Vestibular migraine.,Papilledema is interpreted against the disease-specific mimics of Vestibular migraine.,condition-specific,condition-specific,Papilledema contributes a defined finding pattern to the explicit Vestibular migraine illness script.,The selected Papilledema pattern differentiates Vestibular migraine from the competitors in its curation manifest.,true,Step 1; Step 2 CK; Step 3,Neurology; Internal Medicine; Pediatrics; Emergency Medicine,unverified_ai_generated
DNF-NEUR-64107239240F,DIS-NEUR-VESTIBULARMIGRAINE,FND-NEUR-XANTHOCHROMIA,present,supportive,Timing and phenotype determine sensitivity of xanthochromia in Vestibular migraine.,Xanthochromia is interpreted against the disease-specific mimics of Vestibular migraine.,condition-specific,condition-specific,Xanthochromia contributes a defined finding pattern to the explicit Vestibular migraine illness script.,The selected Xanthochromia pattern differentiates Vestibular migraine from the competitors in its curation manifest.,true,Step 1; Step 2 CK; Step 3,Neurology; Internal Medicine; Pediatrics; Emergency Medicine,unverified_ai_generated
DNF-NEUR-EBF7366BD500,DIS-NEUR-VESTIBULARMIGRAINE,FND-NEUR-ELEVATEDOPENINGPRESS,present,supportive,Timing and phenotype determine sensitivity of elevated opening pressure in Vestibular migraine.,Elevated opening pressure is interpreted against the disease-specific mimics of Vestibular migraine.,condition-specific,condition-specific,Elevated opening pressure contributes a defined finding pattern to the explicit Vestibular migraine illness script.,The selected Elevated opening pressure pattern differentiates Vestibular migraine from the competitors in its curation manifest.,true,Step 1; Step 2 CK; Step 3,Neurology; Internal Medicine; Pediatrics; Emergency Medicine,unverified_ai_generated
DNF-NEUR-8D511E351E5A,DIS-NEUR-VESTIBULARMIGRAINE,FND-NEUR-MENINGISMUS,present,supportive,Timing and phenotype determine sensitivity of meningismus in Vestibular migraine.,Meningismus is interpreted against the disease-specific mimics of Vestibular migraine.,condition-specific,condition-specific,Meningismus contributes a defined finding pattern to the explicit Vestibular migraine illness script.,The selected Meningismus pattern differentiates Vestibular migraine from the competitors in its curation manifest.,true,Step 1; Step 2 CK; Step 3,Neurology; Internal Medicine; Pediatrics; Emergency Medicine,unverified_ai_generated
DNF-NEUR-742D104F72E2,DIS-NEUR-CHRONICMIGRAINE,FND-NEUR-PAPILLEDEMA,present,classic,Timing and phenotype determine sensitivity of papilledema in Chronic migraine.,Papilledema is interpreted against the disease-specific mimics of Chronic migraine.,condition-specific,condition-specific,Papilledema contributes a defined finding pattern to the explicit Chronic migraine illness script.,The selected Papilledema pattern differentiates Chronic migraine from the competitors in its curation manifest.,true,Step 1; Step 2 CK; Step 3,Neurology; Internal Medicine; Pediatrics; Emergency Medicine,unverified_ai_generated
DNF-NEUR-310BF59DA374,DIS-NEUR-CHRONICMIGRAINE,FND-NEUR-XANTHOCHROMIA,present,supportive,Timing and phenotype determine sensitivity of xanthochromia in Chronic migraine.,Xanthochromia is interpreted against the disease-specific mimics of Chronic migraine.,condition-specific,condition-specific,Xanthochromia contributes a defined finding pattern to the explicit Chronic migraine illness script.,The selected Xanthochromia pattern differentiates Chronic migraine from the competitors in its curation manifest.,true,Step 1; Step 2 CK; Step 3,Neurology; Internal Medicine; Pediatrics; Emergency Medicine,unverified_ai_generated
DNF-NEUR-52AB15CB57FB,DIS-NEUR-CHRONICMIGRAINE,FND-NEUR-ELEVATEDOPENINGPRESS,present,supportive,Timing and phenotype determine sensitivity of elevated opening pressure in Chronic migraine.,Elevated opening pressure is interpreted against the disease-specific mimics of Chronic migraine.,condition-specific,condition-specific,Elevated opening pressure contributes a defined finding pattern to the explicit Chronic migraine illness script.,The selected Elevated opening pressure pattern differentiates Chronic migraine from the competitors in its curation manifest.,true,Step 1; Step 2 CK; Step 3,Neurology; Internal Medicine; Pediatrics; Emergency Medicine,unverified_ai_generated
DNF-NEUR-9D3C4DE269C3,DIS-NEUR-CHRONICMIGRAINE,FND-NEUR-MENINGISMUS,present,supportive,Timing and phenotype determine sensitivity of meningismus in Chronic migraine.,Meningismus is interpreted against the disease-specific mimics of Chronic migraine.,condition-specific,condition-specific,Meningismus contributes a defined finding pattern to the explicit Chronic migraine illness script.,The selected Meningismus pattern differentiates Chronic migraine from the competitors in its curation manifest.,true,Step 1; Step 2 CK; Step 3,Neurology; Internal Medicine; Pediatrics; Emergency Medicine,unverified_ai_generated
DNF-NEUR-5D3DDCF712EF,DIS-NEUR-OCCIPITALNEURALGIA,FND-NEUR-PAPILLEDEMA,present,classic,Timing and phenotype determine sensitivity of papilledema in Occipital neuralgia.,Papilledema is interpreted against the disease-specific mimics of Occipital neuralgia.,condition-specific,condition-specific,Papilledema contributes a defined finding pattern to the explicit Occipital neuralgia illness script.,The selected Papilledema pattern differentiates Occipital neuralgia from the competitors in its curation manifest.,true,Step 1; Step 2 CK; Step 3,Neurology; Internal Medicine; Pediatrics; Emergency Medicine,unverified_ai_generated
DNF-NEUR-C0F12DA556D7,DIS-NEUR-OCCIPITALNEURALGIA,FND-NEUR-XANTHOCHROMIA,present,supportive,Timing and phenotype determine sensitivity of xanthochromia in Occipital neuralgia.,Xanthochromia is interpreted against the disease-specific mimics of Occipital neuralgia.,condition-specific,condition-specific,Xanthochromia contributes a defined finding pattern to the explicit Occipital neuralgia illness script.,The selected Xanthochromia pattern differentiates Occipital neuralgia from the competitors in its curation manifest.,true,Step 1; Step 2 CK; Step 3,Neurology; Internal Medicine; Pediatrics; Emergency Medicine,unverified_ai_generated
DNF-NEUR-3F47199EAD80,DIS-NEUR-OCCIPITALNEURALGIA,FND-NEUR-ELEVATEDOPENINGPRESS,present,supportive,Timing and phenotype determine sensitivity of elevated opening pressure in Occipital neuralgia.,Elevated opening pressure is interpreted against the disease-specific mimics of Occipital neuralgia.,condition-specific,condition-specific,Elevated opening pressure contributes a defined finding pattern to the explicit Occipital neuralgia illness script.,The selected Elevated opening pressure pattern differentiates Occipital neuralgia from the competitors in its curation manifest.,true,Step 1; Step 2 CK; Step 3,Neurology; Internal Medicine; Pediatrics; Emergency Medicine,unverified_ai_generated
DNF-NEUR-C2B01089B6C2,DIS-NEUR-OCCIPITALNEURALGIA,FND-NEUR-MENINGISMUS,present,supportive,Timing and phenotype determine sensitivity of meningismus in Occipital neuralgia.,Meningismus is interpreted against the disease-specific mimics of Occipital neuralgia.,condition-specific,condition-specific,Meningismus contributes a defined finding pattern to the explicit Occipital neuralgia illness script.,The selected Meningismus pattern differentiates Occipital neuralgia from the competitors in its curation manifest.,true,Step 1; Step 2 CK; Step 3,Neurology; Internal Medicine; Pediatrics; Emergency Medicine,unverified_ai_generated
DNF-NEUR-75155CF91043,DIS-NEUR-GLOSSOPHARYNGEALNEUR,FND-NEUR-PAPILLEDEMA,present,classic,Timing and phenotype determine sensitivity of papilledema in Glossopharyngeal neuralgia.,Papilledema is interpreted against the disease-specific mimics of Glossopharyngeal neuralgia.,condition-specific,condition-specific,Papilledema contributes a defined finding pattern to the explicit Glossopharyngeal neuralgia illness script.,The selected Papilledema pattern differentiates Glossopharyngeal neuralgia from the competitors in its curation manifest.,true,Step 1; Step 2 CK; Step 3,Neurology; Internal Medicine; Pediatrics; Emergency Medicine,unverified_ai_generated
DNF-NEUR-66CFB5919EDC,DIS-NEUR-GLOSSOPHARYNGEALNEUR,FND-NEUR-XANTHOCHROMIA,present,supportive,Timing and phenotype determine sensitivity of xanthochromia in Glossopharyngeal neuralgia.,Xanthochromia is interpreted against the disease-specific mimics of Glossopharyngeal neuralgia.,condition-specific,condition-specific,Xanthochromia contributes a defined finding pattern to the explicit Glossopharyngeal neuralgia illness script.,The selected Xanthochromia pattern differentiates Glossopharyngeal neuralgia from the competitors in its curation manifest.,true,Step 1; Step 2 CK; Step 3,Neurology; Internal Medicine; Pediatrics; Emergency Medicine,unverified_ai_generated
DNF-NEUR-DEAAB1176C2C,DIS-NEUR-GLOSSOPHARYNGEALNEUR,FND-NEUR-ELEVATEDOPENINGPRESS,present,supportive,Timing and phenotype determine sensitivity of elevated opening pressure in Glossopharyngeal neuralgia.,Elevated opening pressure is interpreted against the disease-specific mimics of Glossopharyngeal neuralgia.,condition-specific,condition-specific,Elevated opening pressure contributes a defined finding pattern to the explicit Glossopharyngeal neuralgia illness script.,The selected Elevated opening pressure pattern differentiates Glossopharyngeal neuralgia from the competitors in its curation manifest.,true,Step 1; Step 2 CK; Step 3,Neurology; Internal Medicine; Pediatrics; Emergency Medicine,unverified_ai_generated
DNF-NEUR-6DE279FC3B9D,DIS-NEUR-GLOSSOPHARYNGEALNEUR,FND-NEUR-MENINGISMUS,present,supportive,Timing and phenotype determine sensitivity of meningismus in Glossopharyngeal neuralgia.,Meningismus is interpreted against the disease-specific mimics of Glossopharyngeal neuralgia.,condition-specific,condition-specific,Meningismus contributes a defined finding pattern to the explicit Glossopharyngeal neuralgia illness script.,The selected Meningismus pattern differentiates Glossopharyngeal neuralgia from the competitors in its curation manifest.,true,Step 1; Step 2 CK; Step 3,Neurology; Internal Medicine; Pediatrics; Emergency Medicine,unverified_ai_generated
DNF-NEUR-F1835DE8D902,DIS-NEUR-NEUROBORRELIOSIS,FND-NEUR-NEUROFIBRILLARYTANGL,present,classic,Timing and phenotype determine sensitivity of neurofibrillary tangles in Neuroborreliosis.,Neurofibrillary tangles is interpreted against the disease-specific mimics of Neuroborreliosis.,condition-specific,condition-specific,Neurofibrillary tangles contributes a defined finding pattern to the explicit Neuroborreliosis illness script.,The selected Neurofibrillary tangles pattern differentiates Neuroborreliosis from the competitors in its curation manifest.,true,Step 1; Step 2 CK; Step 3,Neurology; Internal Medicine; Pediatrics; Emergency Medicine,unverified_ai_generated
DNF-NEUR-DE2E7FC75568,DIS-NEUR-NEUROBORRELIOSIS,FND-NEUR-LEWYBODIES,present,supportive,Timing and phenotype determine sensitivity of lewy bodies in Neuroborreliosis.,Lewy bodies is interpreted against the disease-specific mimics of Neuroborreliosis.,condition-specific,condition-specific,Lewy bodies contributes a defined finding pattern to the explicit Neuroborreliosis illness script.,The selected Lewy bodies pattern differentiates Neuroborreliosis from the competitors in its curation manifest.,true,Step 1; Step 2 CK; Step 3,Neurology; Internal Medicine; Pediatrics; Emergency Medicine,unverified_ai_generated
DNF-NEUR-E45C413AEF82,DIS-NEUR-NEUROBORRELIOSIS,FND-NEUR-VENTRICULOMEGALY,present,supportive,Timing and phenotype determine sensitivity of ventriculomegaly in Neuroborreliosis.,Ventriculomegaly is interpreted against the disease-specific mimics of Neuroborreliosis.,condition-specific,condition-specific,Ventriculomegaly contributes a defined finding pattern to the explicit Neuroborreliosis illness script.,The selected Ventriculomegaly pattern differentiates Neuroborreliosis from the competitors in its curation manifest.,true,Step 1; Step 2 CK; Step 3,Neurology; Internal Medicine; Pediatrics; Emergency Medicine,unverified_ai_generated
DNF-NEUR-CEDDE9C7FE08,DIS-NEUR-NEUROBORRELIOSIS,FND-NEUR-9F0545F48A27,present,supportive,Timing and phenotype determine sensitivity of fluctuating attention in Neuroborreliosis.,Fluctuating attention is interpreted against the disease-specific mimics of Neuroborreliosis.,condition-specific,condition-specific,Fluctuating attention contributes a defined finding pattern to the explicit Neuroborreliosis illness script.,The selected Fluctuating attention pattern differentiates Neuroborreliosis from the competitors in its curation manifest.,true,Step 1; Step 2 CK; Step 3,Neurology; Internal Medicine; Pediatrics; Emergency Medicine,unverified_ai_generated
DNF-NEUR-E5B6ACA3D46F,DIS-NEUR-RABIESENCEPHALITIS,FND-NEUR-MENINGISMUS,present,classic,Timing and phenotype determine sensitivity of meningismus in Rabies encephalitis.,Meningismus is interpreted against the disease-specific mimics of Rabies encephalitis.,condition-specific,condition-specific,Meningismus contributes a defined finding pattern to the explicit Rabies encephalitis illness script.,The selected Meningismus pattern differentiates Rabies encephalitis from the competitors in its curation manifest.,true,Step 1; Step 2 CK; Step 3,Neurology; Internal Medicine; Pediatrics; Emergency Medicine,unverified_ai_generated
DNF-NEUR-0BE0287AFA49,DIS-NEUR-RABIESENCEPHALITIS,FND-NEUR-NEUTROPHILICCSF,present,supportive,Timing and phenotype determine sensitivity of neutrophilic csf in Rabies encephalitis.,Neutrophilic CSF is interpreted against the disease-specific mimics of Rabies encephalitis.,condition-specific,condition-specific,Neutrophilic CSF contributes a defined finding pattern to the explicit Rabies encephalitis illness script.,The selected Neutrophilic CSF pattern differentiates Rabies encephalitis from the competitors in its curation manifest.,true,Step 1; Step 2 CK; Step 3,Neurology; Internal Medicine; Pediatrics; Emergency Medicine,unverified_ai_generated
DNF-NEUR-572133BF771B,DIS-NEUR-RABIESENCEPHALITIS,FND-NEUR-LYMPHOCYTICCSF,present,supportive,Timing and phenotype determine sensitivity of lymphocytic csf in Rabies encephalitis.,Lymphocytic CSF is interpreted against the disease-specific mimics of Rabies encephalitis.,condition-specific,condition-specific,Lymphocytic CSF contributes a defined finding pattern to the explicit Rabies encephalitis illness script.,The selected Lymphocytic CSF pattern differentiates Rabies encephalitis from the competitors in its curation manifest.,true,Step 1; Step 2 CK; Step 3,Neurology; Internal Medicine; Pediatrics; Emergency Medicine,unverified_ai_generated
DNF-NEUR-4794C2CB0ADA,DIS-NEUR-RABIESENCEPHALITIS,FND-NEUR-LOWCSFGLUCOSE,present,supportive,Timing and phenotype determine sensitivity of low csf glucose in Rabies encephalitis.,Low CSF glucose is interpreted against the disease-specific mimics of Rabies encephalitis.,condition-specific,condition-specific,Low CSF glucose contributes a defined finding pattern to the explicit Rabies encephalitis illness script.,The selected Low CSF glucose pattern differentiates Rabies encephalitis from the competitors in its curation manifest.,true,Step 1; Step 2 CK; Step 3,Neurology; Internal Medicine; Pediatrics; Emergency Medicine,unverified_ai_generated
DNF-NEUR-1404B55F5375,DIS-NEUR-ACUTEFLACCIDMYELITIS,FND-NEUR-OLIGOCLONALBANDS,present,classic,Timing and phenotype determine sensitivity of oligoclonal bands in Acute flaccid myelitis.,Oligoclonal bands is interpreted against the disease-specific mimics of Acute flaccid myelitis.,condition-specific,condition-specific,Oligoclonal bands contributes a defined finding pattern to the explicit Acute flaccid myelitis illness script.,The selected Oligoclonal bands pattern differentiates Acute flaccid myelitis from the competitors in its curation manifest.,true,Step 1; Step 2 CK; Step 3,Neurology; Internal Medicine; Pediatrics; Emergency Medicine,unverified_ai_generated
DNF-NEUR-714DB9BF91F5,DIS-NEUR-ACUTEFLACCIDMYELITIS,FND-NEUR-AQUAPORIN4ANTIBODIES,present,supportive,Timing and phenotype determine sensitivity of aquaporin-4 antibodies in Acute flaccid myelitis.,Aquaporin-4 antibodies is interpreted against the disease-specific mimics of Acute flaccid myelitis.,condition-specific,condition-specific,Aquaporin-4 antibodies contributes a defined finding pattern to the explicit Acute flaccid myelitis illness script.,The selected Aquaporin-4 antibodies pattern differentiates Acute flaccid myelitis from the competitors in its curation manifest.,true,Step 1; Step 2 CK; Step 3,Neurology; Internal Medicine; Pediatrics; Emergency Medicine,unverified_ai_generated
DNF-NEUR-434EA64CB94D,DIS-NEUR-ACUTEFLACCIDMYELITIS,FND-NEUR-DAWSONFINGERS,present,supportive,Timing and phenotype determine sensitivity of dawson fingers in Acute flaccid myelitis.,Dawson fingers is interpreted against the disease-specific mimics of Acute flaccid myelitis.,condition-specific,condition-specific,Dawson fingers contributes a defined finding pattern to the explicit Acute flaccid myelitis illness script.,The selected Dawson fingers pattern differentiates Acute flaccid myelitis from the competitors in its curation manifest.,true,Step 1; Step 2 CK; Step 3,Neurology; Internal Medicine; Pediatrics; Emergency Medicine,unverified_ai_generated
DNF-NEUR-9992BDA1A445,DIS-NEUR-ACUTEFLACCIDMYELITIS,FND-NEUR-INTERNUCLEAROPHTHALM,present,supportive,Timing and phenotype determine sensitivity of internuclear ophthalmoplegia in Acute flaccid myelitis.,Internuclear ophthalmoplegia is interpreted against the disease-specific mimics of Acute flaccid myelitis.,condition-specific,condition-specific,Internuclear ophthalmoplegia contributes a defined finding pattern to the explicit Acute flaccid myelitis illness script.,The selected Internuclear ophthalmoplegia pattern differentiates Acute flaccid myelitis from the competitors in its curation manifest.,true,Step 1; Step 2 CK; Step 3,Neurology; Internal Medicine; Pediatrics; Emergency Medicine,unverified_ai_generated
DNF-NEUR-2741982CF176,DIS-NEUR-FACIOSCAPULOHUMERALM,FND-NEUR-FATIGABLEPTOSIS,present,classic,Timing and phenotype determine sensitivity of fatigable ptosis in Facioscapulohumeral muscular dystrophy.,Fatigable ptosis is interpreted against the disease-specific mimics of Facioscapulohumeral muscular dystrophy.,condition-specific,condition-specific,Fatigable ptosis contributes a defined finding pattern to the explicit Facioscapulohumeral muscular dystrophy illness script.,The selected Fatigable ptosis pattern differentiates Facioscapulohumeral muscular dystrophy from the competitors in its curation manifest.,true,Step 1; Step 2 CK; Step 3,Neurology; Internal Medicine; Pediatrics; Emergency Medicine,unverified_ai_generated
DNF-NEUR-E3F4E6BDA3FE,DIS-NEUR-FACIOSCAPULOHUMERALM,FND-NEUR-NOSENSORYLOSS,present,supportive,Timing and phenotype determine sensitivity of no sensory loss in Facioscapulohumeral muscular dystrophy.,No sensory loss is interpreted against the disease-specific mimics of Facioscapulohumeral muscular dystrophy.,condition-specific,condition-specific,No sensory loss contributes a defined finding pattern to the explicit Facioscapulohumeral muscular dystrophy illness script.,The selected No sensory loss pattern differentiates Facioscapulohumeral muscular dystrophy from the competitors in its curation manifest.,true,Step 1; Step 2 CK; Step 3,Neurology; Internal Medicine; Pediatrics; Emergency Medicine,unverified_ai_generated
DNF-NEUR-BC15DC7BCA6E,DIS-NEUR-FACIOSCAPULOHUMERALM,FND-NEUR-ALBUMINOCYTOLOGICDIS,present,supportive,Timing and phenotype determine sensitivity of albuminocytologic dissociation in Facioscapulohumeral muscular dystrophy.,Albuminocytologic dissociation is interpreted against the disease-specific mimics of Facioscapulohumeral muscular dystrophy.,condition-specific,condition-specific,Albuminocytologic dissociation contributes a defined finding pattern to the explicit Facioscapulohumeral muscular dystrophy illness script.,The selected Albuminocytologic dissociation pattern differentiates Facioscapulohumeral muscular dystrophy from the competitors in its curation manifest.,true,Step 1; Step 2 CK; Step 3,Neurology; Internal Medicine; Pediatrics; Emergency Medicine,unverified_ai_generated
DNF-NEUR-A55A4FFC1B07,DIS-NEUR-FACIOSCAPULOHUMERALM,FND-NEUR-ACETYLCHOLINERECEPTO,present,supportive,Timing and phenotype determine sensitivity of acetylcholine-receptor antibodies in Facioscapulohumeral muscular dystrophy.,Acetylcholine-receptor antibodies is interpreted against the disease-specific mimics of Facioscapulohumeral muscular dystrophy.,condition-specific,condition-specific,Acetylcholine-receptor antibodies contributes a defined finding pattern to the explicit Facioscapulohumeral muscular dystrophy illness script.,The selected Acetylcholine-receptor antibodies pattern differentiates Facioscapulohumeral muscular dystrophy from the competitors in its curation manifest.,true,Step 1; Step 2 CK; Step 3,Neurology; Internal Medicine; Pediatrics; Emergency Medicine,unverified_ai_generated
DNF-NEUR-A628A476F53B,DIS-NEUR-MYOTONICDYSTROPHY,FND-NEUR-NEUROFIBRILLARYTANGL,present,classic,Timing and phenotype determine sensitivity of neurofibrillary tangles in Myotonic dystrophy.,Neurofibrillary tangles is interpreted against the disease-specific mimics of Myotonic dystrophy.,condition-specific,condition-specific,Neurofibrillary tangles contributes a defined finding pattern to the explicit Myotonic dystrophy illness script.,The selected Neurofibrillary tangles pattern differentiates Myotonic dystrophy from the competitors in its curation manifest.,true,Step 1; Step 2 CK; Step 3,Neurology; Internal Medicine; Pediatrics; Emergency Medicine,unverified_ai_generated
DNF-NEUR-5A2FD6AF9027,DIS-NEUR-MYOTONICDYSTROPHY,FND-NEUR-LEWYBODIES,present,supportive,Timing and phenotype determine sensitivity of lewy bodies in Myotonic dystrophy.,Lewy bodies is interpreted against the disease-specific mimics of Myotonic dystrophy.,condition-specific,condition-specific,Lewy bodies contributes a defined finding pattern to the explicit Myotonic dystrophy illness script.,The selected Lewy bodies pattern differentiates Myotonic dystrophy from the competitors in its curation manifest.,true,Step 1; Step 2 CK; Step 3,Neurology; Internal Medicine; Pediatrics; Emergency Medicine,unverified_ai_generated
DNF-NEUR-C8AC33BAF4AD,DIS-NEUR-MYOTONICDYSTROPHY,FND-NEUR-VENTRICULOMEGALY,present,supportive,Timing and phenotype determine sensitivity of ventriculomegaly in Myotonic dystrophy.,Ventriculomegaly is interpreted against the disease-specific mimics of Myotonic dystrophy.,condition-specific,condition-specific,Ventriculomegaly contributes a defined finding pattern to the explicit Myotonic dystrophy illness script.,The selected Ventriculomegaly pattern differentiates Myotonic dystrophy from the competitors in its curation manifest.,true,Step 1; Step 2 CK; Step 3,Neurology; Internal Medicine; Pediatrics; Emergency Medicine,unverified_ai_generated
DNF-NEUR-D5CEECA3491E,DIS-NEUR-MYOTONICDYSTROPHY,FND-NEUR-9F0545F48A27,present,supportive,Timing and phenotype determine sensitivity of fluctuating attention in Myotonic dystrophy.,Fluctuating attention is interpreted against the disease-specific mimics of Myotonic dystrophy.,condition-specific,condition-specific,Fluctuating attention contributes a defined finding pattern to the explicit Myotonic dystrophy illness script.,The selected Fluctuating attention pattern differentiates Myotonic dystrophy from the competitors in its curation manifest.,true,Step 1; Step 2 CK; Step 3,Neurology; Internal Medicine; Pediatrics; Emergency Medicine,unverified_ai_generated
DNF-NEUR-912BFD482190,DIS-NEUR-MCARDLEDISEASE,FND-NEUR-FATIGABLEPTOSIS,present,classic,Timing and phenotype determine sensitivity of fatigable ptosis in McArdle disease.,Fatigable ptosis is interpreted against the disease-specific mimics of McArdle disease.,condition-specific,condition-specific,Fatigable ptosis contributes a defined finding pattern to the explicit McArdle disease illness script.,The selected Fatigable ptosis pattern differentiates McArdle disease from the competitors in its curation manifest.,true,Step 1; Step 2 CK; Step 3,Neurology; Internal Medicine; Pediatrics; Emergency Medicine,unverified_ai_generated
DNF-NEUR-6F92D1D239F3,DIS-NEUR-MCARDLEDISEASE,FND-NEUR-NOSENSORYLOSS,present,supportive,Timing and phenotype determine sensitivity of no sensory loss in McArdle disease.,No sensory loss is interpreted against the disease-specific mimics of McArdle disease.,condition-specific,condition-specific,No sensory loss contributes a defined finding pattern to the explicit McArdle disease illness script.,The selected No sensory loss pattern differentiates McArdle disease from the competitors in its curation manifest.,true,Step 1; Step 2 CK; Step 3,Neurology; Internal Medicine; Pediatrics; Emergency Medicine,unverified_ai_generated
DNF-NEUR-4799ADE83491,DIS-NEUR-MCARDLEDISEASE,FND-NEUR-ALBUMINOCYTOLOGICDIS,present,supportive,Timing and phenotype determine sensitivity of albuminocytologic dissociation in McArdle disease.,Albuminocytologic dissociation is interpreted against the disease-specific mimics of McArdle disease.,condition-specific,condition-specific,Albuminocytologic dissociation contributes a defined finding pattern to the explicit McArdle disease illness script.,The selected Albuminocytologic dissociation pattern differentiates McArdle disease from the competitors in its curation manifest.,true,Step 1; Step 2 CK; Step 3,Neurology; Internal Medicine; Pediatrics; Emergency Medicine,unverified_ai_generated
DNF-NEUR-CC3CC7C1C0B5,DIS-NEUR-MCARDLEDISEASE,FND-NEUR-ACETYLCHOLINERECEPTO,present,supportive,Timing and phenotype determine sensitivity of acetylcholine-receptor antibodies in McArdle disease.,Acetylcholine-receptor antibodies is interpreted against the disease-specific mimics of McArdle disease.,condition-specific,condition-specific,Acetylcholine-receptor antibodies contributes a defined finding pattern to the explicit McArdle disease illness script.,The selected Acetylcholine-receptor antibodies pattern differentiates McArdle disease from the competitors in its curation manifest.,true,Step 1; Step 2 CK; Step 3,Neurology; Internal Medicine; Pediatrics; Emergency Medicine,unverified_ai_generated
DNF-NEUR-52E07A19CB26,DIS-NEUR-POMPEDISEASE,FND-NEUR-FATIGABLEPTOSIS,present,classic,Timing and phenotype determine sensitivity of fatigable ptosis in Pompe disease.,Fatigable ptosis is interpreted against the disease-specific mimics of Pompe disease.,condition-specific,condition-specific,Fatigable ptosis contributes a defined finding pattern to the explicit Pompe disease illness script.,The selected Fatigable ptosis pattern differentiates Pompe disease from the competitors in its curation manifest.,true,Step 1; Step 2 CK; Step 3,Neurology; Internal Medicine; Pediatrics; Emergency Medicine,unverified_ai_generated
DNF-NEUR-2315AE7954C9,DIS-NEUR-POMPEDISEASE,FND-NEUR-NOSENSORYLOSS,present,supportive,Timing and phenotype determine sensitivity of no sensory loss in Pompe disease.,No sensory loss is interpreted against the disease-specific mimics of Pompe disease.,condition-specific,condition-specific,No sensory loss contributes a defined finding pattern to the explicit Pompe disease illness script.,The selected No sensory loss pattern differentiates Pompe disease from the competitors in its curation manifest.,true,Step 1; Step 2 CK; Step 3,Neurology; Internal Medicine; Pediatrics; Emergency Medicine,unverified_ai_generated
DNF-NEUR-8D0D92FC2B84,DIS-NEUR-POMPEDISEASE,FND-NEUR-ALBUMINOCYTOLOGICDIS,present,supportive,Timing and phenotype determine sensitivity of albuminocytologic dissociation in Pompe disease.,Albuminocytologic dissociation is interpreted against the disease-specific mimics of Pompe disease.,condition-specific,condition-specific,Albuminocytologic dissociation contributes a defined finding pattern to the explicit Pompe disease illness script.,The selected Albuminocytologic dissociation pattern differentiates Pompe disease from the competitors in its curation manifest.,true,Step 1; Step 2 CK; Step 3,Neurology; Internal Medicine; Pediatrics; Emergency Medicine,unverified_ai_generated
DNF-NEUR-2A6A64205AE1,DIS-NEUR-POMPEDISEASE,FND-NEUR-ACETYLCHOLINERECEPTO,present,supportive,Timing and phenotype determine sensitivity of acetylcholine-receptor antibodies in Pompe disease.,Acetylcholine-receptor antibodies is interpreted against the disease-specific mimics of Pompe disease.,condition-specific,condition-specific,Acetylcholine-receptor antibodies contributes a defined finding pattern to the explicit Pompe disease illness script.,The selected Acetylcholine-receptor antibodies pattern differentiates Pompe disease from the competitors in its curation manifest.,true,Step 1; Step 2 CK; Step 3,Neurology; Internal Medicine; Pediatrics; Emergency Medicine,unverified_ai_generated
DNF-NEUR-EEC10667967F,DIS-NEUR-SMALLFIBERNEUROPATHY,FND-NEUR-AREFLEXIA,present,classic,Timing and phenotype determine sensitivity of areflexia in Small-fiber neuropathy.,Areflexia is interpreted against the disease-specific mimics of Small-fiber neuropathy.,condition-specific,condition-specific,Areflexia contributes a defined finding pattern to the explicit Small-fiber neuropathy illness script.,The selected Areflexia pattern differentiates Small-fiber neuropathy from the competitors in its curation manifest.,true,Step 1; Step 2 CK; Step 3,Neurology; Internal Medicine; Pediatrics; Emergency Medicine,unverified_ai_generated
DNF-NEUR-E8ED5FC105DA,DIS-NEUR-SMALLFIBERNEUROPATHY,FND-NEUR-F8CC1E183585,present,supportive,Timing and phenotype determine sensitivity of length-dependent sensory loss in Small-fiber neuropathy.,Length-dependent sensory loss is interpreted against the disease-specific mimics of Small-fiber neuropathy.,condition-specific,condition-specific,Length-dependent sensory loss contributes a defined finding pattern to the explicit Small-fiber neuropathy illness script.,The selected Length-dependent sensory loss pattern differentiates Small-fiber neuropathy from the competitors in its curation manifest.,true,Step 1; Step 2 CK; Step 3,Neurology; Internal Medicine; Pediatrics; Emergency Medicine,unverified_ai_generated
DNF-NEUR-CD1D1F56697E,DIS-NEUR-SMALLFIBERNEUROPATHY,FND-NEUR-NOSENSORYLOSS,present,supportive,Timing and phenotype determine sensitivity of no sensory loss in Small-fiber neuropathy.,No sensory loss is interpreted against the disease-specific mimics of Small-fiber neuropathy.,condition-specific,condition-specific,No sensory loss contributes a defined finding pattern to the explicit Small-fiber neuropathy illness script.,The selected No sensory loss pattern differentiates Small-fiber neuropathy from the competitors in its curation manifest.,true,Step 1; Step 2 CK; Step 3,Neurology; Internal Medicine; Pediatrics; Emergency Medicine,unverified_ai_generated
DNF-NEUR-8D66BFC84728,DIS-NEUR-SMALLFIBERNEUROPATHY,FND-NEUR-FASCICULATIONS,present,supportive,Timing and phenotype determine sensitivity of fasciculations in Small-fiber neuropathy.,Fasciculations is interpreted against the disease-specific mimics of Small-fiber neuropathy.,condition-specific,condition-specific,Fasciculations contributes a defined finding pattern to the explicit Small-fiber neuropathy illness script.,The selected Fasciculations pattern differentiates Small-fiber neuropathy from the competitors in its curation manifest.,true,Step 1; Step 2 CK; Step 3,Neurology; Internal Medicine; Pediatrics; Emergency Medicine,unverified_ai_generated
DNF-NEUR-F6DB0751036C,DIS-NEUR-MONONEURITISMULTIPLE,FND-NEUR-NEUROFIBRILLARYTANGL,present,classic,Timing and phenotype determine sensitivity of neurofibrillary tangles in Mononeuritis multiplex.,Neurofibrillary tangles is interpreted against the disease-specific mimics of Mononeuritis multiplex.,condition-specific,condition-specific,Neurofibrillary tangles contributes a defined finding pattern to the explicit Mononeuritis multiplex illness script.,The selected Neurofibrillary tangles pattern differentiates Mononeuritis multiplex from the competitors in its curation manifest.,true,Step 1; Step 2 CK; Step 3,Neurology; Internal Medicine; Pediatrics; Emergency Medicine,unverified_ai_generated
DNF-NEUR-80EF86D51131,DIS-NEUR-MONONEURITISMULTIPLE,FND-NEUR-LEWYBODIES,present,supportive,Timing and phenotype determine sensitivity of lewy bodies in Mononeuritis multiplex.,Lewy bodies is interpreted against the disease-specific mimics of Mononeuritis multiplex.,condition-specific,condition-specific,Lewy bodies contributes a defined finding pattern to the explicit Mononeuritis multiplex illness script.,The selected Lewy bodies pattern differentiates Mononeuritis multiplex from the competitors in its curation manifest.,true,Step 1; Step 2 CK; Step 3,Neurology; Internal Medicine; Pediatrics; Emergency Medicine,unverified_ai_generated
DNF-NEUR-60770C7EBC45,DIS-NEUR-MONONEURITISMULTIPLE,FND-NEUR-VENTRICULOMEGALY,present,supportive,Timing and phenotype determine sensitivity of ventriculomegaly in Mononeuritis multiplex.,Ventriculomegaly is interpreted against the disease-specific mimics of Mononeuritis multiplex.,condition-specific,condition-specific,Ventriculomegaly contributes a defined finding pattern to the explicit Mononeuritis multiplex illness script.,The selected Ventriculomegaly pattern differentiates Mononeuritis multiplex from the competitors in its curation manifest.,true,Step 1; Step 2 CK; Step 3,Neurology; Internal Medicine; Pediatrics; Emergency Medicine,unverified_ai_generated
DNF-NEUR-E4FA8F84388A,DIS-NEUR-MONONEURITISMULTIPLE,FND-NEUR-9F0545F48A27,present,supportive,Timing and phenotype determine sensitivity of fluctuating attention in Mononeuritis multiplex.,Fluctuating attention is interpreted against the disease-specific mimics of Mononeuritis multiplex.,condition-specific,condition-specific,Fluctuating attention contributes a defined finding pattern to the explicit Mononeuritis multiplex illness script.,The selected Fluctuating attention pattern differentiates Mononeuritis multiplex from the competitors in its curation manifest.,true,Step 1; Step 2 CK; Step 3,Neurology; Internal Medicine; Pediatrics; Emergency Medicine,unverified_ai_generated
DNF-NEUR-86DE89CB76FC,DIS-NEUR-TABESDORSALIS,FND-NEUR-NEUROFIBRILLARYTANGL,present,classic,Timing and phenotype determine sensitivity of neurofibrillary tangles in Tabes dorsalis.,Neurofibrillary tangles is interpreted against the disease-specific mimics of Tabes dorsalis.,condition-specific,condition-specific,Neurofibrillary tangles contributes a defined finding pattern to the explicit Tabes dorsalis illness script.,The selected Neurofibrillary tangles pattern differentiates Tabes dorsalis from the competitors in its curation manifest.,true,Step 1; Step 2 CK; Step 3,Neurology; Internal Medicine; Pediatrics; Emergency Medicine,unverified_ai_generated
DNF-NEUR-72049478108C,DIS-NEUR-TABESDORSALIS,FND-NEUR-LEWYBODIES,present,supportive,Timing and phenotype determine sensitivity of lewy bodies in Tabes dorsalis.,Lewy bodies is interpreted against the disease-specific mimics of Tabes dorsalis.,condition-specific,condition-specific,Lewy bodies contributes a defined finding pattern to the explicit Tabes dorsalis illness script.,The selected Lewy bodies pattern differentiates Tabes dorsalis from the competitors in its curation manifest.,true,Step 1; Step 2 CK; Step 3,Neurology; Internal Medicine; Pediatrics; Emergency Medicine,unverified_ai_generated
DNF-NEUR-271319D13363,DIS-NEUR-TABESDORSALIS,FND-NEUR-VENTRICULOMEGALY,present,supportive,Timing and phenotype determine sensitivity of ventriculomegaly in Tabes dorsalis.,Ventriculomegaly is interpreted against the disease-specific mimics of Tabes dorsalis.,condition-specific,condition-specific,Ventriculomegaly contributes a defined finding pattern to the explicit Tabes dorsalis illness script.,The selected Ventriculomegaly pattern differentiates Tabes dorsalis from the competitors in its curation manifest.,true,Step 1; Step 2 CK; Step 3,Neurology; Internal Medicine; Pediatrics; Emergency Medicine,unverified_ai_generated
DNF-NEUR-3AD4EBF1D25A,DIS-NEUR-TABESDORSALIS,FND-NEUR-9F0545F48A27,present,supportive,Timing and phenotype determine sensitivity of fluctuating attention in Tabes dorsalis.,Fluctuating attention is interpreted against the disease-specific mimics of Tabes dorsalis.,condition-specific,condition-specific,Fluctuating attention contributes a defined finding pattern to the explicit Tabes dorsalis illness script.,The selected Fluctuating attention pattern differentiates Tabes dorsalis from the competitors in its curation manifest.,true,Step 1; Step 2 CK; Step 3,Neurology; Internal Medicine; Pediatrics; Emergency Medicine,unverified_ai_generated
DNF-NEUR-82DBF5E32BF9,DIS-NEUR-CENTRALCORDSYNDROME,FND-NEUR-SENSORYLEVEL,present,classic,Timing and phenotype determine sensitivity of sensory level in Central cord syndrome.,Sensory level is interpreted against the disease-specific mimics of Central cord syndrome.,condition-specific,condition-specific,Sensory level contributes a defined finding pattern to the explicit Central cord syndrome illness script.,The selected Sensory level pattern differentiates Central cord syndrome from the competitors in its curation manifest.,true,Step 1; Step 2 CK; Step 3,Neurology; Internal Medicine; Pediatrics; Emergency Medicine,unverified_ai_generated
DNF-NEUR-3CBCC780A42F,DIS-NEUR-CENTRALCORDSYNDROME,FND-NEUR-SADDLEANESTHESIA,present,supportive,Timing and phenotype determine sensitivity of saddle anesthesia in Central cord syndrome.,Saddle anesthesia is interpreted against the disease-specific mimics of Central cord syndrome.,condition-specific,condition-specific,Saddle anesthesia contributes a defined finding pattern to the explicit Central cord syndrome illness script.,The selected Saddle anesthesia pattern differentiates Central cord syndrome from the competitors in its curation manifest.,true,Step 1; Step 2 CK; Step 3,Neurology; Internal Medicine; Pediatrics; Emergency Medicine,unverified_ai_generated
DNF-NEUR-FE21AC5F8DC2,DIS-NEUR-CENTRALCORDSYNDROME,FND-NEUR-SPASTICITY,present,supportive,Timing and phenotype determine sensitivity of spasticity in Central cord syndrome.,Spasticity is interpreted against the disease-specific mimics of Central cord syndrome.,condition-specific,condition-specific,Spasticity contributes a defined finding pattern to the explicit Central cord syndrome illness script.,The selected Spasticity pattern differentiates Central cord syndrome from the competitors in its curation manifest.,true,Step 1; Step 2 CK; Step 3,Neurology; Internal Medicine; Pediatrics; Emergency Medicine,unverified_ai_generated
DNF-NEUR-8F82A63E1A66,DIS-NEUR-CENTRALCORDSYNDROME,FND-NEUR-HYPERREFLEXIA,present,supportive,Timing and phenotype determine sensitivity of hyperreflexia in Central cord syndrome.,Hyperreflexia is interpreted against the disease-specific mimics of Central cord syndrome.,condition-specific,condition-specific,Hyperreflexia contributes a defined finding pattern to the explicit Central cord syndrome illness script.,The selected Hyperreflexia pattern differentiates Central cord syndrome from the competitors in its curation manifest.,true,Step 1; Step 2 CK; Step 3,Neurology; Internal Medicine; Pediatrics; Emergency Medicine,unverified_ai_generated
DNF-NEUR-DEFB05882A8B,DIS-NEUR-POSTERIORCORDSYNDROM,FND-NEUR-SENSORYLEVEL,present,classic,Timing and phenotype determine sensitivity of sensory level in Posterior cord syndrome.,Sensory level is interpreted against the disease-specific mimics of Posterior cord syndrome.,condition-specific,condition-specific,Sensory level contributes a defined finding pattern to the explicit Posterior cord syndrome illness script.,The selected Sensory level pattern differentiates Posterior cord syndrome from the competitors in its curation manifest.,true,Step 1; Step 2 CK; Step 3,Neurology; Internal Medicine; Pediatrics; Emergency Medicine,unverified_ai_generated
DNF-NEUR-DA3FF4E6D518,DIS-NEUR-POSTERIORCORDSYNDROM,FND-NEUR-SADDLEANESTHESIA,present,supportive,Timing and phenotype determine sensitivity of saddle anesthesia in Posterior cord syndrome.,Saddle anesthesia is interpreted against the disease-specific mimics of Posterior cord syndrome.,condition-specific,condition-specific,Saddle anesthesia contributes a defined finding pattern to the explicit Posterior cord syndrome illness script.,The selected Saddle anesthesia pattern differentiates Posterior cord syndrome from the competitors in its curation manifest.,true,Step 1; Step 2 CK; Step 3,Neurology; Internal Medicine; Pediatrics; Emergency Medicine,unverified_ai_generated
DNF-NEUR-7E0B4DE49505,DIS-NEUR-POSTERIORCORDSYNDROM,FND-NEUR-SPASTICITY,present,supportive,Timing and phenotype determine sensitivity of spasticity in Posterior cord syndrome.,Spasticity is interpreted against the disease-specific mimics of Posterior cord syndrome.,condition-specific,condition-specific,Spasticity contributes a defined finding pattern to the explicit Posterior cord syndrome illness script.,The selected Spasticity pattern differentiates Posterior cord syndrome from the competitors in its curation manifest.,true,Step 1; Step 2 CK; Step 3,Neurology; Internal Medicine; Pediatrics; Emergency Medicine,unverified_ai_generated
DNF-NEUR-99240D6E7BD7,DIS-NEUR-POSTERIORCORDSYNDROM,FND-NEUR-HYPERREFLEXIA,present,supportive,Timing and phenotype determine sensitivity of hyperreflexia in Posterior cord syndrome.,Hyperreflexia is interpreted against the disease-specific mimics of Posterior cord syndrome.,condition-specific,condition-specific,Hyperreflexia contributes a defined finding pattern to the explicit Posterior cord syndrome illness script.,The selected Hyperreflexia pattern differentiates Posterior cord syndrome from the competitors in its curation manifest.,true,Step 1; Step 2 CK; Step 3,Neurology; Internal Medicine; Pediatrics; Emergency Medicine,unverified_ai_generated
DNF-NEUR-8D2608AA5515,DIS-NEUR-DIFFUSEASTROCYTOMA,FND-NEUR-NEUROFIBRILLARYTANGL,present,classic,Timing and phenotype determine sensitivity of neurofibrillary tangles in Diffuse astrocytoma.,Neurofibrillary tangles is interpreted against the disease-specific mimics of Diffuse astrocytoma.,condition-specific,condition-specific,Neurofibrillary tangles contributes a defined finding pattern to the explicit Diffuse astrocytoma illness script.,The selected Neurofibrillary tangles pattern differentiates Diffuse astrocytoma from the competitors in its curation manifest.,true,Step 1; Step 2 CK; Step 3,Neurology; Internal Medicine; Pediatrics; Emergency Medicine,unverified_ai_generated
DNF-NEUR-8C37B9A2E1B9,DIS-NEUR-DIFFUSEASTROCYTOMA,FND-NEUR-LEWYBODIES,present,supportive,Timing and phenotype determine sensitivity of lewy bodies in Diffuse astrocytoma.,Lewy bodies is interpreted against the disease-specific mimics of Diffuse astrocytoma.,condition-specific,condition-specific,Lewy bodies contributes a defined finding pattern to the explicit Diffuse astrocytoma illness script.,The selected Lewy bodies pattern differentiates Diffuse astrocytoma from the competitors in its curation manifest.,true,Step 1; Step 2 CK; Step 3,Neurology; Internal Medicine; Pediatrics; Emergency Medicine,unverified_ai_generated
DNF-NEUR-E4DA6180706C,DIS-NEUR-DIFFUSEASTROCYTOMA,FND-NEUR-VENTRICULOMEGALY,present,supportive,Timing and phenotype determine sensitivity of ventriculomegaly in Diffuse astrocytoma.,Ventriculomegaly is interpreted against the disease-specific mimics of Diffuse astrocytoma.,condition-specific,condition-specific,Ventriculomegaly contributes a defined finding pattern to the explicit Diffuse astrocytoma illness script.,The selected Ventriculomegaly pattern differentiates Diffuse astrocytoma from the competitors in its curation manifest.,true,Step 1; Step 2 CK; Step 3,Neurology; Internal Medicine; Pediatrics; Emergency Medicine,unverified_ai_generated
DNF-NEUR-BB04FE7DA1F1,DIS-NEUR-DIFFUSEASTROCYTOMA,FND-NEUR-9F0545F48A27,present,supportive,Timing and phenotype determine sensitivity of fluctuating attention in Diffuse astrocytoma.,Fluctuating attention is interpreted against the disease-specific mimics of Diffuse astrocytoma.,condition-specific,condition-specific,Fluctuating attention contributes a defined finding pattern to the explicit Diffuse astrocytoma illness script.,The selected Fluctuating attention pattern differentiates Diffuse astrocytoma from the competitors in its curation manifest.,true,Step 1; Step 2 CK; Step 3,Neurology; Internal Medicine; Pediatrics; Emergency Medicine,unverified_ai_generated
DNF-NEUR-25DAFBACAE76,DIS-NEUR-EPENDYMOMA,FND-NEUR-NEUROFIBRILLARYTANGL,present,classic,Timing and phenotype determine sensitivity of neurofibrillary tangles in Ependymoma.,Neurofibrillary tangles is interpreted against the disease-specific mimics of Ependymoma.,condition-specific,condition-specific,Neurofibrillary tangles contributes a defined finding pattern to the explicit Ependymoma illness script.,The selected Neurofibrillary tangles pattern differentiates Ependymoma from the competitors in its curation manifest.,true,Step 1; Step 2 CK; Step 3,Neurology; Internal Medicine; Pediatrics; Emergency Medicine,unverified_ai_generated
DNF-NEUR-39CF0B7A8FBB,DIS-NEUR-EPENDYMOMA,FND-NEUR-LEWYBODIES,present,supportive,Timing and phenotype determine sensitivity of lewy bodies in Ependymoma.,Lewy bodies is interpreted against the disease-specific mimics of Ependymoma.,condition-specific,condition-specific,Lewy bodies contributes a defined finding pattern to the explicit Ependymoma illness script.,The selected Lewy bodies pattern differentiates Ependymoma from the competitors in its curation manifest.,true,Step 1; Step 2 CK; Step 3,Neurology; Internal Medicine; Pediatrics; Emergency Medicine,unverified_ai_generated
DNF-NEUR-130151E45BAD,DIS-NEUR-EPENDYMOMA,FND-NEUR-VENTRICULOMEGALY,present,supportive,Timing and phenotype determine sensitivity of ventriculomegaly in Ependymoma.,Ventriculomegaly is interpreted against the disease-specific mimics of Ependymoma.,condition-specific,condition-specific,Ventriculomegaly contributes a defined finding pattern to the explicit Ependymoma illness script.,The selected Ventriculomegaly pattern differentiates Ependymoma from the competitors in its curation manifest.,true,Step 1; Step 2 CK; Step 3,Neurology; Internal Medicine; Pediatrics; Emergency Medicine,unverified_ai_generated
DNF-NEUR-B3C52E46FE6E,DIS-NEUR-EPENDYMOMA,FND-NEUR-9F0545F48A27,present,supportive,Timing and phenotype determine sensitivity of fluctuating attention in Ependymoma.,Fluctuating attention is interpreted against the disease-specific mimics of Ependymoma.,condition-specific,condition-specific,Fluctuating attention contributes a defined finding pattern to the explicit Ependymoma illness script.,The selected Fluctuating attention pattern differentiates Ependymoma from the competitors in its curation manifest.,true,Step 1; Step 2 CK; Step 3,Neurology; Internal Medicine; Pediatrics; Emergency Medicine,unverified_ai_generated
DNF-NEUR-B28E245A8E7C,DIS-NEUR-HEMANGIOBLASTOMA,FND-NEUR-NEUROFIBRILLARYTANGL,present,classic,Timing and phenotype determine sensitivity of neurofibrillary tangles in Hemangioblastoma.,Neurofibrillary tangles is interpreted against the disease-specific mimics of Hemangioblastoma.,condition-specific,condition-specific,Neurofibrillary tangles contributes a defined finding pattern to the explicit Hemangioblastoma illness script.,The selected Neurofibrillary tangles pattern differentiates Hemangioblastoma from the competitors in its curation manifest.,true,Step 1; Step 2 CK; Step 3,Neurology; Internal Medicine; Pediatrics; Emergency Medicine,unverified_ai_generated
DNF-NEUR-ACA4B732D4B1,DIS-NEUR-HEMANGIOBLASTOMA,FND-NEUR-LEWYBODIES,present,supportive,Timing and phenotype determine sensitivity of lewy bodies in Hemangioblastoma.,Lewy bodies is interpreted against the disease-specific mimics of Hemangioblastoma.,condition-specific,condition-specific,Lewy bodies contributes a defined finding pattern to the explicit Hemangioblastoma illness script.,The selected Lewy bodies pattern differentiates Hemangioblastoma from the competitors in its curation manifest.,true,Step 1; Step 2 CK; Step 3,Neurology; Internal Medicine; Pediatrics; Emergency Medicine,unverified_ai_generated
DNF-NEUR-7F131AEDFB14,DIS-NEUR-HEMANGIOBLASTOMA,FND-NEUR-VENTRICULOMEGALY,present,supportive,Timing and phenotype determine sensitivity of ventriculomegaly in Hemangioblastoma.,Ventriculomegaly is interpreted against the disease-specific mimics of Hemangioblastoma.,condition-specific,condition-specific,Ventriculomegaly contributes a defined finding pattern to the explicit Hemangioblastoma illness script.,The selected Ventriculomegaly pattern differentiates Hemangioblastoma from the competitors in its curation manifest.,true,Step 1; Step 2 CK; Step 3,Neurology; Internal Medicine; Pediatrics; Emergency Medicine,unverified_ai_generated
DNF-NEUR-F795606FE7F2,DIS-NEUR-HEMANGIOBLASTOMA,FND-NEUR-9F0545F48A27,present,supportive,Timing and phenotype determine sensitivity of fluctuating attention in Hemangioblastoma.,Fluctuating attention is interpreted against the disease-specific mimics of Hemangioblastoma.,condition-specific,condition-specific,Fluctuating attention contributes a defined finding pattern to the explicit Hemangioblastoma illness script.,The selected Fluctuating attention pattern differentiates Hemangioblastoma from the competitors in its curation manifest.,true,Step 1; Step 2 CK; Step 3,Neurology; Internal Medicine; Pediatrics; Emergency Medicine,unverified_ai_generated
DNF-NEUR-A90BCAFE12A0,DIS-NEUR-CRANIOPHARYNGIOMA,FND-NEUR-NEUROFIBRILLARYTANGL,present,classic,Timing and phenotype determine sensitivity of neurofibrillary tangles in Craniopharyngioma.,Neurofibrillary tangles is interpreted against the disease-specific mimics of Craniopharyngioma.,condition-specific,condition-specific,Neurofibrillary tangles contributes a defined finding pattern to the explicit Craniopharyngioma illness script.,The selected Neurofibrillary tangles pattern differentiates Craniopharyngioma from the competitors in its curation manifest.,true,Step 1; Step 2 CK; Step 3,Neurology; Internal Medicine; Pediatrics; Emergency Medicine,unverified_ai_generated
DNF-NEUR-A7A772255C1F,DIS-NEUR-CRANIOPHARYNGIOMA,FND-NEUR-LEWYBODIES,present,supportive,Timing and phenotype determine sensitivity of lewy bodies in Craniopharyngioma.,Lewy bodies is interpreted against the disease-specific mimics of Craniopharyngioma.,condition-specific,condition-specific,Lewy bodies contributes a defined finding pattern to the explicit Craniopharyngioma illness script.,The selected Lewy bodies pattern differentiates Craniopharyngioma from the competitors in its curation manifest.,true,Step 1; Step 2 CK; Step 3,Neurology; Internal Medicine; Pediatrics; Emergency Medicine,unverified_ai_generated
DNF-NEUR-956C2248F0A6,DIS-NEUR-CRANIOPHARYNGIOMA,FND-NEUR-VENTRICULOMEGALY,present,supportive,Timing and phenotype determine sensitivity of ventriculomegaly in Craniopharyngioma.,Ventriculomegaly is interpreted against the disease-specific mimics of Craniopharyngioma.,condition-specific,condition-specific,Ventriculomegaly contributes a defined finding pattern to the explicit Craniopharyngioma illness script.,The selected Ventriculomegaly pattern differentiates Craniopharyngioma from the competitors in its curation manifest.,true,Step 1; Step 2 CK; Step 3,Neurology; Internal Medicine; Pediatrics; Emergency Medicine,unverified_ai_generated
DNF-NEUR-4CACE15D6100,DIS-NEUR-CRANIOPHARYNGIOMA,FND-NEUR-9F0545F48A27,present,supportive,Timing and phenotype determine sensitivity of fluctuating attention in Craniopharyngioma.,Fluctuating attention is interpreted against the disease-specific mimics of Craniopharyngioma.,condition-specific,condition-specific,Fluctuating attention contributes a defined finding pattern to the explicit Craniopharyngioma illness script.,The selected Fluctuating attention pattern differentiates Craniopharyngioma from the competitors in its curation manifest.,true,Step 1; Step 2 CK; Step 3,Neurology; Internal Medicine; Pediatrics; Emergency Medicine,unverified_ai_generated
DNF-NEUR-108578940738,DIS-NEUR-CHIARIMALFORMATION,FND-NEUR-CB86DF06E6AD,present,classic,Timing and phenotype determine sensitivity of developmental regression in Chiari malformation.,Developmental regression is interpreted against the disease-specific mimics of Chiari malformation.,condition-specific,condition-specific,Developmental regression contributes a defined finding pattern to the explicit Chiari malformation illness script.,The selected Developmental regression pattern differentiates Chiari malformation from the competitors in its curation manifest.,true,Step 1; Step 2 CK; Step 3,Neurology; Internal Medicine; Pediatrics; Emergency Medicine,unverified_ai_generated
DNF-NEUR-282B17507E75,DIS-NEUR-CHIARIMALFORMATION,FND-NEUR-FAEB46066587,present,supportive,Timing and phenotype determine sensitivity of neonatal hypotonia in Chiari malformation.,Neonatal hypotonia is interpreted against the disease-specific mimics of Chiari malformation.,condition-specific,condition-specific,Neonatal hypotonia contributes a defined finding pattern to the explicit Chiari malformation illness script.,The selected Neonatal hypotonia pattern differentiates Chiari malformation from the competitors in its curation manifest.,true,Step 1; Step 2 CK; Step 3,Neurology; Internal Medicine; Pediatrics; Emergency Medicine,unverified_ai_generated
DNF-NEUR-475CED13B8CB,DIS-NEUR-CHIARIMALFORMATION,FND-NEUR-E4889C02E24B,present,supportive,Timing and phenotype determine sensitivity of macrocephaly in Chiari malformation.,Macrocephaly is interpreted against the disease-specific mimics of Chiari malformation.,condition-specific,condition-specific,Macrocephaly contributes a defined finding pattern to the explicit Chiari malformation illness script.,The selected Macrocephaly pattern differentiates Chiari malformation from the competitors in its curation manifest.,true,Step 1; Step 2 CK; Step 3,Neurology; Internal Medicine; Pediatrics; Emergency Medicine,unverified_ai_generated
DNF-NEUR-BA4CA08BB6FA,DIS-NEUR-CHIARIMALFORMATION,FND-NEUR-0D774559E5B0,present,supportive,Timing and phenotype determine sensitivity of hypotonia in Chiari malformation.,Hypotonia is interpreted against the disease-specific mimics of Chiari malformation.,condition-specific,condition-specific,Hypotonia contributes a defined finding pattern to the explicit Chiari malformation illness script.,The selected Hypotonia pattern differentiates Chiari malformation from the competitors in its curation manifest.,true,Step 1; Step 2 CK; Step 3,Neurology; Internal Medicine; Pediatrics; Emergency Medicine,unverified_ai_generated
DNF-NEUR-8028004456E6,DIS-NEUR-DANDYWALKERMALFORMAT,FND-NEUR-CB86DF06E6AD,present,classic,Timing and phenotype determine sensitivity of developmental regression in Dandy-Walker malformation.,Developmental regression is interpreted against the disease-specific mimics of Dandy-Walker malformation.,condition-specific,condition-specific,Developmental regression contributes a defined finding pattern to the explicit Dandy-Walker malformation illness script.,The selected Developmental regression pattern differentiates Dandy-Walker malformation from the competitors in its curation manifest.,true,Step 1; Step 2 CK; Step 3,Neurology; Internal Medicine; Pediatrics; Emergency Medicine,unverified_ai_generated
DNF-NEUR-0170E3CA5AB7,DIS-NEUR-DANDYWALKERMALFORMAT,FND-NEUR-FAEB46066587,present,supportive,Timing and phenotype determine sensitivity of neonatal hypotonia in Dandy-Walker malformation.,Neonatal hypotonia is interpreted against the disease-specific mimics of Dandy-Walker malformation.,condition-specific,condition-specific,Neonatal hypotonia contributes a defined finding pattern to the explicit Dandy-Walker malformation illness script.,The selected Neonatal hypotonia pattern differentiates Dandy-Walker malformation from the competitors in its curation manifest.,true,Step 1; Step 2 CK; Step 3,Neurology; Internal Medicine; Pediatrics; Emergency Medicine,unverified_ai_generated
DNF-NEUR-11E21326A01B,DIS-NEUR-DANDYWALKERMALFORMAT,FND-NEUR-E4889C02E24B,present,supportive,Timing and phenotype determine sensitivity of macrocephaly in Dandy-Walker malformation.,Macrocephaly is interpreted against the disease-specific mimics of Dandy-Walker malformation.,condition-specific,condition-specific,Macrocephaly contributes a defined finding pattern to the explicit Dandy-Walker malformation illness script.,The selected Macrocephaly pattern differentiates Dandy-Walker malformation from the competitors in its curation manifest.,true,Step 1; Step 2 CK; Step 3,Neurology; Internal Medicine; Pediatrics; Emergency Medicine,unverified_ai_generated
DNF-NEUR-675259D85525,DIS-NEUR-DANDYWALKERMALFORMAT,FND-NEUR-0D774559E5B0,present,supportive,Timing and phenotype determine sensitivity of hypotonia in Dandy-Walker malformation.,Hypotonia is interpreted against the disease-specific mimics of Dandy-Walker malformation.,condition-specific,condition-specific,Hypotonia contributes a defined finding pattern to the explicit Dandy-Walker malformation illness script.,The selected Hypotonia pattern differentiates Dandy-Walker malformation from the competitors in its curation manifest.,true,Step 1; Step 2 CK; Step 3,Neurology; Internal Medicine; Pediatrics; Emergency Medicine,unverified_ai_generated
