differential_link_id,source_disease_id,competing_disease_id,presentation_id,similarity_reason,distinguishing_features,cannot_miss,relative_priority,age_context,rotation_context,exam_context,source_review_status,medical_review_status,notes
DFL-0015-0,DIS-C-0015,DIS-P-0016,PRS-015,Draft comparison pending review.,Draft comparison pending review.,true,1,all,review_required,all,draft_ai_generated,draft_ai_generated,
DFL-0015-1,DIS-C-0015,DIS-P-0017,PRS-015,Draft comparison pending review.,Draft comparison pending review.,false,2,all,review_required,all,draft_ai_generated,draft_ai_generated,
DFL-0015-2,DIS-C-0015,DIS-P-0018,PRS-015,Draft comparison pending review.,Draft comparison pending review.,false,3,all,review_required,all,draft_ai_generated,draft_ai_generated,
DFL-0016-0,DIS-P-0016,DIS-P-0017,PRS-016,Draft comparison pending review.,Draft comparison pending review.,true,1,all,review_required,all,draft_ai_generated,draft_ai_generated,
DFL-0016-1,DIS-P-0016,DIS-P-0018,PRS-016,Draft comparison pending review.,Draft comparison pending review.,false,2,all,review_required,all,draft_ai_generated,draft_ai_generated,
DFL-0016-2,DIS-P-0016,DIS-P-0019,PRS-016,Draft comparison pending review.,Draft comparison pending review.,false,3,all,review_required,all,draft_ai_generated,draft_ai_generated,
DFL-0017-0,DIS-P-0017,DIS-P-0018,PRS-017,Draft comparison pending review.,Draft comparison pending review.,true,1,all,review_required,all,draft_ai_generated,draft_ai_generated,
DFL-0017-1,DIS-P-0017,DIS-P-0019,PRS-017,Draft comparison pending review.,Draft comparison pending review.,false,2,all,review_required,all,draft_ai_generated,draft_ai_generated,
DFL-0017-2,DIS-P-0017,DIS-P-0020,PRS-017,Draft comparison pending review.,Draft comparison pending review.,false,3,all,review_required,all,draft_ai_generated,draft_ai_generated,
DFL-0018-0,DIS-P-0018,DIS-P-0019,PRS-018,Draft comparison pending review.,Draft comparison pending review.,true,1,all,review_required,all,draft_ai_generated,draft_ai_generated,
DFL-0018-1,DIS-P-0018,DIS-P-0020,PRS-018,Draft comparison pending review.,Draft comparison pending review.,false,2,all,review_required,all,draft_ai_generated,draft_ai_generated,
DFL-0018-2,DIS-P-0018,DIS-P-0021,PRS-018,Draft comparison pending review.,Draft comparison pending review.,false,3,all,review_required,all,draft_ai_generated,draft_ai_generated,
DFL-0019-0,DIS-P-0019,DIS-P-0020,PRS-019,Draft comparison pending review.,Draft comparison pending review.,true,1,all,review_required,all,draft_ai_generated,draft_ai_generated,
DFL-0019-1,DIS-P-0019,DIS-P-0021,PRS-019,Draft comparison pending review.,Draft comparison pending review.,false,2,all,review_required,all,draft_ai_generated,draft_ai_generated,
DFL-0019-2,DIS-P-0019,DIS-P-0022,PRS-019,Draft comparison pending review.,Draft comparison pending review.,false,3,all,review_required,all,draft_ai_generated,draft_ai_generated,
DFL-0020-0,DIS-P-0020,DIS-P-0021,PRS-020,Draft comparison pending review.,Draft comparison pending review.,true,1,all,review_required,all,draft_ai_generated,draft_ai_generated,
DFL-0020-1,DIS-P-0020,DIS-P-0022,PRS-020,Draft comparison pending review.,Draft comparison pending review.,false,2,all,review_required,all,draft_ai_generated,draft_ai_generated,
DFL-0020-2,DIS-P-0020,DIS-P-0023,PRS-020,Draft comparison pending review.,Draft comparison pending review.,false,3,all,review_required,all,draft_ai_generated,draft_ai_generated,
DFL-0021-0,DIS-P-0021,DIS-P-0022,PRS-021,Draft comparison pending review.,Draft comparison pending review.,true,1,all,review_required,all,draft_ai_generated,draft_ai_generated,
DFL-0021-1,DIS-P-0021,DIS-P-0023,PRS-021,Draft comparison pending review.,Draft comparison pending review.,false,2,all,review_required,all,draft_ai_generated,draft_ai_generated,
DFL-0021-2,DIS-P-0021,DIS-P-0024,PRS-021,Draft comparison pending review.,Draft comparison pending review.,false,3,all,review_required,all,draft_ai_generated,draft_ai_generated,
DFL-0022-0,DIS-P-0022,DIS-P-0023,PRS-022,Draft comparison pending review.,Draft comparison pending review.,true,1,all,review_required,all,draft_ai_generated,draft_ai_generated,
DFL-0022-1,DIS-P-0022,DIS-P-0024,PRS-022,Draft comparison pending review.,Draft comparison pending review.,false,2,all,review_required,all,draft_ai_generated,draft_ai_generated,
DFL-0022-2,DIS-P-0022,DIS-P-0025,PRS-022,Draft comparison pending review.,Draft comparison pending review.,false,3,all,review_required,all,draft_ai_generated,draft_ai_generated,
DFL-0023-0,DIS-P-0023,DIS-P-0024,PRS-023,Draft comparison pending review.,Draft comparison pending review.,true,1,all,review_required,all,draft_ai_generated,draft_ai_generated,
DFL-0023-1,DIS-P-0023,DIS-P-0025,PRS-023,Draft comparison pending review.,Draft comparison pending review.,false,2,all,review_required,all,draft_ai_generated,draft_ai_generated,
DFL-0023-2,DIS-P-0023,DIS-G-0026,PRS-023,Draft comparison pending review.,Draft comparison pending review.,false,3,all,review_required,all,draft_ai_generated,draft_ai_generated,
DFL-0024-0,DIS-P-0024,DIS-P-0025,PRS-024,Draft comparison pending review.,Draft comparison pending review.,true,1,all,review_required,all,draft_ai_generated,draft_ai_generated,
DFL-0024-1,DIS-P-0024,DIS-G-0026,PRS-024,Draft comparison pending review.,Draft comparison pending review.,false,2,all,review_required,all,draft_ai_generated,draft_ai_generated,
DFL-0024-2,DIS-P-0024,DIS-G-0027,PRS-024,Draft comparison pending review.,Draft comparison pending review.,false,3,all,review_required,all,draft_ai_generated,draft_ai_generated,
DFL-0025-0,DIS-P-0025,DIS-G-0026,PRS-025,Draft comparison pending review.,Draft comparison pending review.,true,1,all,review_required,all,draft_ai_generated,draft_ai_generated,
DFL-0025-1,DIS-P-0025,DIS-G-0027,PRS-025,Draft comparison pending review.,Draft comparison pending review.,false,2,all,review_required,all,draft_ai_generated,draft_ai_generated,
DFL-0025-2,DIS-P-0025,DIS-G-0028,PRS-025,Draft comparison pending review.,Draft comparison pending review.,false,3,all,review_required,all,draft_ai_generated,draft_ai_generated,
DFL-0026-0,DIS-G-0026,DIS-G-0027,PRS-026,Draft comparison pending review.,Draft comparison pending review.,true,1,all,review_required,all,draft_ai_generated,draft_ai_generated,
DFL-0026-1,DIS-G-0026,DIS-G-0028,PRS-026,Draft comparison pending review.,Draft comparison pending review.,false,2,all,review_required,all,draft_ai_generated,draft_ai_generated,
DFL-0026-2,DIS-G-0026,DIS-G-0029,PRS-026,Draft comparison pending review.,Draft comparison pending review.,false,3,all,review_required,all,draft_ai_generated,draft_ai_generated,
DFL-0027-0,DIS-G-0027,DIS-G-0028,PRS-027,Draft comparison pending review.,Draft comparison pending review.,true,1,all,review_required,all,draft_ai_generated,draft_ai_generated,
DFL-0027-1,DIS-G-0027,DIS-G-0029,PRS-027,Draft comparison pending review.,Draft comparison pending review.,false,2,all,review_required,all,draft_ai_generated,draft_ai_generated,
DFL-0027-2,DIS-G-0027,DIS-G-0030,PRS-027,Draft comparison pending review.,Draft comparison pending review.,false,3,all,review_required,all,draft_ai_generated,draft_ai_generated,
DFL-0028-0,DIS-G-0028,DIS-G-0029,PRS-028,Draft comparison pending review.,Draft comparison pending review.,true,1,all,review_required,all,draft_ai_generated,draft_ai_generated,
DFL-0028-1,DIS-G-0028,DIS-G-0030,PRS-028,Draft comparison pending review.,Draft comparison pending review.,false,2,all,review_required,all,draft_ai_generated,draft_ai_generated,
DFL-0028-2,DIS-G-0028,DIS-G-0031,PRS-028,Draft comparison pending review.,Draft comparison pending review.,false,3,all,review_required,all,draft_ai_generated,draft_ai_generated,
DFL-0029-0,DIS-G-0029,DIS-G-0030,PRS-029,Draft comparison pending review.,Draft comparison pending review.,true,1,all,review_required,all,draft_ai_generated,draft_ai_generated,
DFL-0029-1,DIS-G-0029,DIS-G-0031,PRS-029,Draft comparison pending review.,Draft comparison pending review.,false,2,all,review_required,all,draft_ai_generated,draft_ai_generated,
DFL-0029-2,DIS-G-0029,DIS-G-0032,PRS-029,Draft comparison pending review.,Draft comparison pending review.,false,3,all,review_required,all,draft_ai_generated,draft_ai_generated,
DFL-0030-0,DIS-G-0030,DIS-G-0031,PRS-030,Draft comparison pending review.,Draft comparison pending review.,true,1,all,review_required,all,draft_ai_generated,draft_ai_generated,
DFL-0030-1,DIS-G-0030,DIS-G-0032,PRS-030,Draft comparison pending review.,Draft comparison pending review.,false,2,all,review_required,all,draft_ai_generated,draft_ai_generated,
DFL-0030-2,DIS-G-0030,DIS-G-0033,PRS-030,Draft comparison pending review.,Draft comparison pending review.,false,3,all,review_required,all,draft_ai_generated,draft_ai_generated,
DFL-0031-0,DIS-G-0031,DIS-G-0032,PRS-031,Draft comparison pending review.,Draft comparison pending review.,true,1,all,review_required,all,draft_ai_generated,draft_ai_generated,
DFL-0031-1,DIS-G-0031,DIS-G-0033,PRS-031,Draft comparison pending review.,Draft comparison pending review.,false,2,all,review_required,all,draft_ai_generated,draft_ai_generated,
DFL-0031-2,DIS-G-0031,DIS-G-0034,PRS-031,Draft comparison pending review.,Draft comparison pending review.,false,3,all,review_required,all,draft_ai_generated,draft_ai_generated,
DFL-0032-0,DIS-G-0032,DIS-G-0033,PRS-032,Draft comparison pending review.,Draft comparison pending review.,true,1,all,review_required,all,draft_ai_generated,draft_ai_generated,
DFL-0032-1,DIS-G-0032,DIS-G-0034,PRS-032,Draft comparison pending review.,Draft comparison pending review.,false,2,all,review_required,all,draft_ai_generated,draft_ai_generated,
DFL-0032-2,DIS-G-0032,DIS-G-0035,PRS-032,Draft comparison pending review.,Draft comparison pending review.,false,3,all,review_required,all,draft_ai_generated,draft_ai_generated,
DFL-0033-0,DIS-G-0033,DIS-G-0034,PRS-033,Draft comparison pending review.,Draft comparison pending review.,true,1,all,review_required,all,draft_ai_generated,draft_ai_generated,
DFL-0033-1,DIS-G-0033,DIS-G-0035,PRS-033,Draft comparison pending review.,Draft comparison pending review.,false,2,all,review_required,all,draft_ai_generated,draft_ai_generated,
DFL-0033-2,DIS-G-0033,DIS-G-0036,PRS-033,Draft comparison pending review.,Draft comparison pending review.,false,3,all,review_required,all,draft_ai_generated,draft_ai_generated,
DFL-0034-0,DIS-G-0034,DIS-G-0035,PRS-034,Draft comparison pending review.,Draft comparison pending review.,true,1,all,review_required,all,draft_ai_generated,draft_ai_generated,
DFL-0034-1,DIS-G-0034,DIS-G-0036,PRS-034,Draft comparison pending review.,Draft comparison pending review.,false,2,all,review_required,all,draft_ai_generated,draft_ai_generated,
DFL-0034-2,DIS-G-0034,DIS-G-0037,PRS-034,Draft comparison pending review.,Draft comparison pending review.,false,3,all,review_required,all,draft_ai_generated,draft_ai_generated,
DFL-0035-0,DIS-G-0035,DIS-G-0036,PRS-035,Draft comparison pending review.,Draft comparison pending review.,true,1,all,review_required,all,draft_ai_generated,draft_ai_generated,
DFL-0035-1,DIS-G-0035,DIS-G-0037,PRS-035,Draft comparison pending review.,Draft comparison pending review.,false,2,all,review_required,all,draft_ai_generated,draft_ai_generated,
DFL-0035-2,DIS-G-0035,DIS-N-0038,PRS-035,Draft comparison pending review.,Draft comparison pending review.,false,3,all,review_required,all,draft_ai_generated,draft_ai_generated,
DFL-0036-0,DIS-G-0036,DIS-G-0037,PRS-036,Draft comparison pending review.,Draft comparison pending review.,true,1,all,review_required,all,draft_ai_generated,draft_ai_generated,
DFL-0036-1,DIS-G-0036,DIS-N-0038,PRS-036,Draft comparison pending review.,Draft comparison pending review.,false,2,all,review_required,all,draft_ai_generated,draft_ai_generated,
DFL-0036-2,DIS-G-0036,DIS-N-0039,PRS-036,Draft comparison pending review.,Draft comparison pending review.,false,3,all,review_required,all,draft_ai_generated,draft_ai_generated,
DFL-0037-0,DIS-G-0037,DIS-N-0038,PRS-037,Draft comparison pending review.,Draft comparison pending review.,true,1,all,review_required,all,draft_ai_generated,draft_ai_generated,
DFL-0037-1,DIS-G-0037,DIS-N-0039,PRS-037,Draft comparison pending review.,Draft comparison pending review.,false,2,all,review_required,all,draft_ai_generated,draft_ai_generated,
DFL-0037-2,DIS-G-0037,DIS-N-0040,PRS-037,Draft comparison pending review.,Draft comparison pending review.,false,3,all,review_required,all,draft_ai_generated,draft_ai_generated,
DFL-0038-0,DIS-N-0038,DIS-N-0039,PRS-038,Draft comparison pending review.,Draft comparison pending review.,true,1,all,review_required,all,draft_ai_generated,draft_ai_generated,
DFL-0038-1,DIS-N-0038,DIS-N-0040,PRS-038,Draft comparison pending review.,Draft comparison pending review.,false,2,all,review_required,all,draft_ai_generated,draft_ai_generated,
DFL-0038-2,DIS-N-0038,DIS-N-0041,PRS-038,Draft comparison pending review.,Draft comparison pending review.,false,3,all,review_required,all,draft_ai_generated,draft_ai_generated,
DFL-0039-0,DIS-N-0039,DIS-N-0040,PRS-039,Draft comparison pending review.,Draft comparison pending review.,true,1,all,review_required,all,draft_ai_generated,draft_ai_generated,
DFL-0039-1,DIS-N-0039,DIS-N-0041,PRS-039,Draft comparison pending review.,Draft comparison pending review.,false,2,all,review_required,all,draft_ai_generated,draft_ai_generated,
DFL-0039-2,DIS-N-0039,DIS-N-0042,PRS-039,Draft comparison pending review.,Draft comparison pending review.,false,3,all,review_required,all,draft_ai_generated,draft_ai_generated,
DFL-0040-0,DIS-N-0040,DIS-N-0041,PRS-040,Draft comparison pending review.,Draft comparison pending review.,true,1,all,review_required,all,draft_ai_generated,draft_ai_generated,
DFL-0040-1,DIS-N-0040,DIS-N-0042,PRS-040,Draft comparison pending review.,Draft comparison pending review.,false,2,all,review_required,all,draft_ai_generated,draft_ai_generated,
DFL-0040-2,DIS-N-0040,DIS-N-0043,PRS-040,Draft comparison pending review.,Draft comparison pending review.,false,3,all,review_required,all,draft_ai_generated,draft_ai_generated,
DFL-0041-0,DIS-N-0041,DIS-N-0042,PRS-001,Draft comparison pending review.,Draft comparison pending review.,true,1,all,review_required,all,draft_ai_generated,draft_ai_generated,
DFL-0041-1,DIS-N-0041,DIS-N-0043,PRS-001,Draft comparison pending review.,Draft comparison pending review.,false,2,all,review_required,all,draft_ai_generated,draft_ai_generated,
DFL-0041-2,DIS-N-0041,DIS-N-0044,PRS-001,Draft comparison pending review.,Draft comparison pending review.,false,3,all,review_required,all,draft_ai_generated,draft_ai_generated,
DFL-0042-0,DIS-N-0042,DIS-N-0043,PRS-002,Draft comparison pending review.,Draft comparison pending review.,true,1,all,review_required,all,draft_ai_generated,draft_ai_generated,
DFL-0042-1,DIS-N-0042,DIS-N-0044,PRS-002,Draft comparison pending review.,Draft comparison pending review.,false,2,all,review_required,all,draft_ai_generated,draft_ai_generated,
DFL-0042-2,DIS-N-0042,DIS-N-0045,PRS-002,Draft comparison pending review.,Draft comparison pending review.,false,3,all,review_required,all,draft_ai_generated,draft_ai_generated,
DFL-0043-0,DIS-N-0043,DIS-N-0044,PRS-003,Draft comparison pending review.,Draft comparison pending review.,true,1,all,review_required,all,draft_ai_generated,draft_ai_generated,
DFL-0043-1,DIS-N-0043,DIS-N-0045,PRS-003,Draft comparison pending review.,Draft comparison pending review.,false,2,all,review_required,all,draft_ai_generated,draft_ai_generated,
DFL-0043-2,DIS-N-0043,DIS-N-0046,PRS-003,Draft comparison pending review.,Draft comparison pending review.,false,3,all,review_required,all,draft_ai_generated,draft_ai_generated,
DFL-0044-0,DIS-N-0044,DIS-N-0045,PRS-004,Draft comparison pending review.,Draft comparison pending review.,true,1,all,review_required,all,draft_ai_generated,draft_ai_generated,
DFL-0044-1,DIS-N-0044,DIS-N-0046,PRS-004,Draft comparison pending review.,Draft comparison pending review.,false,2,all,review_required,all,draft_ai_generated,draft_ai_generated,
DFL-0044-2,DIS-N-0044,DIS-N-0047,PRS-004,Draft comparison pending review.,Draft comparison pending review.,false,3,all,review_required,all,draft_ai_generated,draft_ai_generated,
DFL-0045-0,DIS-N-0045,DIS-N-0046,PRS-005,Draft comparison pending review.,Draft comparison pending review.,true,1,all,review_required,all,draft_ai_generated,draft_ai_generated,
DFL-0045-1,DIS-N-0045,DIS-N-0047,PRS-005,Draft comparison pending review.,Draft comparison pending review.,false,2,all,review_required,all,draft_ai_generated,draft_ai_generated,
DFL-0045-2,DIS-N-0045,DIS-E-0048,PRS-005,Draft comparison pending review.,Draft comparison pending review.,false,3,all,review_required,all,draft_ai_generated,draft_ai_generated,
DFL-0046-0,DIS-N-0046,DIS-N-0047,PRS-006,Draft comparison pending review.,Draft comparison pending review.,true,1,all,review_required,all,draft_ai_generated,draft_ai_generated,
DFL-0046-1,DIS-N-0046,DIS-E-0048,PRS-006,Draft comparison pending review.,Draft comparison pending review.,false,2,all,review_required,all,draft_ai_generated,draft_ai_generated,
DFL-0046-2,DIS-N-0046,DIS-E-0049,PRS-006,Draft comparison pending review.,Draft comparison pending review.,false,3,all,review_required,all,draft_ai_generated,draft_ai_generated,
DFL-0047-0,DIS-N-0047,DIS-E-0048,PRS-007,Draft comparison pending review.,Draft comparison pending review.,true,1,all,review_required,all,draft_ai_generated,draft_ai_generated,
DFL-0047-1,DIS-N-0047,DIS-E-0049,PRS-007,Draft comparison pending review.,Draft comparison pending review.,false,2,all,review_required,all,draft_ai_generated,draft_ai_generated,
DFL-0047-2,DIS-N-0047,DIS-E-0050,PRS-007,Draft comparison pending review.,Draft comparison pending review.,false,3,all,review_required,all,draft_ai_generated,draft_ai_generated,
DFL-0048-0,DIS-E-0048,DIS-E-0049,PRS-008,Draft comparison pending review.,Draft comparison pending review.,true,1,all,review_required,all,draft_ai_generated,draft_ai_generated,
DFL-0048-1,DIS-E-0048,DIS-E-0050,PRS-008,Draft comparison pending review.,Draft comparison pending review.,false,2,all,review_required,all,draft_ai_generated,draft_ai_generated,
DFL-0048-2,DIS-E-0048,DIS-E-0051,PRS-008,Draft comparison pending review.,Draft comparison pending review.,false,3,all,review_required,all,draft_ai_generated,draft_ai_generated,
DFL-0049-0,DIS-E-0049,DIS-E-0050,PRS-009,Draft comparison pending review.,Draft comparison pending review.,true,1,all,review_required,all,draft_ai_generated,draft_ai_generated,
DFL-0049-1,DIS-E-0049,DIS-E-0051,PRS-009,Draft comparison pending review.,Draft comparison pending review.,false,2,all,review_required,all,draft_ai_generated,draft_ai_generated,
DFL-0049-2,DIS-E-0049,DIS-E-0052,PRS-009,Draft comparison pending review.,Draft comparison pending review.,false,3,all,review_required,all,draft_ai_generated,draft_ai_generated,
DFL-0050-0,DIS-E-0050,DIS-E-0051,PRS-010,Draft comparison pending review.,Draft comparison pending review.,true,1,all,review_required,all,draft_ai_generated,draft_ai_generated,
DFL-0050-1,DIS-E-0050,DIS-E-0052,PRS-010,Draft comparison pending review.,Draft comparison pending review.,false,2,all,review_required,all,draft_ai_generated,draft_ai_generated,
DFL-0050-2,DIS-E-0050,DIS-E-0053,PRS-010,Draft comparison pending review.,Draft comparison pending review.,false,3,all,review_required,all,draft_ai_generated,draft_ai_generated,
DFL-0051-0,DIS-E-0051,DIS-E-0052,PRS-011,Draft comparison pending review.,Draft comparison pending review.,true,1,all,review_required,all,draft_ai_generated,draft_ai_generated,
DFL-0051-1,DIS-E-0051,DIS-E-0053,PRS-011,Draft comparison pending review.,Draft comparison pending review.,false,2,all,review_required,all,draft_ai_generated,draft_ai_generated,
DFL-0051-2,DIS-E-0051,DIS-E-0054,PRS-011,Draft comparison pending review.,Draft comparison pending review.,false,3,all,review_required,all,draft_ai_generated,draft_ai_generated,
DFL-0052-0,DIS-E-0052,DIS-E-0053,PRS-012,Draft comparison pending review.,Draft comparison pending review.,true,1,all,review_required,all,draft_ai_generated,draft_ai_generated,
DFL-0052-1,DIS-E-0052,DIS-E-0054,PRS-012,Draft comparison pending review.,Draft comparison pending review.,false,2,all,review_required,all,draft_ai_generated,draft_ai_generated,
DFL-0052-2,DIS-E-0052,DIS-E-0055,PRS-012,Draft comparison pending review.,Draft comparison pending review.,false,3,all,review_required,all,draft_ai_generated,draft_ai_generated,
DFL-0053-0,DIS-E-0053,DIS-E-0054,PRS-013,Draft comparison pending review.,Draft comparison pending review.,true,1,all,review_required,all,draft_ai_generated,draft_ai_generated,
DFL-0053-1,DIS-E-0053,DIS-E-0055,PRS-013,Draft comparison pending review.,Draft comparison pending review.,false,2,all,review_required,all,draft_ai_generated,draft_ai_generated,
DFL-0053-2,DIS-E-0053,DIS-E-0056,PRS-013,Draft comparison pending review.,Draft comparison pending review.,false,3,all,review_required,all,draft_ai_generated,draft_ai_generated,
DFL-0054-0,DIS-E-0054,DIS-E-0055,PRS-014,Draft comparison pending review.,Draft comparison pending review.,true,1,all,review_required,all,draft_ai_generated,draft_ai_generated,
DFL-0054-1,DIS-E-0054,DIS-E-0056,PRS-014,Draft comparison pending review.,Draft comparison pending review.,false,2,all,review_required,all,draft_ai_generated,draft_ai_generated,
DFL-0054-2,DIS-E-0054,DIS-E-0057,PRS-014,Draft comparison pending review.,Draft comparison pending review.,false,3,all,review_required,all,draft_ai_generated,draft_ai_generated,
DFL-0055-0,DIS-E-0055,DIS-E-0056,PRS-015,Draft comparison pending review.,Draft comparison pending review.,true,1,all,review_required,all,draft_ai_generated,draft_ai_generated,
DFL-0055-1,DIS-E-0055,DIS-E-0057,PRS-015,Draft comparison pending review.,Draft comparison pending review.,false,2,all,review_required,all,draft_ai_generated,draft_ai_generated,
DFL-0055-2,DIS-E-0055,DIS-N-0058,PRS-015,Draft comparison pending review.,Draft comparison pending review.,false,3,all,review_required,all,draft_ai_generated,draft_ai_generated,
DFL-0056-0,DIS-E-0056,DIS-E-0057,PRS-016,Draft comparison pending review.,Draft comparison pending review.,true,1,all,review_required,all,draft_ai_generated,draft_ai_generated,
DFL-0056-1,DIS-E-0056,DIS-N-0058,PRS-016,Draft comparison pending review.,Draft comparison pending review.,false,2,all,review_required,all,draft_ai_generated,draft_ai_generated,
DFL-0056-2,DIS-E-0056,DIS-N-0059,PRS-016,Draft comparison pending review.,Draft comparison pending review.,false,3,all,review_required,all,draft_ai_generated,draft_ai_generated,
DFL-0057-0,DIS-E-0057,DIS-N-0058,PRS-017,Draft comparison pending review.,Draft comparison pending review.,true,1,all,review_required,all,draft_ai_generated,draft_ai_generated,
DFL-0057-1,DIS-E-0057,DIS-N-0059,PRS-017,Draft comparison pending review.,Draft comparison pending review.,false,2,all,review_required,all,draft_ai_generated,draft_ai_generated,
DFL-0057-2,DIS-E-0057,DIS-N-0060,PRS-017,Draft comparison pending review.,Draft comparison pending review.,false,3,all,review_required,all,draft_ai_generated,draft_ai_generated,
DFL-0058-0,DIS-N-0058,DIS-N-0059,PRS-018,Draft comparison pending review.,Draft comparison pending review.,true,1,all,review_required,all,draft_ai_generated,draft_ai_generated,
DFL-0058-1,DIS-N-0058,DIS-N-0060,PRS-018,Draft comparison pending review.,Draft comparison pending review.,false,2,all,review_required,all,draft_ai_generated,draft_ai_generated,
DFL-0058-2,DIS-N-0058,DIS-N-0061,PRS-018,Draft comparison pending review.,Draft comparison pending review.,false,3,all,review_required,all,draft_ai_generated,draft_ai_generated,
DFL-0059-0,DIS-N-0059,DIS-N-0060,PRS-019,Draft comparison pending review.,Draft comparison pending review.,true,1,all,review_required,all,draft_ai_generated,draft_ai_generated,
DFL-0059-1,DIS-N-0059,DIS-N-0061,PRS-019,Draft comparison pending review.,Draft comparison pending review.,false,2,all,review_required,all,draft_ai_generated,draft_ai_generated,
DFL-0059-2,DIS-N-0059,DIS-N-0062,PRS-019,Draft comparison pending review.,Draft comparison pending review.,false,3,all,review_required,all,draft_ai_generated,draft_ai_generated,
DFL-0060-0,DIS-N-0060,DIS-N-0061,PRS-020,Draft comparison pending review.,Draft comparison pending review.,true,1,all,review_required,all,draft_ai_generated,draft_ai_generated,
DFL-0060-1,DIS-N-0060,DIS-N-0062,PRS-020,Draft comparison pending review.,Draft comparison pending review.,false,2,all,review_required,all,draft_ai_generated,draft_ai_generated,
DFL-0060-2,DIS-N-0060,DIS-N-0063,PRS-020,Draft comparison pending review.,Draft comparison pending review.,false,3,all,review_required,all,draft_ai_generated,draft_ai_generated,
DFL-0061-0,DIS-N-0061,DIS-N-0062,PRS-021,Draft comparison pending review.,Draft comparison pending review.,true,1,all,review_required,all,draft_ai_generated,draft_ai_generated,
DFL-0061-1,DIS-N-0061,DIS-N-0063,PRS-021,Draft comparison pending review.,Draft comparison pending review.,false,2,all,review_required,all,draft_ai_generated,draft_ai_generated,
DFL-0061-2,DIS-N-0061,DIS-N-0064,PRS-021,Draft comparison pending review.,Draft comparison pending review.,false,3,all,review_required,all,draft_ai_generated,draft_ai_generated,
DFL-0062-0,DIS-N-0062,DIS-N-0063,PRS-022,Draft comparison pending review.,Draft comparison pending review.,true,1,all,review_required,all,draft_ai_generated,draft_ai_generated,
DFL-0062-1,DIS-N-0062,DIS-N-0064,PRS-022,Draft comparison pending review.,Draft comparison pending review.,false,2,all,review_required,all,draft_ai_generated,draft_ai_generated,
DFL-0062-2,DIS-N-0062,DIS-N-0065,PRS-022,Draft comparison pending review.,Draft comparison pending review.,false,3,all,review_required,all,draft_ai_generated,draft_ai_generated,
DFL-0063-0,DIS-N-0063,DIS-N-0064,PRS-023,Draft comparison pending review.,Draft comparison pending review.,true,1,all,review_required,all,draft_ai_generated,draft_ai_generated,
DFL-0063-1,DIS-N-0063,DIS-N-0065,PRS-023,Draft comparison pending review.,Draft comparison pending review.,false,2,all,review_required,all,draft_ai_generated,draft_ai_generated,
DFL-0063-2,DIS-N-0063,DIS-N-0066,PRS-023,Draft comparison pending review.,Draft comparison pending review.,false,3,all,review_required,all,draft_ai_generated,draft_ai_generated,
DFL-0064-0,DIS-N-0064,DIS-N-0065,PRS-024,Draft comparison pending review.,Draft comparison pending review.,true,1,all,review_required,all,draft_ai_generated,draft_ai_generated,
DFL-0064-1,DIS-N-0064,DIS-N-0066,PRS-024,Draft comparison pending review.,Draft comparison pending review.,false,2,all,review_required,all,draft_ai_generated,draft_ai_generated,
DFL-0064-2,DIS-N-0064,DIS-N-0067,PRS-024,Draft comparison pending review.,Draft comparison pending review.,false,3,all,review_required,all,draft_ai_generated,draft_ai_generated,
DFL-0065-0,DIS-N-0065,DIS-N-0066,PRS-025,Draft comparison pending review.,Draft comparison pending review.,true,1,all,review_required,all,draft_ai_generated,draft_ai_generated,
DFL-0065-1,DIS-N-0065,DIS-N-0067,PRS-025,Draft comparison pending review.,Draft comparison pending review.,false,2,all,review_required,all,draft_ai_generated,draft_ai_generated,
DFL-0065-2,DIS-N-0065,DIS-N-0068,PRS-025,Draft comparison pending review.,Draft comparison pending review.,false,3,all,review_required,all,draft_ai_generated,draft_ai_generated,
DFL-0066-0,DIS-N-0066,DIS-N-0067,PRS-026,Draft comparison pending review.,Draft comparison pending review.,true,1,all,review_required,all,draft_ai_generated,draft_ai_generated,
DFL-0066-1,DIS-N-0066,DIS-N-0068,PRS-026,Draft comparison pending review.,Draft comparison pending review.,false,2,all,review_required,all,draft_ai_generated,draft_ai_generated,
DFL-0066-2,DIS-N-0066,DIS-N-0069,PRS-026,Draft comparison pending review.,Draft comparison pending review.,false,3,all,review_required,all,draft_ai_generated,draft_ai_generated,
DFL-0067-0,DIS-N-0067,DIS-N-0068,PRS-027,Draft comparison pending review.,Draft comparison pending review.,true,1,all,review_required,all,draft_ai_generated,draft_ai_generated,
DFL-0067-1,DIS-N-0067,DIS-N-0069,PRS-027,Draft comparison pending review.,Draft comparison pending review.,false,2,all,review_required,all,draft_ai_generated,draft_ai_generated,
DFL-0067-2,DIS-N-0067,DIS-ID-0070,PRS-027,Draft comparison pending review.,Draft comparison pending review.,false,3,all,review_required,all,draft_ai_generated,draft_ai_generated,
DFL-0068-0,DIS-N-0068,DIS-N-0069,PRS-028,Draft comparison pending review.,Draft comparison pending review.,true,1,all,review_required,all,draft_ai_generated,draft_ai_generated,
DFL-0068-1,DIS-N-0068,DIS-ID-0070,PRS-028,Draft comparison pending review.,Draft comparison pending review.,false,2,all,review_required,all,draft_ai_generated,draft_ai_generated,
DFL-0068-2,DIS-N-0068,DIS-ID-0071,PRS-028,Draft comparison pending review.,Draft comparison pending review.,false,3,all,review_required,all,draft_ai_generated,draft_ai_generated,
DFL-0069-0,DIS-N-0069,DIS-ID-0070,PRS-029,Draft comparison pending review.,Draft comparison pending review.,true,1,all,review_required,all,draft_ai_generated,draft_ai_generated,
DFL-0069-1,DIS-N-0069,DIS-ID-0071,PRS-029,Draft comparison pending review.,Draft comparison pending review.,false,2,all,review_required,all,draft_ai_generated,draft_ai_generated,
DFL-0069-2,DIS-N-0069,DIS-ID-0072,PRS-029,Draft comparison pending review.,Draft comparison pending review.,false,3,all,review_required,all,draft_ai_generated,draft_ai_generated,
DFL-0070-0,DIS-ID-0070,DIS-ID-0071,PRS-030,Draft comparison pending review.,Draft comparison pending review.,true,1,all,review_required,all,draft_ai_generated,draft_ai_generated,
DFL-0070-1,DIS-ID-0070,DIS-ID-0072,PRS-030,Draft comparison pending review.,Draft comparison pending review.,false,2,all,review_required,all,draft_ai_generated,draft_ai_generated,
DFL-0070-2,DIS-ID-0070,DIS-ID-0073,PRS-030,Draft comparison pending review.,Draft comparison pending review.,false,3,all,review_required,all,draft_ai_generated,draft_ai_generated,
DFL-0071-0,DIS-ID-0071,DIS-ID-0072,PRS-031,Draft comparison pending review.,Draft comparison pending review.,true,1,all,review_required,all,draft_ai_generated,draft_ai_generated,
DFL-0071-1,DIS-ID-0071,DIS-ID-0073,PRS-031,Draft comparison pending review.,Draft comparison pending review.,false,2,all,review_required,all,draft_ai_generated,draft_ai_generated,
DFL-0071-2,DIS-ID-0071,DIS-ID-0074,PRS-031,Draft comparison pending review.,Draft comparison pending review.,false,3,all,review_required,all,draft_ai_generated,draft_ai_generated,
DFL-0072-0,DIS-ID-0072,DIS-ID-0073,PRS-032,Draft comparison pending review.,Draft comparison pending review.,true,1,all,review_required,all,draft_ai_generated,draft_ai_generated,
DFL-0072-1,DIS-ID-0072,DIS-ID-0074,PRS-032,Draft comparison pending review.,Draft comparison pending review.,false,2,all,review_required,all,draft_ai_generated,draft_ai_generated,
DFL-0072-2,DIS-ID-0072,DIS-ID-0075,PRS-032,Draft comparison pending review.,Draft comparison pending review.,false,3,all,review_required,all,draft_ai_generated,draft_ai_generated,
DFL-0073-0,DIS-ID-0073,DIS-ID-0074,PRS-033,Draft comparison pending review.,Draft comparison pending review.,true,1,all,review_required,all,draft_ai_generated,draft_ai_generated,
DFL-0073-1,DIS-ID-0073,DIS-ID-0075,PRS-033,Draft comparison pending review.,Draft comparison pending review.,false,2,all,review_required,all,draft_ai_generated,draft_ai_generated,
DFL-0073-2,DIS-ID-0073,DIS-ID-0076,PRS-033,Draft comparison pending review.,Draft comparison pending review.,false,3,all,review_required,all,draft_ai_generated,draft_ai_generated,
DFL-0074-0,DIS-ID-0074,DIS-ID-0075,PRS-034,Draft comparison pending review.,Draft comparison pending review.,true,1,all,review_required,all,draft_ai_generated,draft_ai_generated,
DFL-0074-1,DIS-ID-0074,DIS-ID-0076,PRS-034,Draft comparison pending review.,Draft comparison pending review.,false,2,all,review_required,all,draft_ai_generated,draft_ai_generated,
DFL-0074-2,DIS-ID-0074,DIS-ID-0077,PRS-034,Draft comparison pending review.,Draft comparison pending review.,false,3,all,review_required,all,draft_ai_generated,draft_ai_generated,
DFL-0075-0,DIS-ID-0075,DIS-ID-0076,PRS-035,Draft comparison pending review.,Draft comparison pending review.,true,1,all,review_required,all,draft_ai_generated,draft_ai_generated,
DFL-0075-1,DIS-ID-0075,DIS-ID-0077,PRS-035,Draft comparison pending review.,Draft comparison pending review.,false,2,all,review_required,all,draft_ai_generated,draft_ai_generated,
DFL-0075-2,DIS-ID-0075,DIS-ID-0078,PRS-035,Draft comparison pending review.,Draft comparison pending review.,false,3,all,review_required,all,draft_ai_generated,draft_ai_generated,
DFL-0076-0,DIS-ID-0076,DIS-ID-0077,PRS-036,Draft comparison pending review.,Draft comparison pending review.,true,1,all,review_required,all,draft_ai_generated,draft_ai_generated,
DFL-0076-1,DIS-ID-0076,DIS-ID-0078,PRS-036,Draft comparison pending review.,Draft comparison pending review.,false,2,all,review_required,all,draft_ai_generated,draft_ai_generated,
DFL-0076-2,DIS-ID-0076,DIS-ID-0079,PRS-036,Draft comparison pending review.,Draft comparison pending review.,false,3,all,review_required,all,draft_ai_generated,draft_ai_generated,
DFL-0077-0,DIS-ID-0077,DIS-ID-0078,PRS-037,Draft comparison pending review.,Draft comparison pending review.,true,1,all,review_required,all,draft_ai_generated,draft_ai_generated,
DFL-0077-1,DIS-ID-0077,DIS-ID-0079,PRS-037,Draft comparison pending review.,Draft comparison pending review.,false,2,all,review_required,all,draft_ai_generated,draft_ai_generated,
DFL-0077-2,DIS-ID-0077,DIS-HO-0080,PRS-037,Draft comparison pending review.,Draft comparison pending review.,false,3,all,review_required,all,draft_ai_generated,draft_ai_generated,
DFL-0078-0,DIS-ID-0078,DIS-ID-0079,PRS-038,Draft comparison pending review.,Draft comparison pending review.,true,1,all,review_required,all,draft_ai_generated,draft_ai_generated,
DFL-0078-1,DIS-ID-0078,DIS-HO-0080,PRS-038,Draft comparison pending review.,Draft comparison pending review.,false,2,all,review_required,all,draft_ai_generated,draft_ai_generated,
DFL-0078-2,DIS-ID-0078,DIS-HO-0081,PRS-038,Draft comparison pending review.,Draft comparison pending review.,false,3,all,review_required,all,draft_ai_generated,draft_ai_generated,
DFL-0079-0,DIS-ID-0079,DIS-HO-0080,PRS-039,Draft comparison pending review.,Draft comparison pending review.,true,1,all,review_required,all,draft_ai_generated,draft_ai_generated,
DFL-0079-1,DIS-ID-0079,DIS-HO-0081,PRS-039,Draft comparison pending review.,Draft comparison pending review.,false,2,all,review_required,all,draft_ai_generated,draft_ai_generated,
DFL-0079-2,DIS-ID-0079,DIS-HO-0082,PRS-039,Draft comparison pending review.,Draft comparison pending review.,false,3,all,review_required,all,draft_ai_generated,draft_ai_generated,
DFL-0080-0,DIS-HO-0080,DIS-HO-0081,PRS-040,Draft comparison pending review.,Draft comparison pending review.,true,1,all,review_required,all,draft_ai_generated,draft_ai_generated,
DFL-0080-1,DIS-HO-0080,DIS-HO-0082,PRS-040,Draft comparison pending review.,Draft comparison pending review.,false,2,all,review_required,all,draft_ai_generated,draft_ai_generated,
DFL-0080-2,DIS-HO-0080,DIS-HO-0083,PRS-040,Draft comparison pending review.,Draft comparison pending review.,false,3,all,review_required,all,draft_ai_generated,draft_ai_generated,
DFL-0081-0,DIS-HO-0081,DIS-HO-0082,PRS-001,Draft comparison pending review.,Draft comparison pending review.,true,1,all,review_required,all,draft_ai_generated,draft_ai_generated,
DFL-0081-1,DIS-HO-0081,DIS-HO-0083,PRS-001,Draft comparison pending review.,Draft comparison pending review.,false,2,all,review_required,all,draft_ai_generated,draft_ai_generated,
DFL-0081-2,DIS-HO-0081,DIS-HO-0084,PRS-001,Draft comparison pending review.,Draft comparison pending review.,false,3,all,review_required,all,draft_ai_generated,draft_ai_generated,
DFL-0082-0,DIS-HO-0082,DIS-HO-0083,PRS-002,Draft comparison pending review.,Draft comparison pending review.,true,1,all,review_required,all,draft_ai_generated,draft_ai_generated,
DFL-0082-1,DIS-HO-0082,DIS-HO-0084,PRS-002,Draft comparison pending review.,Draft comparison pending review.,false,2,all,review_required,all,draft_ai_generated,draft_ai_generated,
DFL-0082-2,DIS-HO-0082,DIS-HO-0085,PRS-002,Draft comparison pending review.,Draft comparison pending review.,false,3,all,review_required,all,draft_ai_generated,draft_ai_generated,
DFL-0083-0,DIS-HO-0083,DIS-HO-0084,PRS-003,Draft comparison pending review.,Draft comparison pending review.,true,1,all,review_required,all,draft_ai_generated,draft_ai_generated,
DFL-0083-1,DIS-HO-0083,DIS-HO-0085,PRS-003,Draft comparison pending review.,Draft comparison pending review.,false,2,all,review_required,all,draft_ai_generated,draft_ai_generated,
DFL-0083-2,DIS-HO-0083,DIS-HO-0086,PRS-003,Draft comparison pending review.,Draft comparison pending review.,false,3,all,review_required,all,draft_ai_generated,draft_ai_generated,
DFL-0084-0,DIS-HO-0084,DIS-HO-0085,PRS-004,Draft comparison pending review.,Draft comparison pending review.,true,1,all,review_required,all,draft_ai_generated,draft_ai_generated,
DFL-0084-1,DIS-HO-0084,DIS-HO-0086,PRS-004,Draft comparison pending review.,Draft comparison pending review.,false,2,all,review_required,all,draft_ai_generated,draft_ai_generated,
DFL-0084-2,DIS-HO-0084,DIS-HO-0087,PRS-004,Draft comparison pending review.,Draft comparison pending review.,false,3,all,review_required,all,draft_ai_generated,draft_ai_generated,
DFL-0085-0,DIS-HO-0085,DIS-HO-0086,PRS-005,Draft comparison pending review.,Draft comparison pending review.,true,1,all,review_required,all,draft_ai_generated,draft_ai_generated,
DFL-0085-1,DIS-HO-0085,DIS-HO-0087,PRS-005,Draft comparison pending review.,Draft comparison pending review.,false,2,all,review_required,all,draft_ai_generated,draft_ai_generated,
DFL-0085-2,DIS-HO-0085,DIS-HO-0088,PRS-005,Draft comparison pending review.,Draft comparison pending review.,false,3,all,review_required,all,draft_ai_generated,draft_ai_generated,
DFL-0086-0,DIS-HO-0086,DIS-HO-0087,PRS-006,Draft comparison pending review.,Draft comparison pending review.,true,1,all,review_required,all,draft_ai_generated,draft_ai_generated,
DFL-0086-1,DIS-HO-0086,DIS-HO-0088,PRS-006,Draft comparison pending review.,Draft comparison pending review.,false,2,all,review_required,all,draft_ai_generated,draft_ai_generated,
DFL-0086-2,DIS-HO-0086,DIS-HO-0089,PRS-006,Draft comparison pending review.,Draft comparison pending review.,false,3,all,review_required,all,draft_ai_generated,draft_ai_generated,
DFL-0087-0,DIS-HO-0087,DIS-HO-0088,PRS-007,Draft comparison pending review.,Draft comparison pending review.,true,1,all,review_required,all,draft_ai_generated,draft_ai_generated,
DFL-0087-1,DIS-HO-0087,DIS-HO-0089,PRS-007,Draft comparison pending review.,Draft comparison pending review.,false,2,all,review_required,all,draft_ai_generated,draft_ai_generated,
DFL-0087-2,DIS-HO-0087,DIS-R-0090,PRS-007,Draft comparison pending review.,Draft comparison pending review.,false,3,all,review_required,all,draft_ai_generated,draft_ai_generated,
DFL-0088-0,DIS-HO-0088,DIS-HO-0089,PRS-008,Draft comparison pending review.,Draft comparison pending review.,true,1,all,review_required,all,draft_ai_generated,draft_ai_generated,
DFL-0088-1,DIS-HO-0088,DIS-R-0090,PRS-008,Draft comparison pending review.,Draft comparison pending review.,false,2,all,review_required,all,draft_ai_generated,draft_ai_generated,
DFL-0088-2,DIS-HO-0088,DIS-R-0091,PRS-008,Draft comparison pending review.,Draft comparison pending review.,false,3,all,review_required,all,draft_ai_generated,draft_ai_generated,
DFL-0089-0,DIS-HO-0089,DIS-R-0090,PRS-009,Draft comparison pending review.,Draft comparison pending review.,true,1,all,review_required,all,draft_ai_generated,draft_ai_generated,
DFL-0089-1,DIS-HO-0089,DIS-R-0091,PRS-009,Draft comparison pending review.,Draft comparison pending review.,false,2,all,review_required,all,draft_ai_generated,draft_ai_generated,
DFL-0089-2,DIS-HO-0089,DIS-R-0092,PRS-009,Draft comparison pending review.,Draft comparison pending review.,false,3,all,review_required,all,draft_ai_generated,draft_ai_generated,
DFL-0090-0,DIS-R-0090,DIS-R-0091,PRS-010,Draft comparison pending review.,Draft comparison pending review.,true,1,all,review_required,all,draft_ai_generated,draft_ai_generated,
DFL-0090-1,DIS-R-0090,DIS-R-0092,PRS-010,Draft comparison pending review.,Draft comparison pending review.,false,2,all,review_required,all,draft_ai_generated,draft_ai_generated,
DFL-0090-2,DIS-R-0090,DIS-R-0093,PRS-010,Draft comparison pending review.,Draft comparison pending review.,false,3,all,review_required,all,draft_ai_generated,draft_ai_generated,
DFL-0091-0,DIS-R-0091,DIS-R-0092,PRS-011,Draft comparison pending review.,Draft comparison pending review.,true,1,all,review_required,all,draft_ai_generated,draft_ai_generated,
DFL-0091-1,DIS-R-0091,DIS-R-0093,PRS-011,Draft comparison pending review.,Draft comparison pending review.,false,2,all,review_required,all,draft_ai_generated,draft_ai_generated,
DFL-0091-2,DIS-R-0091,DIS-R-0094,PRS-011,Draft comparison pending review.,Draft comparison pending review.,false,3,all,review_required,all,draft_ai_generated,draft_ai_generated,
DFL-0092-0,DIS-R-0092,DIS-R-0093,PRS-012,Draft comparison pending review.,Draft comparison pending review.,true,1,all,review_required,all,draft_ai_generated,draft_ai_generated,
DFL-0092-1,DIS-R-0092,DIS-R-0094,PRS-012,Draft comparison pending review.,Draft comparison pending review.,false,2,all,review_required,all,draft_ai_generated,draft_ai_generated,
DFL-0092-2,DIS-R-0092,DIS-R-0095,PRS-012,Draft comparison pending review.,Draft comparison pending review.,false,3,all,review_required,all,draft_ai_generated,draft_ai_generated,
DFL-0093-0,DIS-R-0093,DIS-R-0094,PRS-013,Draft comparison pending review.,Draft comparison pending review.,true,1,all,review_required,all,draft_ai_generated,draft_ai_generated,
DFL-0093-1,DIS-R-0093,DIS-R-0095,PRS-013,Draft comparison pending review.,Draft comparison pending review.,false,2,all,review_required,all,draft_ai_generated,draft_ai_generated,
DFL-0093-2,DIS-R-0093,DIS-R-0096,PRS-013,Draft comparison pending review.,Draft comparison pending review.,false,3,all,review_required,all,draft_ai_generated,draft_ai_generated,
DFL-0094-0,DIS-R-0094,DIS-R-0095,PRS-014,Draft comparison pending review.,Draft comparison pending review.,true,1,all,review_required,all,draft_ai_generated,draft_ai_generated,
DFL-0094-1,DIS-R-0094,DIS-R-0096,PRS-014,Draft comparison pending review.,Draft comparison pending review.,false,2,all,review_required,all,draft_ai_generated,draft_ai_generated,
DFL-0094-2,DIS-R-0094,DIS-R-0097,PRS-014,Draft comparison pending review.,Draft comparison pending review.,false,3,all,review_required,all,draft_ai_generated,draft_ai_generated,
DFL-0095-0,DIS-R-0095,DIS-R-0096,PRS-015,Draft comparison pending review.,Draft comparison pending review.,true,1,all,review_required,all,draft_ai_generated,draft_ai_generated,
DFL-0095-1,DIS-R-0095,DIS-R-0097,PRS-015,Draft comparison pending review.,Draft comparison pending review.,false,2,all,review_required,all,draft_ai_generated,draft_ai_generated,
DFL-0095-2,DIS-R-0095,DIS-P-0098,PRS-015,Draft comparison pending review.,Draft comparison pending review.,false,3,all,review_required,all,draft_ai_generated,draft_ai_generated,
DFL-0096-0,DIS-R-0096,DIS-R-0097,PRS-016,Draft comparison pending review.,Draft comparison pending review.,true,1,all,review_required,all,draft_ai_generated,draft_ai_generated,
DFL-0096-1,DIS-R-0096,DIS-P-0098,PRS-016,Draft comparison pending review.,Draft comparison pending review.,false,2,all,review_required,all,draft_ai_generated,draft_ai_generated,
DFL-0096-2,DIS-R-0096,DIS-P-0099,PRS-016,Draft comparison pending review.,Draft comparison pending review.,false,3,all,review_required,all,draft_ai_generated,draft_ai_generated,
DFL-0097-0,DIS-R-0097,DIS-P-0098,PRS-017,Draft comparison pending review.,Draft comparison pending review.,true,1,all,review_required,all,draft_ai_generated,draft_ai_generated,
DFL-0097-1,DIS-R-0097,DIS-P-0099,PRS-017,Draft comparison pending review.,Draft comparison pending review.,false,2,all,review_required,all,draft_ai_generated,draft_ai_generated,
DFL-0097-2,DIS-R-0097,DIS-P-0100,PRS-017,Draft comparison pending review.,Draft comparison pending review.,false,3,all,review_required,all,draft_ai_generated,draft_ai_generated,
DFL-0098-0,DIS-P-0098,DIS-P-0099,PRS-018,Draft comparison pending review.,Draft comparison pending review.,true,1,all,review_required,all,draft_ai_generated,draft_ai_generated,
DFL-0098-1,DIS-P-0098,DIS-P-0100,PRS-018,Draft comparison pending review.,Draft comparison pending review.,false,2,all,review_required,all,draft_ai_generated,draft_ai_generated,
DFL-0098-2,DIS-P-0098,DIS-P-0101,PRS-018,Draft comparison pending review.,Draft comparison pending review.,false,3,all,review_required,all,draft_ai_generated,draft_ai_generated,
DFL-0099-0,DIS-P-0099,DIS-P-0100,PRS-019,Draft comparison pending review.,Draft comparison pending review.,true,1,all,review_required,all,draft_ai_generated,draft_ai_generated,
DFL-0099-1,DIS-P-0099,DIS-P-0101,PRS-019,Draft comparison pending review.,Draft comparison pending review.,false,2,all,review_required,all,draft_ai_generated,draft_ai_generated,
DFL-0099-2,DIS-P-0099,DIS-P-0102,PRS-019,Draft comparison pending review.,Draft comparison pending review.,false,3,all,review_required,all,draft_ai_generated,draft_ai_generated,
DFL-0100-0,DIS-P-0100,DIS-P-0101,PRS-020,Draft comparison pending review.,Draft comparison pending review.,true,1,all,review_required,all,draft_ai_generated,draft_ai_generated,
DFL-0100-1,DIS-P-0100,DIS-P-0102,PRS-020,Draft comparison pending review.,Draft comparison pending review.,false,2,all,review_required,all,draft_ai_generated,draft_ai_generated,
DFL-0100-2,DIS-P-0100,DIS-P-0103,PRS-020,Draft comparison pending review.,Draft comparison pending review.,false,3,all,review_required,all,draft_ai_generated,draft_ai_generated,
DFL-0101-0,DIS-P-0101,DIS-P-0102,PRS-021,Draft comparison pending review.,Draft comparison pending review.,true,1,all,review_required,all,draft_ai_generated,draft_ai_generated,
DFL-0101-1,DIS-P-0101,DIS-P-0103,PRS-021,Draft comparison pending review.,Draft comparison pending review.,false,2,all,review_required,all,draft_ai_generated,draft_ai_generated,
DFL-0101-2,DIS-P-0101,DIS-P-0104,PRS-021,Draft comparison pending review.,Draft comparison pending review.,false,3,all,review_required,all,draft_ai_generated,draft_ai_generated,
DFL-0102-0,DIS-P-0102,DIS-P-0103,PRS-022,Draft comparison pending review.,Draft comparison pending review.,true,1,all,review_required,all,draft_ai_generated,draft_ai_generated,
DFL-0102-1,DIS-P-0102,DIS-P-0104,PRS-022,Draft comparison pending review.,Draft comparison pending review.,false,2,all,review_required,all,draft_ai_generated,draft_ai_generated,
DFL-0102-2,DIS-P-0102,DIS-P-0105,PRS-022,Draft comparison pending review.,Draft comparison pending review.,false,3,all,review_required,all,draft_ai_generated,draft_ai_generated,
DFL-0103-0,DIS-P-0103,DIS-P-0104,PRS-023,Draft comparison pending review.,Draft comparison pending review.,true,1,all,review_required,all,draft_ai_generated,draft_ai_generated,
DFL-0103-1,DIS-P-0103,DIS-P-0105,PRS-023,Draft comparison pending review.,Draft comparison pending review.,false,2,all,review_required,all,draft_ai_generated,draft_ai_generated,
DFL-0103-2,DIS-P-0103,DIS-P-0106,PRS-023,Draft comparison pending review.,Draft comparison pending review.,false,3,all,review_required,all,draft_ai_generated,draft_ai_generated,
DFL-0104-0,DIS-P-0104,DIS-P-0105,PRS-024,Draft comparison pending review.,Draft comparison pending review.,true,1,all,review_required,all,draft_ai_generated,draft_ai_generated,
DFL-0104-1,DIS-P-0104,DIS-P-0106,PRS-024,Draft comparison pending review.,Draft comparison pending review.,false,2,all,review_required,all,draft_ai_generated,draft_ai_generated,
DFL-0104-2,DIS-P-0104,DIS-P-0107,PRS-024,Draft comparison pending review.,Draft comparison pending review.,false,3,all,review_required,all,draft_ai_generated,draft_ai_generated,
DFL-0105-0,DIS-P-0105,DIS-P-0106,PRS-025,Draft comparison pending review.,Draft comparison pending review.,true,1,all,review_required,all,draft_ai_generated,draft_ai_generated,
DFL-0105-1,DIS-P-0105,DIS-P-0107,PRS-025,Draft comparison pending review.,Draft comparison pending review.,false,2,all,review_required,all,draft_ai_generated,draft_ai_generated,
DFL-0105-2,DIS-P-0105,DIS-P-0108,PRS-025,Draft comparison pending review.,Draft comparison pending review.,false,3,all,review_required,all,draft_ai_generated,draft_ai_generated,
DFL-0106-0,DIS-P-0106,DIS-P-0107,PRS-026,Draft comparison pending review.,Draft comparison pending review.,true,1,all,review_required,all,draft_ai_generated,draft_ai_generated,
DFL-0106-1,DIS-P-0106,DIS-P-0108,PRS-026,Draft comparison pending review.,Draft comparison pending review.,false,2,all,review_required,all,draft_ai_generated,draft_ai_generated,
DFL-0106-2,DIS-P-0106,DIS-P-0109,PRS-026,Draft comparison pending review.,Draft comparison pending review.,false,3,all,review_required,all,draft_ai_generated,draft_ai_generated,
DFL-0107-0,DIS-P-0107,DIS-P-0108,PRS-027,Draft comparison pending review.,Draft comparison pending review.,true,1,all,review_required,all,draft_ai_generated,draft_ai_generated,
DFL-0107-1,DIS-P-0107,DIS-P-0109,PRS-027,Draft comparison pending review.,Draft comparison pending review.,false,2,all,review_required,all,draft_ai_generated,draft_ai_generated,
DFL-0107-2,DIS-P-0107,DIS-P-0110,PRS-027,Draft comparison pending review.,Draft comparison pending review.,false,3,all,review_required,all,draft_ai_generated,draft_ai_generated,
DFL-0108-0,DIS-P-0108,DIS-P-0109,PRS-028,Draft comparison pending review.,Draft comparison pending review.,true,1,all,review_required,all,draft_ai_generated,draft_ai_generated,
DFL-0108-1,DIS-P-0108,DIS-P-0110,PRS-028,Draft comparison pending review.,Draft comparison pending review.,false,2,all,review_required,all,draft_ai_generated,draft_ai_generated,
DFL-0108-2,DIS-P-0108,DIS-P-0111,PRS-028,Draft comparison pending review.,Draft comparison pending review.,false,3,all,review_required,all,draft_ai_generated,draft_ai_generated,
DFL-0109-0,DIS-P-0109,DIS-P-0110,PRS-029,Draft comparison pending review.,Draft comparison pending review.,true,1,all,review_required,all,draft_ai_generated,draft_ai_generated,
DFL-0109-1,DIS-P-0109,DIS-P-0111,PRS-029,Draft comparison pending review.,Draft comparison pending review.,false,2,all,review_required,all,draft_ai_generated,draft_ai_generated,
DFL-0109-2,DIS-P-0109,DIS-P-0112,PRS-029,Draft comparison pending review.,Draft comparison pending review.,false,3,all,review_required,all,draft_ai_generated,draft_ai_generated,
DFL-0110-0,DIS-P-0110,DIS-P-0111,PRS-030,Draft comparison pending review.,Draft comparison pending review.,true,1,all,review_required,all,draft_ai_generated,draft_ai_generated,
DFL-0110-1,DIS-P-0110,DIS-P-0112,PRS-030,Draft comparison pending review.,Draft comparison pending review.,false,2,all,review_required,all,draft_ai_generated,draft_ai_generated,
DFL-0110-2,DIS-P-0110,DIS-P-0113,PRS-030,Draft comparison pending review.,Draft comparison pending review.,false,3,all,review_required,all,draft_ai_generated,draft_ai_generated,
DFL-0111-0,DIS-P-0111,DIS-P-0112,PRS-031,Draft comparison pending review.,Draft comparison pending review.,true,1,all,review_required,all,draft_ai_generated,draft_ai_generated,
DFL-0111-1,DIS-P-0111,DIS-P-0113,PRS-031,Draft comparison pending review.,Draft comparison pending review.,false,2,all,review_required,all,draft_ai_generated,draft_ai_generated,
DFL-0111-2,DIS-P-0111,DIS-OG-0114,PRS-031,Draft comparison pending review.,Draft comparison pending review.,false,3,all,review_required,all,draft_ai_generated,draft_ai_generated,
DFL-0112-0,DIS-P-0112,DIS-P-0113,PRS-032,Draft comparison pending review.,Draft comparison pending review.,true,1,all,review_required,all,draft_ai_generated,draft_ai_generated,
DFL-0112-1,DIS-P-0112,DIS-OG-0114,PRS-032,Draft comparison pending review.,Draft comparison pending review.,false,2,all,review_required,all,draft_ai_generated,draft_ai_generated,
DFL-0112-2,DIS-P-0112,DIS-OG-0115,PRS-032,Draft comparison pending review.,Draft comparison pending review.,false,3,all,review_required,all,draft_ai_generated,draft_ai_generated,
DFL-0113-0,DIS-P-0113,DIS-OG-0114,PRS-033,Draft comparison pending review.,Draft comparison pending review.,true,1,all,review_required,all,draft_ai_generated,draft_ai_generated,
DFL-0113-1,DIS-P-0113,DIS-OG-0115,PRS-033,Draft comparison pending review.,Draft comparison pending review.,false,2,all,review_required,all,draft_ai_generated,draft_ai_generated,
DFL-0113-2,DIS-P-0113,DIS-OG-0116,PRS-033,Draft comparison pending review.,Draft comparison pending review.,false,3,all,review_required,all,draft_ai_generated,draft_ai_generated,
DFL-0114-0,DIS-OG-0114,DIS-OG-0115,PRS-034,Draft comparison pending review.,Draft comparison pending review.,true,1,all,review_required,all,draft_ai_generated,draft_ai_generated,
DFL-0114-1,DIS-OG-0114,DIS-OG-0116,PRS-034,Draft comparison pending review.,Draft comparison pending review.,false,2,all,review_required,all,draft_ai_generated,draft_ai_generated,
DFL-0114-2,DIS-OG-0114,DIS-OG-0117,PRS-034,Draft comparison pending review.,Draft comparison pending review.,false,3,all,review_required,all,draft_ai_generated,draft_ai_generated,
DFL-0115-0,DIS-OG-0115,DIS-OG-0116,PRS-035,Draft comparison pending review.,Draft comparison pending review.,true,1,all,review_required,all,draft_ai_generated,draft_ai_generated,
DFL-0115-1,DIS-OG-0115,DIS-OG-0117,PRS-035,Draft comparison pending review.,Draft comparison pending review.,false,2,all,review_required,all,draft_ai_generated,draft_ai_generated,
DFL-0115-2,DIS-OG-0115,DIS-OG-0118,PRS-035,Draft comparison pending review.,Draft comparison pending review.,false,3,all,review_required,all,draft_ai_generated,draft_ai_generated,
DFL-0116-0,DIS-OG-0116,DIS-OG-0117,PRS-036,Draft comparison pending review.,Draft comparison pending review.,true,1,all,review_required,all,draft_ai_generated,draft_ai_generated,
DFL-0116-1,DIS-OG-0116,DIS-OG-0118,PRS-036,Draft comparison pending review.,Draft comparison pending review.,false,2,all,review_required,all,draft_ai_generated,draft_ai_generated,
DFL-0116-2,DIS-OG-0116,DIS-OG-0119,PRS-036,Draft comparison pending review.,Draft comparison pending review.,false,3,all,review_required,all,draft_ai_generated,draft_ai_generated,
DFL-0117-0,DIS-OG-0117,DIS-OG-0118,PRS-037,Draft comparison pending review.,Draft comparison pending review.,true,1,all,review_required,all,draft_ai_generated,draft_ai_generated,
DFL-0117-1,DIS-OG-0117,DIS-OG-0119,PRS-037,Draft comparison pending review.,Draft comparison pending review.,false,2,all,review_required,all,draft_ai_generated,draft_ai_generated,
DFL-0117-2,DIS-OG-0117,DIS-OG-0120,PRS-037,Draft comparison pending review.,Draft comparison pending review.,false,3,all,review_required,all,draft_ai_generated,draft_ai_generated,
DFL-0118-0,DIS-OG-0118,DIS-OG-0119,PRS-038,Draft comparison pending review.,Draft comparison pending review.,true,1,all,review_required,all,draft_ai_generated,draft_ai_generated,
DFL-0118-1,DIS-OG-0118,DIS-OG-0120,PRS-038,Draft comparison pending review.,Draft comparison pending review.,false,2,all,review_required,all,draft_ai_generated,draft_ai_generated,
DFL-0118-2,DIS-OG-0118,DIS-OG-0121,PRS-038,Draft comparison pending review.,Draft comparison pending review.,false,3,all,review_required,all,draft_ai_generated,draft_ai_generated,
DFL-0119-0,DIS-OG-0119,DIS-OG-0120,PRS-039,Draft comparison pending review.,Draft comparison pending review.,true,1,all,review_required,all,draft_ai_generated,draft_ai_generated,
DFL-0119-1,DIS-OG-0119,DIS-OG-0121,PRS-039,Draft comparison pending review.,Draft comparison pending review.,false,2,all,review_required,all,draft_ai_generated,draft_ai_generated,
DFL-0119-2,DIS-OG-0119,DIS-ST-0122,PRS-039,Draft comparison pending review.,Draft comparison pending review.,false,3,all,review_required,all,draft_ai_generated,draft_ai_generated,
DFL-0120-0,DIS-OG-0120,DIS-OG-0121,PRS-040,Draft comparison pending review.,Draft comparison pending review.,true,1,all,review_required,all,draft_ai_generated,draft_ai_generated,
DFL-0120-1,DIS-OG-0120,DIS-ST-0122,PRS-040,Draft comparison pending review.,Draft comparison pending review.,false,2,all,review_required,all,draft_ai_generated,draft_ai_generated,
DFL-0120-2,DIS-OG-0120,DIS-ST-0123,PRS-040,Draft comparison pending review.,Draft comparison pending review.,false,3,all,review_required,all,draft_ai_generated,draft_ai_generated,
DFL-0121-0,DIS-OG-0121,DIS-ST-0122,PRS-001,Draft comparison pending review.,Draft comparison pending review.,true,1,all,review_required,all,draft_ai_generated,draft_ai_generated,
DFL-0121-1,DIS-OG-0121,DIS-ST-0123,PRS-001,Draft comparison pending review.,Draft comparison pending review.,false,2,all,review_required,all,draft_ai_generated,draft_ai_generated,
DFL-0121-2,DIS-OG-0121,DIS-ST-0124,PRS-001,Draft comparison pending review.,Draft comparison pending review.,false,3,all,review_required,all,draft_ai_generated,draft_ai_generated,
DFL-0122-0,DIS-ST-0122,DIS-ST-0123,PRS-002,Draft comparison pending review.,Draft comparison pending review.,true,1,all,review_required,all,draft_ai_generated,draft_ai_generated,
DFL-0122-1,DIS-ST-0122,DIS-ST-0124,PRS-002,Draft comparison pending review.,Draft comparison pending review.,false,2,all,review_required,all,draft_ai_generated,draft_ai_generated,
DFL-0122-2,DIS-ST-0122,DIS-ST-0125,PRS-002,Draft comparison pending review.,Draft comparison pending review.,false,3,all,review_required,all,draft_ai_generated,draft_ai_generated,
DFL-0123-0,DIS-ST-0123,DIS-ST-0124,PRS-003,Draft comparison pending review.,Draft comparison pending review.,true,1,all,review_required,all,draft_ai_generated,draft_ai_generated,
DFL-0123-1,DIS-ST-0123,DIS-ST-0125,PRS-003,Draft comparison pending review.,Draft comparison pending review.,false,2,all,review_required,all,draft_ai_generated,draft_ai_generated,
DFL-0123-2,DIS-ST-0123,DIS-ST-0126,PRS-003,Draft comparison pending review.,Draft comparison pending review.,false,3,all,review_required,all,draft_ai_generated,draft_ai_generated,
DFL-0124-0,DIS-ST-0124,DIS-ST-0125,PRS-004,Draft comparison pending review.,Draft comparison pending review.,true,1,all,review_required,all,draft_ai_generated,draft_ai_generated,
DFL-0124-1,DIS-ST-0124,DIS-ST-0126,PRS-004,Draft comparison pending review.,Draft comparison pending review.,false,2,all,review_required,all,draft_ai_generated,draft_ai_generated,
DFL-0124-2,DIS-ST-0124,DIS-ST-0127,PRS-004,Draft comparison pending review.,Draft comparison pending review.,false,3,all,review_required,all,draft_ai_generated,draft_ai_generated,
DFL-0125-0,DIS-ST-0125,DIS-ST-0126,PRS-005,Draft comparison pending review.,Draft comparison pending review.,true,1,all,review_required,all,draft_ai_generated,draft_ai_generated,
DFL-0125-1,DIS-ST-0125,DIS-ST-0127,PRS-005,Draft comparison pending review.,Draft comparison pending review.,false,2,all,review_required,all,draft_ai_generated,draft_ai_generated,
DFL-0125-2,DIS-ST-0125,DIS-ST-0128,PRS-005,Draft comparison pending review.,Draft comparison pending review.,false,3,all,review_required,all,draft_ai_generated,draft_ai_generated,
DFL-0126-0,DIS-ST-0126,DIS-ST-0127,PRS-006,Draft comparison pending review.,Draft comparison pending review.,true,1,all,review_required,all,draft_ai_generated,draft_ai_generated,
DFL-0126-1,DIS-ST-0126,DIS-ST-0128,PRS-006,Draft comparison pending review.,Draft comparison pending review.,false,2,all,review_required,all,draft_ai_generated,draft_ai_generated,
DFL-0126-2,DIS-ST-0126,DIS-ST-0129,PRS-006,Draft comparison pending review.,Draft comparison pending review.,false,3,all,review_required,all,draft_ai_generated,draft_ai_generated,
DFL-0127-0,DIS-ST-0127,DIS-ST-0128,PRS-007,Draft comparison pending review.,Draft comparison pending review.,true,1,all,review_required,all,draft_ai_generated,draft_ai_generated,
DFL-0127-1,DIS-ST-0127,DIS-ST-0129,PRS-007,Draft comparison pending review.,Draft comparison pending review.,false,2,all,review_required,all,draft_ai_generated,draft_ai_generated,
DFL-0127-2,DIS-ST-0127,DIS-C-0001,PRS-007,Draft comparison pending review.,Draft comparison pending review.,false,3,all,review_required,all,draft_ai_generated,draft_ai_generated,
DFL-0128-0,DIS-ST-0128,DIS-ST-0129,PRS-008,Draft comparison pending review.,Draft comparison pending review.,true,1,all,review_required,all,draft_ai_generated,draft_ai_generated,
DFL-0128-1,DIS-ST-0128,DIS-C-0001,PRS-008,Draft comparison pending review.,Draft comparison pending review.,false,2,all,review_required,all,draft_ai_generated,draft_ai_generated,
DFL-0128-2,DIS-ST-0128,DIS-C-0002,PRS-008,Draft comparison pending review.,Draft comparison pending review.,false,3,all,review_required,all,draft_ai_generated,draft_ai_generated,
DFL-0129-0,DIS-ST-0129,DIS-C-0001,PRS-009,Draft comparison pending review.,Draft comparison pending review.,true,1,all,review_required,all,draft_ai_generated,draft_ai_generated,
DFL-0129-1,DIS-ST-0129,DIS-C-0002,PRS-009,Draft comparison pending review.,Draft comparison pending review.,false,2,all,review_required,all,draft_ai_generated,draft_ai_generated,
DFL-0129-2,DIS-ST-0129,DIS-C-0003,PRS-009,Draft comparison pending review.,Draft comparison pending review.,false,3,all,review_required,all,draft_ai_generated,draft_ai_generated,
DFL-CARD-001,DIS-CARD-001,DIS-C-0001,PRS-001,Both can present through the same cardiovascular syndrome and require prompt physiologic classification.,"Stable angina is favored by its defining ECG, imaging, hemodynamic, or examination pattern; Acute coronary syndrome is favored by its competing pattern.",true,1,adult or pediatric context as specified by the disease record,"Internal Medicine, Emergency Medicine, Cardiology, or Pediatrics as applicable","Step 1, Step 2 CK, Step 3, and relevant shelf examination",source_checked,needs_medical_review,Directional educational differential.
DFL-CARD-002,DIS-C-0001,DIS-C-0003,PRS-001,Both can present through the same cardiovascular syndrome and require prompt physiologic classification.,"Acute coronary syndrome is favored by its defining ECG, imaging, hemodynamic, or examination pattern; Acute pericarditis is favored by its competing pattern.",true,1,adult or pediatric context as specified by the disease record,"Internal Medicine, Emergency Medicine, Cardiology, or Pediatrics as applicable","Step 1, Step 2 CK, Step 3, and relevant shelf examination",source_checked,needs_medical_review,Directional educational differential.
DFL-CARD-003,DIS-C-0003,DIS-C-0004,PRS-001,Both can present through the same cardiovascular syndrome and require prompt physiologic classification.,"Acute pericarditis is favored by its defining ECG, imaging, hemodynamic, or examination pattern; Cardiac tamponade is favored by its competing pattern.",true,1,adult or pediatric context as specified by the disease record,"Internal Medicine, Emergency Medicine, Cardiology, or Pediatrics as applicable","Step 1, Step 2 CK, Step 3, and relevant shelf examination",source_checked,needs_medical_review,Directional educational differential.
DFL-CARD-004,DIS-C-0004,DIS-C-0005,PRS-035,Both can present through the same cardiovascular syndrome and require prompt physiologic classification.,"Cardiac tamponade is favored by its defining ECG, imaging, hemodynamic, or examination pattern; Cardiogenic shock is favored by its competing pattern.",true,1,adult or pediatric context as specified by the disease record,"Internal Medicine, Emergency Medicine, Cardiology, or Pediatrics as applicable","Step 1, Step 2 CK, Step 3, and relevant shelf examination",source_checked,needs_medical_review,Directional educational differential.
DFL-CARD-005,DIS-C-0005,DIS-C-0006,PRS-035,Both can present through the same cardiovascular syndrome and require prompt physiologic classification.,"Cardiogenic shock is favored by its defining ECG, imaging, hemodynamic, or examination pattern; Atrial fibrillation is favored by its competing pattern.",true,1,adult or pediatric context as specified by the disease record,"Internal Medicine, Emergency Medicine, Cardiology, or Pediatrics as applicable","Step 1, Step 2 CK, Step 3, and relevant shelf examination",source_checked,needs_medical_review,Directional educational differential.
DFL-CARD-006,DIS-C-0006,DIS-C-0007,PRS-004,Both can present through the same cardiovascular syndrome and require prompt physiologic classification.,"Atrial fibrillation is favored by its defining ECG, imaging, hemodynamic, or examination pattern; Atrial flutter is favored by its competing pattern.",true,1,adult or pediatric context as specified by the disease record,"Internal Medicine, Emergency Medicine, Cardiology, or Pediatrics as applicable","Step 1, Step 2 CK, Step 3, and relevant shelf examination",source_checked,needs_medical_review,Directional educational differential.
DFL-CARD-007,DIS-C-0007,DIS-C-0008,PRS-004,Both can present through the same cardiovascular syndrome and require prompt physiologic classification.,"Atrial flutter is favored by its defining ECG, imaging, hemodynamic, or examination pattern; Supraventricular tachycardia is favored by its competing pattern.",true,1,adult or pediatric context as specified by the disease record,"Internal Medicine, Emergency Medicine, Cardiology, or Pediatrics as applicable","Step 1, Step 2 CK, Step 3, and relevant shelf examination",source_checked,needs_medical_review,Directional educational differential.
DFL-CARD-008,DIS-C-0008,DIS-C-0009,PRS-004,Both can present through the same cardiovascular syndrome and require prompt physiologic classification.,"Supraventricular tachycardia is favored by its defining ECG, imaging, hemodynamic, or examination pattern; Ventricular tachycardia is favored by its competing pattern.",true,1,adult or pediatric context as specified by the disease record,"Internal Medicine, Emergency Medicine, Cardiology, or Pediatrics as applicable","Step 1, Step 2 CK, Step 3, and relevant shelf examination",source_checked,needs_medical_review,Directional educational differential.
DFL-CARD-009,DIS-C-0009,DIS-C-0010,PRS-004,Both can present through the same cardiovascular syndrome and require prompt physiologic classification.,"Ventricular tachycardia is favored by its defining ECG, imaging, hemodynamic, or examination pattern; Heart failure is favored by its competing pattern.",true,1,adult or pediatric context as specified by the disease record,"Internal Medicine, Emergency Medicine, Cardiology, or Pediatrics as applicable","Step 1, Step 2 CK, Step 3, and relevant shelf examination",source_checked,needs_medical_review,Directional educational differential.
DFL-CARD-010,DIS-C-0010,DIS-C-0011,PRS-002,Both can present through the same cardiovascular syndrome and require prompt physiologic classification.,"Heart failure is favored by its defining ECG, imaging, hemodynamic, or examination pattern; Hypertrophic cardiomyopathy is favored by its competing pattern.",false,1,adult or pediatric context as specified by the disease record,"Internal Medicine, Emergency Medicine, Cardiology, or Pediatrics as applicable","Step 1, Step 2 CK, Step 3, and relevant shelf examination",source_checked,needs_medical_review,Directional educational differential.
DFL-CARD-011,DIS-C-0011,DIS-CARD-012,PRS-003,Both can present through the same cardiovascular syndrome and require prompt physiologic classification.,"Hypertrophic cardiomyopathy is favored by its defining ECG, imaging, hemodynamic, or examination pattern; Native-valve infective endocarditis is favored by its competing pattern.",false,1,adult or pediatric context as specified by the disease record,"Internal Medicine, Emergency Medicine, Cardiology, or Pediatrics as applicable","Step 1, Step 2 CK, Step 3, and relevant shelf examination",source_checked,needs_medical_review,Directional educational differential.
DFL-CARD-012,DIS-CARD-012,DIS-C-0012,PRS-005,Both can present through the same cardiovascular syndrome and require prompt physiologic classification.,"Native-valve infective endocarditis is favored by its defining ECG, imaging, hemodynamic, or examination pattern; Infective endocarditis is favored by its competing pattern.",false,1,adult or pediatric context as specified by the disease record,"Internal Medicine, Emergency Medicine, Cardiology, or Pediatrics as applicable","Step 1, Step 2 CK, Step 3, and relevant shelf examination",source_checked,needs_medical_review,Directional educational differential.
DFL-CARD-013,DIS-C-0012,DIS-C-0013,PRS-005,Both can present through the same cardiovascular syndrome and require prompt physiologic classification.,"Infective endocarditis is favored by its defining ECG, imaging, hemodynamic, or examination pattern; Aortic stenosis is favored by its competing pattern.",false,1,adult or pediatric context as specified by the disease record,"Internal Medicine, Emergency Medicine, Cardiology, or Pediatrics as applicable","Step 1, Step 2 CK, Step 3, and relevant shelf examination",source_checked,needs_medical_review,Directional educational differential.
DFL-CARD-014,DIS-C-0013,DIS-C-0002,PRS-CARD-048,Both can present through the same cardiovascular syndrome and require prompt physiologic classification.,"Aortic stenosis is favored by its defining ECG, imaging, hemodynamic, or examination pattern; Aortic dissection is favored by its competing pattern.",false,1,adult or pediatric context as specified by the disease record,"Internal Medicine, Emergency Medicine, Cardiology, or Pediatrics as applicable","Step 1, Step 2 CK, Step 3, and relevant shelf examination",source_checked,needs_medical_review,Directional educational differential.
DFL-CARD-015,DIS-C-0002,DIS-CARD-015,PRS-001,Both can present through the same cardiovascular syndrome and require prompt physiologic classification.,"Aortic dissection is favored by its defining ECG, imaging, hemodynamic, or examination pattern; Unstable angina is favored by its competing pattern.",true,1,adult or pediatric context as specified by the disease record,"Internal Medicine, Emergency Medicine, Cardiology, or Pediatrics as applicable","Step 1, Step 2 CK, Step 3, and relevant shelf examination",source_checked,needs_medical_review,Directional educational differential.
DFL-CARD-016,DIS-CARD-015,DIS-CARD-016,PRS-001,Both can present through the same cardiovascular syndrome and require prompt physiologic classification.,"Unstable angina is favored by its defining ECG, imaging, hemodynamic, or examination pattern; NSTEMI is favored by its competing pattern.",true,1,adult or pediatric context as specified by the disease record,"Internal Medicine, Emergency Medicine, Cardiology, or Pediatrics as applicable","Step 1, Step 2 CK, Step 3, and relevant shelf examination",source_checked,needs_medical_review,Directional educational differential.
DFL-CARD-017,DIS-CARD-016,DIS-CARD-017,PRS-001,Both can present through the same cardiovascular syndrome and require prompt physiologic classification.,"NSTEMI is favored by its defining ECG, imaging, hemodynamic, or examination pattern; STEMI is favored by its competing pattern.",true,1,adult or pediatric context as specified by the disease record,"Internal Medicine, Emergency Medicine, Cardiology, or Pediatrics as applicable","Step 1, Step 2 CK, Step 3, and relevant shelf examination",source_checked,needs_medical_review,Directional educational differential.
DFL-CARD-018,DIS-CARD-017,DIS-CARD-018,PRS-001,Both can present through the same cardiovascular syndrome and require prompt physiologic classification.,"STEMI is favored by its defining ECG, imaging, hemodynamic, or examination pattern; Prinzmetal angina is favored by its competing pattern.",true,1,adult or pediatric context as specified by the disease record,"Internal Medicine, Emergency Medicine, Cardiology, or Pediatrics as applicable","Step 1, Step 2 CK, Step 3, and relevant shelf examination",source_checked,needs_medical_review,Directional educational differential.
DFL-CARD-019,DIS-CARD-018,DIS-CARD-019,PRS-001,Both can present through the same cardiovascular syndrome and require prompt physiologic classification.,"Prinzmetal angina is favored by its defining ECG, imaging, hemodynamic, or examination pattern; Cocaine-associated chest pain is favored by its competing pattern.",true,1,adult or pediatric context as specified by the disease record,"Internal Medicine, Emergency Medicine, Cardiology, or Pediatrics as applicable","Step 1, Step 2 CK, Step 3, and relevant shelf examination",source_checked,needs_medical_review,Directional educational differential.
DFL-CARD-020,DIS-CARD-019,DIS-CARD-020,PRS-001,Both can present through the same cardiovascular syndrome and require prompt physiologic classification.,"Cocaine-associated chest pain is favored by its defining ECG, imaging, hemodynamic, or examination pattern; Post-MI mechanical complication is favored by its competing pattern.",true,1,adult or pediatric context as specified by the disease record,"Internal Medicine, Emergency Medicine, Cardiology, or Pediatrics as applicable","Step 1, Step 2 CK, Step 3, and relevant shelf examination",source_checked,needs_medical_review,Directional educational differential.
DFL-CARD-021,DIS-CARD-020,DIS-CARD-021,PRS-CARD-046,Both can present through the same cardiovascular syndrome and require prompt physiologic classification.,"Post-MI mechanical complication is favored by its defining ECG, imaging, hemodynamic, or examination pattern; Dressler syndrome is favored by its competing pattern.",true,1,adult or pediatric context as specified by the disease record,"Internal Medicine, Emergency Medicine, Cardiology, or Pediatrics as applicable","Step 1, Step 2 CK, Step 3, and relevant shelf examination",source_checked,needs_medical_review,Directional educational differential.
DFL-CARD-022,DIS-CARD-021,DIS-CARD-022,PRS-001,Both can present through the same cardiovascular syndrome and require prompt physiologic classification.,"Dressler syndrome is favored by its defining ECG, imaging, hemodynamic, or examination pattern; Right ventricular infarction is favored by its competing pattern.",true,1,adult or pediatric context as specified by the disease record,"Internal Medicine, Emergency Medicine, Cardiology, or Pediatrics as applicable","Step 1, Step 2 CK, Step 3, and relevant shelf examination",source_checked,needs_medical_review,Directional educational differential.
DFL-CARD-023,DIS-CARD-022,DIS-CARD-023,PRS-CARD-046,Both can present through the same cardiovascular syndrome and require prompt physiologic classification.,"Right ventricular infarction is favored by its defining ECG, imaging, hemodynamic, or examination pattern; Papillary muscle rupture is favored by its competing pattern.",true,1,adult or pediatric context as specified by the disease record,"Internal Medicine, Emergency Medicine, Cardiology, or Pediatrics as applicable","Step 1, Step 2 CK, Step 3, and relevant shelf examination",source_checked,needs_medical_review,Directional educational differential.
DFL-CARD-024,DIS-CARD-023,DIS-CARD-024,PRS-CARD-048,Both can present through the same cardiovascular syndrome and require prompt physiologic classification.,"Papillary muscle rupture is favored by its defining ECG, imaging, hemodynamic, or examination pattern; Ventricular septal rupture is favored by its competing pattern.",false,1,adult or pediatric context as specified by the disease record,"Internal Medicine, Emergency Medicine, Cardiology, or Pediatrics as applicable","Step 1, Step 2 CK, Step 3, and relevant shelf examination",source_checked,needs_medical_review,Directional educational differential.
DFL-CARD-025,DIS-CARD-024,DIS-CARD-025,PRS-CARD-048,Both can present through the same cardiovascular syndrome and require prompt physiologic classification.,"Ventricular septal rupture is favored by its defining ECG, imaging, hemodynamic, or examination pattern; Free-wall rupture is favored by its competing pattern.",false,1,adult or pediatric context as specified by the disease record,"Internal Medicine, Emergency Medicine, Cardiology, or Pediatrics as applicable","Step 1, Step 2 CK, Step 3, and relevant shelf examination",source_checked,needs_medical_review,Directional educational differential.
DFL-CARD-026,DIS-CARD-025,DIS-CARD-026,PRS-035,Both can present through the same cardiovascular syndrome and require prompt physiologic classification.,"Free-wall rupture is favored by its defining ECG, imaging, hemodynamic, or examination pattern; Left ventricular aneurysm is favored by its competing pattern.",true,1,adult or pediatric context as specified by the disease record,"Internal Medicine, Emergency Medicine, Cardiology, or Pediatrics as applicable","Step 1, Step 2 CK, Step 3, and relevant shelf examination",source_checked,needs_medical_review,Directional educational differential.
DFL-CARD-027,DIS-CARD-026,DIS-CARD-027,PRS-CARD-044,Both can present through the same cardiovascular syndrome and require prompt physiologic classification.,"Left ventricular aneurysm is favored by its defining ECG, imaging, hemodynamic, or examination pattern; Thoracic aortic aneurysm is favored by its competing pattern.",true,1,adult or pediatric context as specified by the disease record,"Internal Medicine, Emergency Medicine, Cardiology, or Pediatrics as applicable","Step 1, Step 2 CK, Step 3, and relevant shelf examination",source_checked,needs_medical_review,Directional educational differential.
DFL-CARD-028,DIS-CARD-027,DIS-CARD-028,PRS-001,Both can present through the same cardiovascular syndrome and require prompt physiologic classification.,"Thoracic aortic aneurysm is favored by its defining ECG, imaging, hemodynamic, or examination pattern; Abdominal aortic aneurysm is favored by its competing pattern.",true,1,adult or pediatric context as specified by the disease record,"Internal Medicine, Emergency Medicine, Cardiology, or Pediatrics as applicable","Step 1, Step 2 CK, Step 3, and relevant shelf examination",source_checked,needs_medical_review,Directional educational differential.
DFL-CARD-029,DIS-CARD-028,DIS-CARD-029,PRS-010,Both can present through the same cardiovascular syndrome and require prompt physiologic classification.,"Abdominal aortic aneurysm is favored by its defining ECG, imaging, hemodynamic, or examination pattern; Aortic rupture is favored by its competing pattern.",true,1,adult or pediatric context as specified by the disease record,"Internal Medicine, Emergency Medicine, Cardiology, or Pediatrics as applicable","Step 1, Step 2 CK, Step 3, and relevant shelf examination",source_checked,needs_medical_review,Directional educational differential.
DFL-CARD-030,DIS-CARD-029,DIS-CARD-030,PRS-CARD-046,Both can present through the same cardiovascular syndrome and require prompt physiologic classification.,"Aortic rupture is favored by its defining ECG, imaging, hemodynamic, or examination pattern; Acute limb ischemia is favored by its competing pattern.",true,1,adult or pediatric context as specified by the disease record,"Internal Medicine, Emergency Medicine, Cardiology, or Pediatrics as applicable","Step 1, Step 2 CK, Step 3, and relevant shelf examination",source_checked,needs_medical_review,Directional educational differential.
DFL-CARD-031,DIS-CARD-030,DIS-CARD-031,PRS-CARD-047,Both can present through the same cardiovascular syndrome and require prompt physiologic classification.,"Acute limb ischemia is favored by its defining ECG, imaging, hemodynamic, or examination pattern; Peripheral arterial disease is favored by its competing pattern.",false,1,adult or pediatric context as specified by the disease record,"Internal Medicine, Emergency Medicine, Cardiology, or Pediatrics as applicable","Step 1, Step 2 CK, Step 3, and relevant shelf examination",source_checked,needs_medical_review,Directional educational differential.
DFL-CARD-032,DIS-CARD-031,DIS-CARD-032,PRS-CARD-043,Both can present through the same cardiovascular syndrome and require prompt physiologic classification.,"Peripheral arterial disease is favored by its defining ECG, imaging, hemodynamic, or examination pattern; Cholesterol embolization is favored by its competing pattern.",false,1,adult or pediatric context as specified by the disease record,"Internal Medicine, Emergency Medicine, Cardiology, or Pediatrics as applicable","Step 1, Step 2 CK, Step 3, and relevant shelf examination",source_checked,needs_medical_review,Directional educational differential.
DFL-CARD-033,DIS-CARD-032,DIS-CARD-033,PRS-017,Both can present through the same cardiovascular syndrome and require prompt physiologic classification.,"Cholesterol embolization is favored by its defining ECG, imaging, hemodynamic, or examination pattern; Hypertensive emergency is favored by its competing pattern.",false,1,adult or pediatric context as specified by the disease record,"Internal Medicine, Emergency Medicine, Cardiology, or Pediatrics as applicable","Step 1, Step 2 CK, Step 3, and relevant shelf examination",source_checked,needs_medical_review,Directional educational differential.
DFL-CARD-034,DIS-CARD-033,DIS-CARD-034,PRS-007,Both can present through the same cardiovascular syndrome and require prompt physiologic classification.,"Hypertensive emergency is favored by its defining ECG, imaging, hemodynamic, or examination pattern; Hypertensive urgency is favored by its competing pattern.",true,1,adult or pediatric context as specified by the disease record,"Internal Medicine, Emergency Medicine, Cardiology, or Pediatrics as applicable","Step 1, Step 2 CK, Step 3, and relevant shelf examination",source_checked,needs_medical_review,Directional educational differential.
DFL-CARD-035,DIS-CARD-034,DIS-CARD-035,PRS-007,Both can present through the same cardiovascular syndrome and require prompt physiologic classification.,"Hypertensive urgency is favored by its defining ECG, imaging, hemodynamic, or examination pattern; Constrictive pericarditis is favored by its competing pattern.",true,1,adult or pediatric context as specified by the disease record,"Internal Medicine, Emergency Medicine, Cardiology, or Pediatrics as applicable","Step 1, Step 2 CK, Step 3, and relevant shelf examination",source_checked,needs_medical_review,Directional educational differential.
DFL-CARD-036,DIS-CARD-035,DIS-CARD-036,PRS-CARD-049,Both can present through the same cardiovascular syndrome and require prompt physiologic classification.,"Constrictive pericarditis is favored by its defining ECG, imaging, hemodynamic, or examination pattern; Pericardial effusion is favored by its competing pattern.",true,1,adult or pediatric context as specified by the disease record,"Internal Medicine, Emergency Medicine, Cardiology, or Pediatrics as applicable","Step 1, Step 2 CK, Step 3, and relevant shelf examination",source_checked,needs_medical_review,Directional educational differential.
DFL-CARD-037,DIS-CARD-036,DIS-CARD-037,PRS-002,Both can present through the same cardiovascular syndrome and require prompt physiologic classification.,"Pericardial effusion is favored by its defining ECG, imaging, hemodynamic, or examination pattern; Uremic pericarditis is favored by its competing pattern.",true,1,adult or pediatric context as specified by the disease record,"Internal Medicine, Emergency Medicine, Cardiology, or Pediatrics as applicable","Step 1, Step 2 CK, Step 3, and relevant shelf examination",source_checked,needs_medical_review,Directional educational differential.
DFL-CARD-038,DIS-CARD-037,DIS-CARD-038,PRS-001,Both can present through the same cardiovascular syndrome and require prompt physiologic classification.,"Uremic pericarditis is favored by its defining ECG, imaging, hemodynamic, or examination pattern; Post-MI pericarditis is favored by its competing pattern.",true,1,adult or pediatric context as specified by the disease record,"Internal Medicine, Emergency Medicine, Cardiology, or Pediatrics as applicable","Step 1, Step 2 CK, Step 3, and relevant shelf examination",source_checked,needs_medical_review,Directional educational differential.
DFL-CARD-039,DIS-CARD-038,DIS-CARD-039,PRS-001,Both can present through the same cardiovascular syndrome and require prompt physiologic classification.,"Post-MI pericarditis is favored by its defining ECG, imaging, hemodynamic, or examination pattern; HFrEF is favored by its competing pattern.",true,1,adult or pediatric context as specified by the disease record,"Internal Medicine, Emergency Medicine, Cardiology, or Pediatrics as applicable","Step 1, Step 2 CK, Step 3, and relevant shelf examination",source_checked,needs_medical_review,Directional educational differential.
DFL-CARD-040,DIS-CARD-039,DIS-CARD-040,PRS-002,Both can present through the same cardiovascular syndrome and require prompt physiologic classification.,"HFrEF is favored by its defining ECG, imaging, hemodynamic, or examination pattern; HFpEF is favored by its competing pattern.",false,1,adult or pediatric context as specified by the disease record,"Internal Medicine, Emergency Medicine, Cardiology, or Pediatrics as applicable","Step 1, Step 2 CK, Step 3, and relevant shelf examination",source_checked,needs_medical_review,Directional educational differential.
DFL-CARD-041,DIS-CARD-040,DIS-CARD-041,PRS-002,Both can present through the same cardiovascular syndrome and require prompt physiologic classification.,"HFpEF is favored by its defining ECG, imaging, hemodynamic, or examination pattern; Acute decompensated heart failure is favored by its competing pattern.",false,1,adult or pediatric context as specified by the disease record,"Internal Medicine, Emergency Medicine, Cardiology, or Pediatrics as applicable","Step 1, Step 2 CK, Step 3, and relevant shelf examination",source_checked,needs_medical_review,Directional educational differential.
DFL-CARD-042,DIS-CARD-041,DIS-CARD-042,PRS-002,Both can present through the same cardiovascular syndrome and require prompt physiologic classification.,"Acute decompensated heart failure is favored by its defining ECG, imaging, hemodynamic, or examination pattern; Cardiogenic pulmonary edema is favored by its competing pattern.",false,1,adult or pediatric context as specified by the disease record,"Internal Medicine, Emergency Medicine, Cardiology, or Pediatrics as applicable","Step 1, Step 2 CK, Step 3, and relevant shelf examination",source_checked,needs_medical_review,Directional educational differential.
DFL-CARD-043,DIS-CARD-042,DIS-CARD-043,PRS-002,Both can present through the same cardiovascular syndrome and require prompt physiologic classification.,"Cardiogenic pulmonary edema is favored by its defining ECG, imaging, hemodynamic, or examination pattern; Dilated cardiomyopathy is favored by its competing pattern.",false,1,adult or pediatric context as specified by the disease record,"Internal Medicine, Emergency Medicine, Cardiology, or Pediatrics as applicable","Step 1, Step 2 CK, Step 3, and relevant shelf examination",source_checked,needs_medical_review,Directional educational differential.
DFL-CARD-044,DIS-CARD-043,DIS-CARD-044,PRS-CARD-044,Both can present through the same cardiovascular syndrome and require prompt physiologic classification.,"Dilated cardiomyopathy is favored by its defining ECG, imaging, hemodynamic, or examination pattern; Restrictive cardiomyopathy is favored by its competing pattern.",false,1,adult or pediatric context as specified by the disease record,"Internal Medicine, Emergency Medicine, Cardiology, or Pediatrics as applicable","Step 1, Step 2 CK, Step 3, and relevant shelf examination",source_checked,needs_medical_review,Directional educational differential.
DFL-CARD-045,DIS-CARD-044,DIS-CARD-045,PRS-CARD-043,Both can present through the same cardiovascular syndrome and require prompt physiologic classification.,"Restrictive cardiomyopathy is favored by its defining ECG, imaging, hemodynamic, or examination pattern; Arrhythmogenic right ventricular cardiomyopathy is favored by its competing pattern.",false,1,adult or pediatric context as specified by the disease record,"Internal Medicine, Emergency Medicine, Cardiology, or Pediatrics as applicable","Step 1, Step 2 CK, Step 3, and relevant shelf examination",source_checked,needs_medical_review,Directional educational differential.
DFL-CARD-046,DIS-CARD-045,DIS-CARD-046,PRS-004,Both can present through the same cardiovascular syndrome and require prompt physiologic classification.,"Arrhythmogenic right ventricular cardiomyopathy is favored by its defining ECG, imaging, hemodynamic, or examination pattern; Takotsubo cardiomyopathy is favored by its competing pattern.",true,1,adult or pediatric context as specified by the disease record,"Internal Medicine, Emergency Medicine, Cardiology, or Pediatrics as applicable","Step 1, Step 2 CK, Step 3, and relevant shelf examination",source_checked,needs_medical_review,Directional educational differential.
DFL-CARD-047,DIS-CARD-046,DIS-CARD-047,PRS-001,Both can present through the same cardiovascular syndrome and require prompt physiologic classification.,"Takotsubo cardiomyopathy is favored by its defining ECG, imaging, hemodynamic, or examination pattern; Peripartum cardiomyopathy is favored by its competing pattern.",false,1,adult or pediatric context as specified by the disease record,"Internal Medicine, Emergency Medicine, Cardiology, or Pediatrics as applicable","Step 1, Step 2 CK, Step 3, and relevant shelf examination",source_checked,needs_medical_review,Directional educational differential.
DFL-CARD-048,DIS-CARD-047,DIS-CARD-048,PRS-002,Both can present through the same cardiovascular syndrome and require prompt physiologic classification.,"Peripartum cardiomyopathy is favored by its defining ECG, imaging, hemodynamic, or examination pattern; Alcohol-related cardiomyopathy is favored by its competing pattern.",false,1,adult or pediatric context as specified by the disease record,"Internal Medicine, Emergency Medicine, Cardiology, or Pediatrics as applicable","Step 1, Step 2 CK, Step 3, and relevant shelf examination",source_checked,needs_medical_review,Directional educational differential.
DFL-CARD-049,DIS-CARD-048,DIS-CARD-049,PRS-CARD-044,Both can present through the same cardiovascular syndrome and require prompt physiologic classification.,"Alcohol-related cardiomyopathy is favored by its defining ECG, imaging, hemodynamic, or examination pattern; Cardiac amyloidosis is favored by its competing pattern.",false,1,adult or pediatric context as specified by the disease record,"Internal Medicine, Emergency Medicine, Cardiology, or Pediatrics as applicable","Step 1, Step 2 CK, Step 3, and relevant shelf examination",source_checked,needs_medical_review,Directional educational differential.
DFL-CARD-050,DIS-CARD-049,DIS-CARD-050,PRS-CARD-049,Both can present through the same cardiovascular syndrome and require prompt physiologic classification.,"Cardiac amyloidosis is favored by its defining ECG, imaging, hemodynamic, or examination pattern; Hemochromatosis-associated cardiomyopathy is favored by its competing pattern.",false,1,adult or pediatric context as specified by the disease record,"Internal Medicine, Emergency Medicine, Cardiology, or Pediatrics as applicable","Step 1, Step 2 CK, Step 3, and relevant shelf examination",source_checked,needs_medical_review,Directional educational differential.
DFL-CARD-051,DIS-CARD-050,DIS-CARD-051,PRS-CARD-044,Both can present through the same cardiovascular syndrome and require prompt physiologic classification.,"Hemochromatosis-associated cardiomyopathy is favored by its defining ECG, imaging, hemodynamic, or examination pattern; AV nodal reentrant tachycardia is favored by its competing pattern.",false,1,adult or pediatric context as specified by the disease record,"Internal Medicine, Emergency Medicine, Cardiology, or Pediatrics as applicable","Step 1, Step 2 CK, Step 3, and relevant shelf examination",source_checked,needs_medical_review,Directional educational differential.
DFL-CARD-052,DIS-CARD-051,DIS-CARD-052,PRS-004,Both can present through the same cardiovascular syndrome and require prompt physiologic classification.,"AV nodal reentrant tachycardia is favored by its defining ECG, imaging, hemodynamic, or examination pattern; AV reentrant tachycardia is favored by its competing pattern.",true,1,adult or pediatric context as specified by the disease record,"Internal Medicine, Emergency Medicine, Cardiology, or Pediatrics as applicable","Step 1, Step 2 CK, Step 3, and relevant shelf examination",source_checked,needs_medical_review,Directional educational differential.
DFL-CARD-053,DIS-CARD-052,DIS-CARD-053,PRS-004,Both can present through the same cardiovascular syndrome and require prompt physiologic classification.,"AV reentrant tachycardia is favored by its defining ECG, imaging, hemodynamic, or examination pattern; Wolff-Parkinson-White syndrome is favored by its competing pattern.",true,1,adult or pediatric context as specified by the disease record,"Internal Medicine, Emergency Medicine, Cardiology, or Pediatrics as applicable","Step 1, Step 2 CK, Step 3, and relevant shelf examination",source_checked,needs_medical_review,Directional educational differential.
DFL-CARD-054,DIS-CARD-053,DIS-CARD-054,PRS-004,Both can present through the same cardiovascular syndrome and require prompt physiologic classification.,"Wolff-Parkinson-White syndrome is favored by its defining ECG, imaging, hemodynamic, or examination pattern; Multifocal atrial tachycardia is favored by its competing pattern.",true,1,adult or pediatric context as specified by the disease record,"Internal Medicine, Emergency Medicine, Cardiology, or Pediatrics as applicable","Step 1, Step 2 CK, Step 3, and relevant shelf examination",source_checked,needs_medical_review,Directional educational differential.
DFL-CARD-055,DIS-CARD-054,DIS-CARD-055,PRS-004,Both can present through the same cardiovascular syndrome and require prompt physiologic classification.,"Multifocal atrial tachycardia is favored by its defining ECG, imaging, hemodynamic, or examination pattern; Sinus tachycardia is favored by its competing pattern.",true,1,adult or pediatric context as specified by the disease record,"Internal Medicine, Emergency Medicine, Cardiology, or Pediatrics as applicable","Step 1, Step 2 CK, Step 3, and relevant shelf examination",source_checked,needs_medical_review,Directional educational differential.
DFL-CARD-056,DIS-CARD-055,DIS-CARD-056,PRS-004,Both can present through the same cardiovascular syndrome and require prompt physiologic classification.,"Sinus tachycardia is favored by its defining ECG, imaging, hemodynamic, or examination pattern; Premature ventricular contractions is favored by its competing pattern.",true,1,adult or pediatric context as specified by the disease record,"Internal Medicine, Emergency Medicine, Cardiology, or Pediatrics as applicable","Step 1, Step 2 CK, Step 3, and relevant shelf examination",source_checked,needs_medical_review,Directional educational differential.
DFL-CARD-057,DIS-CARD-056,DIS-CARD-057,PRS-004,Both can present through the same cardiovascular syndrome and require prompt physiologic classification.,"Premature ventricular contractions is favored by its defining ECG, imaging, hemodynamic, or examination pattern; Monomorphic ventricular tachycardia is favored by its competing pattern.",true,1,adult or pediatric context as specified by the disease record,"Internal Medicine, Emergency Medicine, Cardiology, or Pediatrics as applicable","Step 1, Step 2 CK, Step 3, and relevant shelf examination",source_checked,needs_medical_review,Directional educational differential.
DFL-CARD-058,DIS-CARD-057,DIS-CARD-058,PRS-004,Both can present through the same cardiovascular syndrome and require prompt physiologic classification.,"Monomorphic ventricular tachycardia is favored by its defining ECG, imaging, hemodynamic, or examination pattern; Polymorphic ventricular tachycardia is favored by its competing pattern.",true,1,adult or pediatric context as specified by the disease record,"Internal Medicine, Emergency Medicine, Cardiology, or Pediatrics as applicable","Step 1, Step 2 CK, Step 3, and relevant shelf examination",source_checked,needs_medical_review,Directional educational differential.
DFL-CARD-059,DIS-CARD-058,DIS-CARD-059,PRS-004,Both can present through the same cardiovascular syndrome and require prompt physiologic classification.,"Polymorphic ventricular tachycardia is favored by its defining ECG, imaging, hemodynamic, or examination pattern; Torsades de pointes is favored by its competing pattern.",true,1,adult or pediatric context as specified by the disease record,"Internal Medicine, Emergency Medicine, Cardiology, or Pediatrics as applicable","Step 1, Step 2 CK, Step 3, and relevant shelf examination",source_checked,needs_medical_review,Directional educational differential.
DFL-CARD-060,DIS-CARD-059,DIS-CARD-060,PRS-003,Both can present through the same cardiovascular syndrome and require prompt physiologic classification.,"Torsades de pointes is favored by its defining ECG, imaging, hemodynamic, or examination pattern; Ventricular fibrillation is favored by its competing pattern.",true,1,adult or pediatric context as specified by the disease record,"Internal Medicine, Emergency Medicine, Cardiology, or Pediatrics as applicable","Step 1, Step 2 CK, Step 3, and relevant shelf examination",source_checked,needs_medical_review,Directional educational differential.
DFL-CARD-061,DIS-CARD-060,DIS-CARD-061,PRS-035,Both can present through the same cardiovascular syndrome and require prompt physiologic classification.,"Ventricular fibrillation is favored by its defining ECG, imaging, hemodynamic, or examination pattern; Sick sinus syndrome is favored by its competing pattern.",true,1,adult or pediatric context as specified by the disease record,"Internal Medicine, Emergency Medicine, Cardiology, or Pediatrics as applicable","Step 1, Step 2 CK, Step 3, and relevant shelf examination",source_checked,needs_medical_review,Directional educational differential.
DFL-CARD-062,DIS-CARD-061,DIS-CARD-062,PRS-003,Both can present through the same cardiovascular syndrome and require prompt physiologic classification.,"Sick sinus syndrome is favored by its defining ECG, imaging, hemodynamic, or examination pattern; First-degree AV block is favored by its competing pattern.",true,1,adult or pediatric context as specified by the disease record,"Internal Medicine, Emergency Medicine, Cardiology, or Pediatrics as applicable","Step 1, Step 2 CK, Step 3, and relevant shelf examination",source_checked,needs_medical_review,Directional educational differential.
DFL-CARD-063,DIS-CARD-062,DIS-CARD-063,PRS-CARD-041,Both can present through the same cardiovascular syndrome and require prompt physiologic classification.,"First-degree AV block is favored by its defining ECG, imaging, hemodynamic, or examination pattern; Mobitz I block is favored by its competing pattern.",true,1,adult or pediatric context as specified by the disease record,"Internal Medicine, Emergency Medicine, Cardiology, or Pediatrics as applicable","Step 1, Step 2 CK, Step 3, and relevant shelf examination",source_checked,needs_medical_review,Directional educational differential.
DFL-CARD-064,DIS-CARD-063,DIS-CARD-064,PRS-CARD-041,Both can present through the same cardiovascular syndrome and require prompt physiologic classification.,"Mobitz I block is favored by its defining ECG, imaging, hemodynamic, or examination pattern; Mobitz II block is favored by its competing pattern.",true,1,adult or pediatric context as specified by the disease record,"Internal Medicine, Emergency Medicine, Cardiology, or Pediatrics as applicable","Step 1, Step 2 CK, Step 3, and relevant shelf examination",source_checked,needs_medical_review,Directional educational differential.
DFL-CARD-065,DIS-CARD-064,DIS-CARD-065,PRS-CARD-041,Both can present through the same cardiovascular syndrome and require prompt physiologic classification.,"Mobitz II block is favored by its defining ECG, imaging, hemodynamic, or examination pattern; Complete heart block is favored by its competing pattern.",true,1,adult or pediatric context as specified by the disease record,"Internal Medicine, Emergency Medicine, Cardiology, or Pediatrics as applicable","Step 1, Step 2 CK, Step 3, and relevant shelf examination",source_checked,needs_medical_review,Directional educational differential.
DFL-CARD-066,DIS-CARD-065,DIS-CARD-066,PRS-CARD-041,Both can present through the same cardiovascular syndrome and require prompt physiologic classification.,"Complete heart block is favored by its defining ECG, imaging, hemodynamic, or examination pattern; Long-QT syndrome is favored by its competing pattern.",true,1,adult or pediatric context as specified by the disease record,"Internal Medicine, Emergency Medicine, Cardiology, or Pediatrics as applicable","Step 1, Step 2 CK, Step 3, and relevant shelf examination",source_checked,needs_medical_review,Directional educational differential.
DFL-CARD-067,DIS-CARD-066,DIS-CARD-067,PRS-003,Both can present through the same cardiovascular syndrome and require prompt physiologic classification.,"Long-QT syndrome is favored by its defining ECG, imaging, hemodynamic, or examination pattern; Brugada syndrome is favored by its competing pattern.",true,1,adult or pediatric context as specified by the disease record,"Internal Medicine, Emergency Medicine, Cardiology, or Pediatrics as applicable","Step 1, Step 2 CK, Step 3, and relevant shelf examination",source_checked,needs_medical_review,Directional educational differential.
DFL-CARD-068,DIS-CARD-067,DIS-CARD-068,PRS-003,Both can present through the same cardiovascular syndrome and require prompt physiologic classification.,"Brugada syndrome is favored by its defining ECG, imaging, hemodynamic, or examination pattern; Aortic regurgitation is favored by its competing pattern.",true,1,adult or pediatric context as specified by the disease record,"Internal Medicine, Emergency Medicine, Cardiology, or Pediatrics as applicable","Step 1, Step 2 CK, Step 3, and relevant shelf examination",source_checked,needs_medical_review,Directional educational differential.
DFL-CARD-069,DIS-CARD-068,DIS-CARD-069,PRS-CARD-048,Both can present through the same cardiovascular syndrome and require prompt physiologic classification.,"Aortic regurgitation is favored by its defining ECG, imaging, hemodynamic, or examination pattern; Mitral stenosis is favored by its competing pattern.",false,1,adult or pediatric context as specified by the disease record,"Internal Medicine, Emergency Medicine, Cardiology, or Pediatrics as applicable","Step 1, Step 2 CK, Step 3, and relevant shelf examination",source_checked,needs_medical_review,Directional educational differential.
DFL-CARD-070,DIS-CARD-069,DIS-C-0014,PRS-CARD-048,Both can present through the same cardiovascular syndrome and require prompt physiologic classification.,"Mitral stenosis is favored by its defining ECG, imaging, hemodynamic, or examination pattern; Mitral regurgitation is favored by its competing pattern.",false,1,adult or pediatric context as specified by the disease record,"Internal Medicine, Emergency Medicine, Cardiology, or Pediatrics as applicable","Step 1, Step 2 CK, Step 3, and relevant shelf examination",source_checked,needs_medical_review,Directional educational differential.
DFL-CARD-071,DIS-C-0014,DIS-CARD-071,PRS-CARD-048,Both can present through the same cardiovascular syndrome and require prompt physiologic classification.,"Mitral regurgitation is favored by its defining ECG, imaging, hemodynamic, or examination pattern; Mitral valve prolapse is favored by its competing pattern.",false,1,adult or pediatric context as specified by the disease record,"Internal Medicine, Emergency Medicine, Cardiology, or Pediatrics as applicable","Step 1, Step 2 CK, Step 3, and relevant shelf examination",source_checked,needs_medical_review,Directional educational differential.
DFL-CARD-072,DIS-CARD-071,DIS-CARD-072,PRS-004,Both can present through the same cardiovascular syndrome and require prompt physiologic classification.,"Mitral valve prolapse is favored by its defining ECG, imaging, hemodynamic, or examination pattern; Tricuspid regurgitation is favored by its competing pattern.",false,1,adult or pediatric context as specified by the disease record,"Internal Medicine, Emergency Medicine, Cardiology, or Pediatrics as applicable","Step 1, Step 2 CK, Step 3, and relevant shelf examination",source_checked,needs_medical_review,Directional educational differential.
DFL-CARD-073,DIS-CARD-072,DIS-CARD-073,PRS-CARD-049,Both can present through the same cardiovascular syndrome and require prompt physiologic classification.,"Tricuspid regurgitation is favored by its defining ECG, imaging, hemodynamic, or examination pattern; Tricuspid stenosis is favored by its competing pattern.",false,1,adult or pediatric context as specified by the disease record,"Internal Medicine, Emergency Medicine, Cardiology, or Pediatrics as applicable","Step 1, Step 2 CK, Step 3, and relevant shelf examination",source_checked,needs_medical_review,Directional educational differential.
DFL-CARD-074,DIS-CARD-073,DIS-CARD-074,PRS-CARD-049,Both can present through the same cardiovascular syndrome and require prompt physiologic classification.,"Tricuspid stenosis is favored by its defining ECG, imaging, hemodynamic, or examination pattern; Pulmonic stenosis is favored by its competing pattern.",false,1,adult or pediatric context as specified by the disease record,"Internal Medicine, Emergency Medicine, Cardiology, or Pediatrics as applicable","Step 1, Step 2 CK, Step 3, and relevant shelf examination",source_checked,needs_medical_review,Directional educational differential.
DFL-CARD-075,DIS-CARD-074,DIS-CARD-075,PRS-CARD-048,Both can present through the same cardiovascular syndrome and require prompt physiologic classification.,"Pulmonic stenosis is favored by its defining ECG, imaging, hemodynamic, or examination pattern; Prosthetic valve complication is favored by its competing pattern.",false,1,adult or pediatric context as specified by the disease record,"Internal Medicine, Emergency Medicine, Cardiology, or Pediatrics as applicable","Step 1, Step 2 CK, Step 3, and relevant shelf examination",source_checked,needs_medical_review,Directional educational differential.
DFL-CARD-076,DIS-CARD-075,DIS-CARD-076,PRS-CARD-048,Both can present through the same cardiovascular syndrome and require prompt physiologic classification.,"Prosthetic valve complication is favored by its defining ECG, imaging, hemodynamic, or examination pattern; Prosthetic-valve endocarditis is favored by its competing pattern.",false,1,adult or pediatric context as specified by the disease record,"Internal Medicine, Emergency Medicine, Cardiology, or Pediatrics as applicable","Step 1, Step 2 CK, Step 3, and relevant shelf examination",source_checked,needs_medical_review,Directional educational differential.
DFL-CARD-077,DIS-CARD-076,DIS-CARD-077,PRS-005,Both can present through the same cardiovascular syndrome and require prompt physiologic classification.,"Prosthetic-valve endocarditis is favored by its defining ECG, imaging, hemodynamic, or examination pattern; Right-sided endocarditis is favored by its competing pattern.",false,1,adult or pediatric context as specified by the disease record,"Internal Medicine, Emergency Medicine, Cardiology, or Pediatrics as applicable","Step 1, Step 2 CK, Step 3, and relevant shelf examination",source_checked,needs_medical_review,Directional educational differential.
DFL-CARD-078,DIS-CARD-077,DIS-CARD-078,PRS-005,Both can present through the same cardiovascular syndrome and require prompt physiologic classification.,"Right-sided endocarditis is favored by its defining ECG, imaging, hemodynamic, or examination pattern; Culture-negative endocarditis is favored by its competing pattern.",false,1,adult or pediatric context as specified by the disease record,"Internal Medicine, Emergency Medicine, Cardiology, or Pediatrics as applicable","Step 1, Step 2 CK, Step 3, and relevant shelf examination",source_checked,needs_medical_review,Directional educational differential.
DFL-CARD-079,DIS-CARD-078,DIS-CARD-079,PRS-005,Both can present through the same cardiovascular syndrome and require prompt physiologic classification.,"Culture-negative endocarditis is favored by its defining ECG, imaging, hemodynamic, or examination pattern; Nonbacterial thrombotic endocarditis is favored by its competing pattern.",false,1,adult or pediatric context as specified by the disease record,"Internal Medicine, Emergency Medicine, Cardiology, or Pediatrics as applicable","Step 1, Step 2 CK, Step 3, and relevant shelf examination",source_checked,needs_medical_review,Directional educational differential.
DFL-CARD-080,DIS-CARD-079,DIS-CARD-080,PRS-008,Both can present through the same cardiovascular syndrome and require prompt physiologic classification.,"Nonbacterial thrombotic endocarditis is favored by its defining ECG, imaging, hemodynamic, or examination pattern; Libman-Sacks endocarditis is favored by its competing pattern.",false,1,adult or pediatric context as specified by the disease record,"Internal Medicine, Emergency Medicine, Cardiology, or Pediatrics as applicable","Step 1, Step 2 CK, Step 3, and relevant shelf examination",source_checked,needs_medical_review,Directional educational differential.
DFL-CARD-081,DIS-CARD-080,DIS-CARD-081,PRS-CARD-048,Both can present through the same cardiovascular syndrome and require prompt physiologic classification.,"Libman-Sacks endocarditis is favored by its defining ECG, imaging, hemodynamic, or examination pattern; Rheumatic fever is favored by its competing pattern.",false,1,adult or pediatric context as specified by the disease record,"Internal Medicine, Emergency Medicine, Cardiology, or Pediatrics as applicable","Step 1, Step 2 CK, Step 3, and relevant shelf examination",source_checked,needs_medical_review,Directional educational differential.
DFL-CARD-082,DIS-CARD-081,DIS-CARD-082,PRS-005,Both can present through the same cardiovascular syndrome and require prompt physiologic classification.,"Rheumatic fever is favored by its defining ECG, imaging, hemodynamic, or examination pattern; Rheumatic heart disease is favored by its competing pattern.",false,1,adult or pediatric context as specified by the disease record,"Internal Medicine, Emergency Medicine, Cardiology, or Pediatrics as applicable","Step 1, Step 2 CK, Step 3, and relevant shelf examination",source_checked,needs_medical_review,Directional educational differential.
DFL-CARD-083,DIS-CARD-082,DIS-CARD-083,PRS-CARD-048,Both can present through the same cardiovascular syndrome and require prompt physiologic classification.,"Rheumatic heart disease is favored by its defining ECG, imaging, hemodynamic, or examination pattern; Ventricular septal defect is favored by its competing pattern.",false,1,adult or pediatric context as specified by the disease record,"Internal Medicine, Emergency Medicine, Cardiology, or Pediatrics as applicable","Step 1, Step 2 CK, Step 3, and relevant shelf examination",source_checked,needs_medical_review,Directional educational differential.
DFL-CARD-084,DIS-CARD-083,DIS-CARD-084,PRS-CARD-048,Both can present through the same cardiovascular syndrome and require prompt physiologic classification.,"Ventricular septal defect is favored by its defining ECG, imaging, hemodynamic, or examination pattern; Atrial septal defect is favored by its competing pattern.",false,1,adult or pediatric context as specified by the disease record,"Internal Medicine, Emergency Medicine, Cardiology, or Pediatrics as applicable","Step 1, Step 2 CK, Step 3, and relevant shelf examination",source_checked,needs_medical_review,Directional educational differential.
DFL-CARD-085,DIS-CARD-084,DIS-CARD-085,PRS-CARD-048,Both can present through the same cardiovascular syndrome and require prompt physiologic classification.,"Atrial septal defect is favored by its defining ECG, imaging, hemodynamic, or examination pattern; Patent ductus arteriosus is favored by its competing pattern.",false,1,adult or pediatric context as specified by the disease record,"Internal Medicine, Emergency Medicine, Cardiology, or Pediatrics as applicable","Step 1, Step 2 CK, Step 3, and relevant shelf examination",source_checked,needs_medical_review,Directional educational differential.
DFL-CARD-086,DIS-CARD-085,DIS-CARD-086,PRS-CARD-048,Both can present through the same cardiovascular syndrome and require prompt physiologic classification.,"Patent ductus arteriosus is favored by its defining ECG, imaging, hemodynamic, or examination pattern; Coarctation of the aorta is favored by its competing pattern.",false,1,adult or pediatric context as specified by the disease record,"Internal Medicine, Emergency Medicine, Cardiology, or Pediatrics as applicable","Step 1, Step 2 CK, Step 3, and relevant shelf examination",source_checked,needs_medical_review,Directional educational differential.
DFL-CARD-087,DIS-CARD-086,DIS-CARD-087,PRS-CARD-045,Both can present through the same cardiovascular syndrome and require prompt physiologic classification.,"Coarctation of the aorta is favored by its defining ECG, imaging, hemodynamic, or examination pattern; Tetralogy of Fallot is favored by its competing pattern.",false,1,adult or pediatric context as specified by the disease record,"Internal Medicine, Emergency Medicine, Cardiology, or Pediatrics as applicable","Step 1, Step 2 CK, Step 3, and relevant shelf examination",source_checked,needs_medical_review,Directional educational differential.
DFL-CARD-088,DIS-CARD-087,DIS-CARD-088,PRS-CARD-042,Both can present through the same cardiovascular syndrome and require prompt physiologic classification.,"Tetralogy of Fallot is favored by its defining ECG, imaging, hemodynamic, or examination pattern; Transposition of the great arteries is favored by its competing pattern.",false,1,adult or pediatric context as specified by the disease record,"Internal Medicine, Emergency Medicine, Cardiology, or Pediatrics as applicable","Step 1, Step 2 CK, Step 3, and relevant shelf examination",source_checked,needs_medical_review,Directional educational differential.
DFL-CARD-089,DIS-CARD-088,DIS-CARD-089,PRS-CARD-042,Both can present through the same cardiovascular syndrome and require prompt physiologic classification.,"Transposition of the great arteries is favored by its defining ECG, imaging, hemodynamic, or examination pattern; Truncus arteriosus is favored by its competing pattern.",false,1,adult or pediatric context as specified by the disease record,"Internal Medicine, Emergency Medicine, Cardiology, or Pediatrics as applicable","Step 1, Step 2 CK, Step 3, and relevant shelf examination",source_checked,needs_medical_review,Directional educational differential.
DFL-CARD-090,DIS-CARD-089,DIS-CARD-090,PRS-CARD-042,Both can present through the same cardiovascular syndrome and require prompt physiologic classification.,"Truncus arteriosus is favored by its defining ECG, imaging, hemodynamic, or examination pattern; Tricuspid atresia is favored by its competing pattern.",false,1,adult or pediatric context as specified by the disease record,"Internal Medicine, Emergency Medicine, Cardiology, or Pediatrics as applicable","Step 1, Step 2 CK, Step 3, and relevant shelf examination",source_checked,needs_medical_review,Directional educational differential.
DFL-CARD-091,DIS-CARD-090,DIS-CARD-091,PRS-CARD-042,Both can present through the same cardiovascular syndrome and require prompt physiologic classification.,"Tricuspid atresia is favored by its defining ECG, imaging, hemodynamic, or examination pattern; Total anomalous pulmonary venous return is favored by its competing pattern.",false,1,adult or pediatric context as specified by the disease record,"Internal Medicine, Emergency Medicine, Cardiology, or Pediatrics as applicable","Step 1, Step 2 CK, Step 3, and relevant shelf examination",source_checked,needs_medical_review,Directional educational differential.
DFL-CARD-092,DIS-CARD-091,DIS-CARD-092,PRS-CARD-042,Both can present through the same cardiovascular syndrome and require prompt physiologic classification.,"Total anomalous pulmonary venous return is favored by its defining ECG, imaging, hemodynamic, or examination pattern; Ebstein anomaly is favored by its competing pattern.",false,1,adult or pediatric context as specified by the disease record,"Internal Medicine, Emergency Medicine, Cardiology, or Pediatrics as applicable","Step 1, Step 2 CK, Step 3, and relevant shelf examination",source_checked,needs_medical_review,Directional educational differential.
DFL-CARD-093,DIS-CARD-092,DIS-CARD-093,PRS-CARD-042,Both can present through the same cardiovascular syndrome and require prompt physiologic classification.,"Ebstein anomaly is favored by its defining ECG, imaging, hemodynamic, or examination pattern; Eisenmenger syndrome is favored by its competing pattern.",false,1,adult or pediatric context as specified by the disease record,"Internal Medicine, Emergency Medicine, Cardiology, or Pediatrics as applicable","Step 1, Step 2 CK, Step 3, and relevant shelf examination",source_checked,needs_medical_review,Directional educational differential.
DFL-CARD-094,DIS-CARD-093,DIS-CARD-094,PRS-CARD-042,Both can present through the same cardiovascular syndrome and require prompt physiologic classification.,"Eisenmenger syndrome is favored by its defining ECG, imaging, hemodynamic, or examination pattern; Bicuspid aortic valve is favored by its competing pattern.",false,1,adult or pediatric context as specified by the disease record,"Internal Medicine, Emergency Medicine, Cardiology, or Pediatrics as applicable","Step 1, Step 2 CK, Step 3, and relevant shelf examination",source_checked,needs_medical_review,Directional educational differential.
DFL-CARD-095,DIS-CARD-094,DIS-CARD-095,PRS-CARD-048,Both can present through the same cardiovascular syndrome and require prompt physiologic classification.,"Bicuspid aortic valve is favored by its defining ECG, imaging, hemodynamic, or examination pattern; Obstructive shock is favored by its competing pattern.",false,1,adult or pediatric context as specified by the disease record,"Internal Medicine, Emergency Medicine, Cardiology, or Pediatrics as applicable","Step 1, Step 2 CK, Step 3, and relevant shelf examination",source_checked,needs_medical_review,Directional educational differential.
DFL-CARD-096,DIS-CARD-095,DIS-CARD-096,PRS-035,Both can present through the same cardiovascular syndrome and require prompt physiologic classification.,"Obstructive shock is favored by its defining ECG, imaging, hemodynamic, or examination pattern; Arrhythmic syncope is favored by its competing pattern.",true,1,adult or pediatric context as specified by the disease record,"Internal Medicine, Emergency Medicine, Cardiology, or Pediatrics as applicable","Step 1, Step 2 CK, Step 3, and relevant shelf examination",source_checked,needs_medical_review,Directional educational differential.
DFL-CARD-097,DIS-CARD-096,DIS-CARD-097,PRS-003,Both can present through the same cardiovascular syndrome and require prompt physiologic classification.,"Arrhythmic syncope is favored by its defining ECG, imaging, hemodynamic, or examination pattern; Vasovagal syncope is favored by its competing pattern.",true,1,adult or pediatric context as specified by the disease record,"Internal Medicine, Emergency Medicine, Cardiology, or Pediatrics as applicable","Step 1, Step 2 CK, Step 3, and relevant shelf examination",source_checked,needs_medical_review,Directional educational differential.
DFL-CARD-098,DIS-CARD-097,DIS-CARD-098,PRS-003,Both can present through the same cardiovascular syndrome and require prompt physiologic classification.,"Vasovagal syncope is favored by its defining ECG, imaging, hemodynamic, or examination pattern; Orthostatic syncope is favored by its competing pattern.",true,1,adult or pediatric context as specified by the disease record,"Internal Medicine, Emergency Medicine, Cardiology, or Pediatrics as applicable","Step 1, Step 2 CK, Step 3, and relevant shelf examination",source_checked,needs_medical_review,Directional educational differential.
DFL-CARD-099,DIS-CARD-098,DIS-CARD-099,PRS-003,Both can present through the same cardiovascular syndrome and require prompt physiologic classification.,"Orthostatic syncope is favored by its defining ECG, imaging, hemodynamic, or examination pattern; Aortic stenosis-associated syncope is favored by its competing pattern.",true,1,adult or pediatric context as specified by the disease record,"Internal Medicine, Emergency Medicine, Cardiology, or Pediatrics as applicable","Step 1, Step 2 CK, Step 3, and relevant shelf examination",source_checked,needs_medical_review,Directional educational differential.
DFL-CARD-100,DIS-CARD-099,DIS-CARD-100,PRS-003,Both can present through the same cardiovascular syndrome and require prompt physiologic classification.,"Aortic stenosis-associated syncope is favored by its defining ECG, imaging, hemodynamic, or examination pattern; Hypertrophic cardiomyopathy-associated syncope is favored by its competing pattern.",true,1,adult or pediatric context as specified by the disease record,"Internal Medicine, Emergency Medicine, Cardiology, or Pediatrics as applicable","Step 1, Step 2 CK, Step 3, and relevant shelf examination",source_checked,needs_medical_review,Directional educational differential.
DFL-CARD-101,DIS-CARD-100,DIS-CARD-001,PRS-003,Both can present through the same cardiovascular syndrome and require prompt physiologic classification.,"Hypertrophic cardiomyopathy-associated syncope is favored by its defining ECG, imaging, hemodynamic, or examination pattern; Stable angina is favored by its competing pattern.",true,1,adult or pediatric context as specified by the disease record,"Internal Medicine, Emergency Medicine, Cardiology, or Pediatrics as applicable","Step 1, Step 2 CK, Step 3, and relevant shelf examination",source_checked,needs_medical_review,Directional educational differential.
