disease_presentation_id,disease_id,presentation_id,source_review_status,medical_review_status,relationship_role,typicality,frequency_category,acuity,age_context,pregnancy_context,clinical_setting,key_positive_clues,key_negative_clues,cannot_miss,step_levels,subject_exams,source_status
DPR-0015,DIS-C-0015,PRS-015,draft_ai_generated,draft_ai_generated,common,typical,common,variable,all ages as clinically relevant,not specific,"outpatient, emergency, or inpatient according to acuity",Use the linked disease illness script and localizing findings.,Interpret key absent findings in clinical context.,false,Step 1; Step 2 CK; Step 3,Internal Medicine; Surgery; Family Medicine; Pediatrics; Neurology; Emergency Medicine,partially_source_supported
DPR-0016,DIS-P-0016,PRS-016,draft_ai_generated,draft_ai_generated,common,typical,common,variable,all ages as clinically relevant,not specific,"outpatient, emergency, or inpatient according to acuity",Use the linked disease illness script and localizing findings.,Interpret key absent findings in clinical context.,false,Step 1; Step 2 CK; Step 3,Internal Medicine; Surgery; Family Medicine; Pediatrics; Neurology; Emergency Medicine,partially_source_supported
DPR-0017,DIS-P-0017,PRS-017,draft_ai_generated,draft_ai_generated,common,typical,common,variable,all ages as clinically relevant,not specific,"outpatient, emergency, or inpatient according to acuity",Use the linked disease illness script and localizing findings.,Interpret key absent findings in clinical context.,false,Step 1; Step 2 CK; Step 3,Internal Medicine; Surgery; Family Medicine; Pediatrics; Neurology; Emergency Medicine,partially_source_supported
DPR-0018,DIS-P-0018,PRS-018,draft_ai_generated,draft_ai_generated,common,typical,common,variable,all ages as clinically relevant,not specific,"outpatient, emergency, or inpatient according to acuity",Use the linked disease illness script and localizing findings.,Interpret key absent findings in clinical context.,false,Step 1; Step 2 CK; Step 3,Internal Medicine; Surgery; Family Medicine; Pediatrics; Neurology; Emergency Medicine,partially_source_supported
DPR-0019,DIS-P-0019,PRS-019,draft_ai_generated,draft_ai_generated,common,typical,common,variable,all ages as clinically relevant,not specific,"outpatient, emergency, or inpatient according to acuity",Use the linked disease illness script and localizing findings.,Interpret key absent findings in clinical context.,false,Step 1; Step 2 CK; Step 3,Internal Medicine; Surgery; Family Medicine; Pediatrics; Neurology; Emergency Medicine,partially_source_supported
DPR-0020,DIS-P-0020,PRS-020,draft_ai_generated,draft_ai_generated,common,typical,common,variable,all ages as clinically relevant,not specific,"outpatient, emergency, or inpatient according to acuity",Use the linked disease illness script and localizing findings.,Interpret key absent findings in clinical context.,false,Step 1; Step 2 CK; Step 3,Internal Medicine; Surgery; Family Medicine; Pediatrics; Neurology; Emergency Medicine,partially_source_supported
DPR-0021,DIS-P-0021,PRS-021,draft_ai_generated,draft_ai_generated,common,typical,common,variable,all ages as clinically relevant,not specific,"outpatient, emergency, or inpatient according to acuity",Use the linked disease illness script and localizing findings.,Interpret key absent findings in clinical context.,false,Step 1; Step 2 CK; Step 3,Internal Medicine; Surgery; Family Medicine; Pediatrics; Neurology; Emergency Medicine,partially_source_supported
DPR-0022,DIS-P-0022,PRS-022,draft_ai_generated,draft_ai_generated,common,typical,common,variable,all ages as clinically relevant,not specific,"outpatient, emergency, or inpatient according to acuity",Use the linked disease illness script and localizing findings.,Interpret key absent findings in clinical context.,false,Step 1; Step 2 CK; Step 3,Internal Medicine; Surgery; Family Medicine; Pediatrics; Neurology; Emergency Medicine,partially_source_supported
DPR-0024,DIS-P-0024,PRS-024,draft_ai_generated,draft_ai_generated,common,typical,common,variable,all ages as clinically relevant,not specific,"outpatient, emergency, or inpatient according to acuity",Use the linked disease illness script and localizing findings.,Interpret key absent findings in clinical context.,false,Step 1; Step 2 CK; Step 3,Internal Medicine; Surgery; Family Medicine; Pediatrics; Neurology; Emergency Medicine,partially_source_supported
DPR-0025,DIS-P-0025,PRS-025,draft_ai_generated,draft_ai_generated,common,typical,common,variable,all ages as clinically relevant,not specific,"outpatient, emergency, or inpatient according to acuity",Use the linked disease illness script and localizing findings.,Interpret key absent findings in clinical context.,false,Step 1; Step 2 CK; Step 3,Internal Medicine; Surgery; Family Medicine; Pediatrics; Neurology; Emergency Medicine,partially_source_supported
DPR-0026,DIS-G-0026,PRS-026,draft_ai_generated,draft_ai_generated,common,typical,common,variable,all ages as clinically relevant,not specific,"outpatient, emergency, or inpatient according to acuity",Use the linked disease illness script and localizing findings.,Interpret key absent findings in clinical context.,false,Step 1; Step 2 CK; Step 3,Internal Medicine; Surgery; Family Medicine; Pediatrics; Neurology; Emergency Medicine,partially_source_supported
DPR-0027,DIS-G-0027,PRS-027,draft_ai_generated,draft_ai_generated,common,typical,common,variable,all ages as clinically relevant,not specific,"outpatient, emergency, or inpatient according to acuity",Use the linked disease illness script and localizing findings.,Interpret key absent findings in clinical context.,false,Step 1; Step 2 CK; Step 3,Internal Medicine; Surgery; Family Medicine; Pediatrics; Neurology; Emergency Medicine,partially_source_supported
DPR-0028,DIS-G-0028,PRS-028,draft_ai_generated,draft_ai_generated,common,typical,common,variable,all ages as clinically relevant,not specific,"outpatient, emergency, or inpatient according to acuity",Use the linked disease illness script and localizing findings.,Interpret key absent findings in clinical context.,false,Step 1; Step 2 CK; Step 3,Internal Medicine; Surgery; Family Medicine; Pediatrics; Neurology; Emergency Medicine,partially_source_supported
DPR-0029,DIS-G-0029,PRS-029,draft_ai_generated,draft_ai_generated,common,typical,common,variable,all ages as clinically relevant,not specific,"outpatient, emergency, or inpatient according to acuity",Use the linked disease illness script and localizing findings.,Interpret key absent findings in clinical context.,false,Step 1; Step 2 CK; Step 3,Internal Medicine; Surgery; Family Medicine; Pediatrics; Neurology; Emergency Medicine,partially_source_supported
DPR-0030,DIS-G-0030,PRS-030,draft_ai_generated,draft_ai_generated,common,typical,common,variable,all ages as clinically relevant,not specific,"outpatient, emergency, or inpatient according to acuity",Use the linked disease illness script and localizing findings.,Interpret key absent findings in clinical context.,false,Step 1; Step 2 CK; Step 3,Internal Medicine; Surgery; Family Medicine; Pediatrics; Neurology; Emergency Medicine,partially_source_supported
DPR-0031,DIS-G-0031,PRS-031,draft_ai_generated,draft_ai_generated,common,typical,common,variable,all ages as clinically relevant,not specific,"outpatient, emergency, or inpatient according to acuity",Use the linked disease illness script and localizing findings.,Interpret key absent findings in clinical context.,false,Step 1; Step 2 CK; Step 3,Internal Medicine; Surgery; Family Medicine; Pediatrics; Neurology; Emergency Medicine,partially_source_supported
DPR-0032,DIS-G-0032,PRS-032,draft_ai_generated,draft_ai_generated,common,typical,common,variable,all ages as clinically relevant,not specific,"outpatient, emergency, or inpatient according to acuity",Use the linked disease illness script and localizing findings.,Interpret key absent findings in clinical context.,false,Step 1; Step 2 CK; Step 3,Internal Medicine; Surgery; Family Medicine; Pediatrics; Neurology; Emergency Medicine,partially_source_supported
DPR-0033,DIS-G-0033,PRS-033,draft_ai_generated,draft_ai_generated,common,typical,common,variable,all ages as clinically relevant,not specific,"outpatient, emergency, or inpatient according to acuity",Use the linked disease illness script and localizing findings.,Interpret key absent findings in clinical context.,false,Step 1; Step 2 CK; Step 3,Internal Medicine; Surgery; Family Medicine; Pediatrics; Neurology; Emergency Medicine,partially_source_supported
DPR-0034,DIS-G-0034,PRS-034,draft_ai_generated,draft_ai_generated,common,typical,common,variable,all ages as clinically relevant,not specific,"outpatient, emergency, or inpatient according to acuity",Use the linked disease illness script and localizing findings.,Interpret key absent findings in clinical context.,false,Step 1; Step 2 CK; Step 3,Internal Medicine; Surgery; Family Medicine; Pediatrics; Neurology; Emergency Medicine,partially_source_supported
DPR-0035,DIS-G-0035,PRS-035,draft_ai_generated,draft_ai_generated,common,typical,common,variable,all ages as clinically relevant,not specific,"outpatient, emergency, or inpatient according to acuity",Use the linked disease illness script and localizing findings.,Interpret key absent findings in clinical context.,false,Step 1; Step 2 CK; Step 3,Internal Medicine; Surgery; Family Medicine; Pediatrics; Neurology; Emergency Medicine,partially_source_supported
DPR-0036,DIS-G-0036,PRS-036,draft_ai_generated,draft_ai_generated,common,typical,common,variable,all ages as clinically relevant,not specific,"outpatient, emergency, or inpatient according to acuity",Use the linked disease illness script and localizing findings.,Interpret key absent findings in clinical context.,false,Step 1; Step 2 CK; Step 3,Internal Medicine; Surgery; Family Medicine; Pediatrics; Neurology; Emergency Medicine,partially_source_supported
DPR-0037,DIS-G-0037,PRS-037,draft_ai_generated,draft_ai_generated,common,typical,common,variable,all ages as clinically relevant,not specific,"outpatient, emergency, or inpatient according to acuity",Use the linked disease illness script and localizing findings.,Interpret key absent findings in clinical context.,false,Step 1; Step 2 CK; Step 3,Internal Medicine; Surgery; Family Medicine; Pediatrics; Neurology; Emergency Medicine,partially_source_supported
DPR-0048,DIS-E-0048,PRS-008,draft_ai_generated,draft_ai_generated,common,typical,common,variable,all ages as clinically relevant,not specific,"outpatient, emergency, or inpatient according to acuity",Use the linked disease illness script and localizing findings.,Interpret key absent findings in clinical context.,false,Step 1; Step 2 CK; Step 3,Internal Medicine; Surgery; Family Medicine; Pediatrics; Neurology; Emergency Medicine,partially_source_supported
DPR-0049,DIS-E-0049,PRS-009,draft_ai_generated,draft_ai_generated,common,typical,common,variable,all ages as clinically relevant,not specific,"outpatient, emergency, or inpatient according to acuity",Use the linked disease illness script and localizing findings.,Interpret key absent findings in clinical context.,false,Step 1; Step 2 CK; Step 3,Internal Medicine; Surgery; Family Medicine; Pediatrics; Neurology; Emergency Medicine,partially_source_supported
DPR-0050,DIS-E-0050,PRS-010,draft_ai_generated,draft_ai_generated,common,typical,common,variable,all ages as clinically relevant,not specific,"outpatient, emergency, or inpatient according to acuity",Use the linked disease illness script and localizing findings.,Interpret key absent findings in clinical context.,false,Step 1; Step 2 CK; Step 3,Internal Medicine; Surgery; Family Medicine; Pediatrics; Neurology; Emergency Medicine,partially_source_supported
DPR-0051,DIS-E-0051,PRS-011,draft_ai_generated,draft_ai_generated,common,typical,common,variable,all ages as clinically relevant,not specific,"outpatient, emergency, or inpatient according to acuity",Use the linked disease illness script and localizing findings.,Interpret key absent findings in clinical context.,false,Step 1; Step 2 CK; Step 3,Internal Medicine; Surgery; Family Medicine; Pediatrics; Neurology; Emergency Medicine,partially_source_supported
DPR-0052,DIS-E-0052,PRS-012,draft_ai_generated,draft_ai_generated,common,typical,common,variable,all ages as clinically relevant,not specific,"outpatient, emergency, or inpatient according to acuity",Use the linked disease illness script and localizing findings.,Interpret key absent findings in clinical context.,false,Step 1; Step 2 CK; Step 3,Internal Medicine; Surgery; Family Medicine; Pediatrics; Neurology; Emergency Medicine,partially_source_supported
DPR-0053,DIS-E-0053,PRS-013,draft_ai_generated,draft_ai_generated,common,typical,common,variable,all ages as clinically relevant,not specific,"outpatient, emergency, or inpatient according to acuity",Use the linked disease illness script and localizing findings.,Interpret key absent findings in clinical context.,false,Step 1; Step 2 CK; Step 3,Internal Medicine; Surgery; Family Medicine; Pediatrics; Neurology; Emergency Medicine,partially_source_supported
DPR-0054,DIS-E-0054,PRS-014,draft_ai_generated,draft_ai_generated,common,typical,common,variable,all ages as clinically relevant,not specific,"outpatient, emergency, or inpatient according to acuity",Use the linked disease illness script and localizing findings.,Interpret key absent findings in clinical context.,false,Step 1; Step 2 CK; Step 3,Internal Medicine; Surgery; Family Medicine; Pediatrics; Neurology; Emergency Medicine,partially_source_supported
DPR-0055,DIS-E-0055,PRS-015,draft_ai_generated,draft_ai_generated,common,typical,common,variable,all ages as clinically relevant,not specific,"outpatient, emergency, or inpatient according to acuity",Use the linked disease illness script and localizing findings.,Interpret key absent findings in clinical context.,false,Step 1; Step 2 CK; Step 3,Internal Medicine; Surgery; Family Medicine; Pediatrics; Neurology; Emergency Medicine,partially_source_supported
DPR-0057,DIS-E-0057,PRS-017,draft_ai_generated,draft_ai_generated,common,typical,common,variable,all ages as clinically relevant,not specific,"outpatient, emergency, or inpatient according to acuity",Use the linked disease illness script and localizing findings.,Interpret key absent findings in clinical context.,false,Step 1; Step 2 CK; Step 3,Internal Medicine; Surgery; Family Medicine; Pediatrics; Neurology; Emergency Medicine,partially_source_supported
DPR-0070,DIS-ID-0070,PRS-030,draft_ai_generated,draft_ai_generated,common,typical,common,variable,all ages as clinically relevant,not specific,"outpatient, emergency, or inpatient according to acuity",Use the linked disease illness script and localizing findings.,Interpret key absent findings in clinical context.,false,Step 1; Step 2 CK; Step 3,Internal Medicine; Surgery; Family Medicine; Pediatrics; Neurology; Emergency Medicine,partially_source_supported
DPR-0071,DIS-ID-0071,PRS-031,draft_ai_generated,draft_ai_generated,common,typical,common,variable,all ages as clinically relevant,not specific,"outpatient, emergency, or inpatient according to acuity",Use the linked disease illness script and localizing findings.,Interpret key absent findings in clinical context.,false,Step 1; Step 2 CK; Step 3,Internal Medicine; Surgery; Family Medicine; Pediatrics; Neurology; Emergency Medicine,partially_source_supported
DPR-0072,DIS-ID-0072,PRS-032,draft_ai_generated,draft_ai_generated,common,typical,common,variable,all ages as clinically relevant,not specific,"outpatient, emergency, or inpatient according to acuity",Use the linked disease illness script and localizing findings.,Interpret key absent findings in clinical context.,false,Step 1; Step 2 CK; Step 3,Internal Medicine; Surgery; Family Medicine; Pediatrics; Neurology; Emergency Medicine,partially_source_supported
DPR-0073,DIS-ID-0073,PRS-033,draft_ai_generated,draft_ai_generated,common,typical,common,variable,all ages as clinically relevant,not specific,"outpatient, emergency, or inpatient according to acuity",Use the linked disease illness script and localizing findings.,Interpret key absent findings in clinical context.,false,Step 1; Step 2 CK; Step 3,Internal Medicine; Surgery; Family Medicine; Pediatrics; Neurology; Emergency Medicine,partially_source_supported
DPR-0074,DIS-ID-0074,PRS-034,draft_ai_generated,draft_ai_generated,common,typical,common,variable,all ages as clinically relevant,not specific,"outpatient, emergency, or inpatient according to acuity",Use the linked disease illness script and localizing findings.,Interpret key absent findings in clinical context.,false,Step 1; Step 2 CK; Step 3,Internal Medicine; Surgery; Family Medicine; Pediatrics; Neurology; Emergency Medicine,partially_source_supported
DPR-0075,DIS-ID-0075,PRS-035,draft_ai_generated,draft_ai_generated,common,typical,common,variable,all ages as clinically relevant,not specific,"outpatient, emergency, or inpatient according to acuity",Use the linked disease illness script and localizing findings.,Interpret key absent findings in clinical context.,false,Step 1; Step 2 CK; Step 3,Internal Medicine; Surgery; Family Medicine; Pediatrics; Neurology; Emergency Medicine,partially_source_supported
DPR-0076,DIS-ID-0076,PRS-036,draft_ai_generated,draft_ai_generated,common,typical,common,variable,all ages as clinically relevant,not specific,"outpatient, emergency, or inpatient according to acuity",Use the linked disease illness script and localizing findings.,Interpret key absent findings in clinical context.,false,Step 1; Step 2 CK; Step 3,Internal Medicine; Surgery; Family Medicine; Pediatrics; Neurology; Emergency Medicine,partially_source_supported
DPR-0077,DIS-ID-0077,PRS-037,draft_ai_generated,draft_ai_generated,common,typical,common,variable,all ages as clinically relevant,not specific,"outpatient, emergency, or inpatient according to acuity",Use the linked disease illness script and localizing findings.,Interpret key absent findings in clinical context.,false,Step 1; Step 2 CK; Step 3,Internal Medicine; Surgery; Family Medicine; Pediatrics; Neurology; Emergency Medicine,partially_source_supported
DPR-0078,DIS-ID-0078,PRS-038,draft_ai_generated,draft_ai_generated,common,typical,common,variable,all ages as clinically relevant,not specific,"outpatient, emergency, or inpatient according to acuity",Use the linked disease illness script and localizing findings.,Interpret key absent findings in clinical context.,false,Step 1; Step 2 CK; Step 3,Internal Medicine; Surgery; Family Medicine; Pediatrics; Neurology; Emergency Medicine,partially_source_supported
DPR-0079,DIS-ID-0079,PRS-039,draft_ai_generated,draft_ai_generated,common,typical,common,variable,all ages as clinically relevant,not specific,"outpatient, emergency, or inpatient according to acuity",Use the linked disease illness script and localizing findings.,Interpret key absent findings in clinical context.,false,Step 1; Step 2 CK; Step 3,Internal Medicine; Surgery; Family Medicine; Pediatrics; Neurology; Emergency Medicine,partially_source_supported
DPR-0080,DIS-HO-0080,PRS-040,draft_ai_generated,draft_ai_generated,common,typical,common,variable,all ages as clinically relevant,not specific,"outpatient, emergency, or inpatient according to acuity",Use the linked disease illness script and localizing findings.,Interpret key absent findings in clinical context.,false,Step 1; Step 2 CK; Step 3,Internal Medicine; Surgery; Family Medicine; Pediatrics; Neurology; Emergency Medicine,partially_source_supported
DPR-0081,DIS-HO-0081,PRS-001,draft_ai_generated,draft_ai_generated,common,typical,common,variable,all ages as clinically relevant,not specific,"outpatient, emergency, or inpatient according to acuity",Use the linked disease illness script and localizing findings.,Interpret key absent findings in clinical context.,false,Step 1; Step 2 CK; Step 3,Internal Medicine; Surgery; Family Medicine; Pediatrics; Neurology; Emergency Medicine,partially_source_supported
DPR-0082,DIS-HO-0082,PRS-002,draft_ai_generated,draft_ai_generated,common,typical,common,variable,all ages as clinically relevant,not specific,"outpatient, emergency, or inpatient according to acuity",Use the linked disease illness script and localizing findings.,Interpret key absent findings in clinical context.,false,Step 1; Step 2 CK; Step 3,Internal Medicine; Surgery; Family Medicine; Pediatrics; Neurology; Emergency Medicine,partially_source_supported
DPR-0083,DIS-HO-0083,PRS-003,draft_ai_generated,draft_ai_generated,common,typical,common,variable,all ages as clinically relevant,not specific,"outpatient, emergency, or inpatient according to acuity",Use the linked disease illness script and localizing findings.,Interpret key absent findings in clinical context.,false,Step 1; Step 2 CK; Step 3,Internal Medicine; Surgery; Family Medicine; Pediatrics; Neurology; Emergency Medicine,partially_source_supported
DPR-0084,DIS-HO-0084,PRS-004,draft_ai_generated,draft_ai_generated,common,typical,common,variable,all ages as clinically relevant,not specific,"outpatient, emergency, or inpatient according to acuity",Use the linked disease illness script and localizing findings.,Interpret key absent findings in clinical context.,false,Step 1; Step 2 CK; Step 3,Internal Medicine; Surgery; Family Medicine; Pediatrics; Neurology; Emergency Medicine,partially_source_supported
DPR-0085,DIS-HO-0085,PRS-005,draft_ai_generated,draft_ai_generated,common,typical,common,variable,all ages as clinically relevant,not specific,"outpatient, emergency, or inpatient according to acuity",Use the linked disease illness script and localizing findings.,Interpret key absent findings in clinical context.,false,Step 1; Step 2 CK; Step 3,Internal Medicine; Surgery; Family Medicine; Pediatrics; Neurology; Emergency Medicine,partially_source_supported
DPR-0086,DIS-HO-0086,PRS-006,draft_ai_generated,draft_ai_generated,common,typical,common,variable,all ages as clinically relevant,not specific,"outpatient, emergency, or inpatient according to acuity",Use the linked disease illness script and localizing findings.,Interpret key absent findings in clinical context.,false,Step 1; Step 2 CK; Step 3,Internal Medicine; Surgery; Family Medicine; Pediatrics; Neurology; Emergency Medicine,partially_source_supported
DPR-0087,DIS-HO-0087,PRS-007,draft_ai_generated,draft_ai_generated,common,typical,common,variable,all ages as clinically relevant,not specific,"outpatient, emergency, or inpatient according to acuity",Use the linked disease illness script and localizing findings.,Interpret key absent findings in clinical context.,false,Step 1; Step 2 CK; Step 3,Internal Medicine; Surgery; Family Medicine; Pediatrics; Neurology; Emergency Medicine,partially_source_supported
DPR-0088,DIS-HO-0088,PRS-008,draft_ai_generated,draft_ai_generated,common,typical,common,variable,all ages as clinically relevant,not specific,"outpatient, emergency, or inpatient according to acuity",Use the linked disease illness script and localizing findings.,Interpret key absent findings in clinical context.,false,Step 1; Step 2 CK; Step 3,Internal Medicine; Surgery; Family Medicine; Pediatrics; Neurology; Emergency Medicine,partially_source_supported
DPR-0089,DIS-HO-0089,PRS-009,draft_ai_generated,draft_ai_generated,common,typical,common,variable,all ages as clinically relevant,not specific,"outpatient, emergency, or inpatient according to acuity",Use the linked disease illness script and localizing findings.,Interpret key absent findings in clinical context.,false,Step 1; Step 2 CK; Step 3,Internal Medicine; Surgery; Family Medicine; Pediatrics; Neurology; Emergency Medicine,partially_source_supported
DPR-0098,DIS-P-0098,PRS-018,draft_ai_generated,draft_ai_generated,common,typical,common,variable,all ages as clinically relevant,not specific,"outpatient, emergency, or inpatient according to acuity",Use the linked disease illness script and localizing findings.,Interpret key absent findings in clinical context.,false,Step 1; Step 2 CK; Step 3,Internal Medicine; Surgery; Family Medicine; Pediatrics; Neurology; Emergency Medicine,partially_source_supported
DPR-0099,DIS-P-0099,PRS-019,draft_ai_generated,draft_ai_generated,common,typical,common,variable,all ages as clinically relevant,not specific,"outpatient, emergency, or inpatient according to acuity",Use the linked disease illness script and localizing findings.,Interpret key absent findings in clinical context.,false,Step 1; Step 2 CK; Step 3,Internal Medicine; Surgery; Family Medicine; Pediatrics; Neurology; Emergency Medicine,partially_source_supported
DPR-0100,DIS-P-0100,PRS-020,draft_ai_generated,draft_ai_generated,common,typical,common,variable,all ages as clinically relevant,not specific,"outpatient, emergency, or inpatient according to acuity",Use the linked disease illness script and localizing findings.,Interpret key absent findings in clinical context.,false,Step 1; Step 2 CK; Step 3,Internal Medicine; Surgery; Family Medicine; Pediatrics; Neurology; Emergency Medicine,partially_source_supported
DPR-0101,DIS-P-0101,PRS-021,draft_ai_generated,draft_ai_generated,common,typical,common,variable,all ages as clinically relevant,not specific,"outpatient, emergency, or inpatient according to acuity",Use the linked disease illness script and localizing findings.,Interpret key absent findings in clinical context.,false,Step 1; Step 2 CK; Step 3,Internal Medicine; Surgery; Family Medicine; Pediatrics; Neurology; Emergency Medicine,partially_source_supported
DPR-0102,DIS-P-0102,PRS-022,draft_ai_generated,draft_ai_generated,common,typical,common,variable,all ages as clinically relevant,not specific,"outpatient, emergency, or inpatient according to acuity",Use the linked disease illness script and localizing findings.,Interpret key absent findings in clinical context.,false,Step 1; Step 2 CK; Step 3,Internal Medicine; Surgery; Family Medicine; Pediatrics; Neurology; Emergency Medicine,partially_source_supported
DPR-0103,DIS-P-0103,PRS-023,draft_ai_generated,draft_ai_generated,common,typical,common,variable,all ages as clinically relevant,not specific,"outpatient, emergency, or inpatient according to acuity",Use the linked disease illness script and localizing findings.,Interpret key absent findings in clinical context.,false,Step 1; Step 2 CK; Step 3,Internal Medicine; Surgery; Family Medicine; Pediatrics; Neurology; Emergency Medicine,partially_source_supported
DPR-0104,DIS-P-0104,PRS-024,draft_ai_generated,draft_ai_generated,common,typical,common,variable,all ages as clinically relevant,not specific,"outpatient, emergency, or inpatient according to acuity",Use the linked disease illness script and localizing findings.,Interpret key absent findings in clinical context.,false,Step 1; Step 2 CK; Step 3,Internal Medicine; Surgery; Family Medicine; Pediatrics; Neurology; Emergency Medicine,partially_source_supported
DPR-0105,DIS-P-0105,PRS-025,draft_ai_generated,draft_ai_generated,common,typical,common,variable,all ages as clinically relevant,not specific,"outpatient, emergency, or inpatient according to acuity",Use the linked disease illness script and localizing findings.,Interpret key absent findings in clinical context.,false,Step 1; Step 2 CK; Step 3,Internal Medicine; Surgery; Family Medicine; Pediatrics; Neurology; Emergency Medicine,partially_source_supported
DPR-0106,DIS-P-0106,PRS-026,draft_ai_generated,draft_ai_generated,common,typical,common,variable,all ages as clinically relevant,not specific,"outpatient, emergency, or inpatient according to acuity",Use the linked disease illness script and localizing findings.,Interpret key absent findings in clinical context.,false,Step 1; Step 2 CK; Step 3,Internal Medicine; Surgery; Family Medicine; Pediatrics; Neurology; Emergency Medicine,partially_source_supported
DPR-0107,DIS-P-0107,PRS-027,draft_ai_generated,draft_ai_generated,common,typical,common,variable,all ages as clinically relevant,not specific,"outpatient, emergency, or inpatient according to acuity",Use the linked disease illness script and localizing findings.,Interpret key absent findings in clinical context.,false,Step 1; Step 2 CK; Step 3,Internal Medicine; Surgery; Family Medicine; Pediatrics; Neurology; Emergency Medicine,partially_source_supported
DPR-0108,DIS-P-0108,PRS-028,draft_ai_generated,draft_ai_generated,common,typical,common,variable,all ages as clinically relevant,not specific,"outpatient, emergency, or inpatient according to acuity",Use the linked disease illness script and localizing findings.,Interpret key absent findings in clinical context.,false,Step 1; Step 2 CK; Step 3,Internal Medicine; Surgery; Family Medicine; Pediatrics; Neurology; Emergency Medicine,partially_source_supported
DPR-0109,DIS-P-0109,PRS-029,draft_ai_generated,draft_ai_generated,common,typical,common,variable,all ages as clinically relevant,not specific,"outpatient, emergency, or inpatient according to acuity",Use the linked disease illness script and localizing findings.,Interpret key absent findings in clinical context.,false,Step 1; Step 2 CK; Step 3,Internal Medicine; Surgery; Family Medicine; Pediatrics; Neurology; Emergency Medicine,partially_source_supported
DPR-0110,DIS-P-0110,PRS-030,draft_ai_generated,draft_ai_generated,common,typical,common,variable,all ages as clinically relevant,not specific,"outpatient, emergency, or inpatient according to acuity",Use the linked disease illness script and localizing findings.,Interpret key absent findings in clinical context.,false,Step 1; Step 2 CK; Step 3,Internal Medicine; Surgery; Family Medicine; Pediatrics; Neurology; Emergency Medicine,partially_source_supported
DPR-0111,DIS-P-0111,PRS-031,draft_ai_generated,draft_ai_generated,common,typical,common,variable,all ages as clinically relevant,not specific,"outpatient, emergency, or inpatient according to acuity",Use the linked disease illness script and localizing findings.,Interpret key absent findings in clinical context.,false,Step 1; Step 2 CK; Step 3,Internal Medicine; Surgery; Family Medicine; Pediatrics; Neurology; Emergency Medicine,partially_source_supported
DPR-0112,DIS-P-0112,PRS-032,draft_ai_generated,draft_ai_generated,common,typical,common,variable,all ages as clinically relevant,not specific,"outpatient, emergency, or inpatient according to acuity",Use the linked disease illness script and localizing findings.,Interpret key absent findings in clinical context.,false,Step 1; Step 2 CK; Step 3,Internal Medicine; Surgery; Family Medicine; Pediatrics; Neurology; Emergency Medicine,partially_source_supported
DPR-0114,DIS-OG-0114,PRS-034,draft_ai_generated,draft_ai_generated,common,typical,common,variable,all ages as clinically relevant,not specific,"outpatient, emergency, or inpatient according to acuity",Use the linked disease illness script and localizing findings.,Interpret key absent findings in clinical context.,false,Step 1; Step 2 CK; Step 3,Internal Medicine; Surgery; Family Medicine; Pediatrics; Neurology; Emergency Medicine,partially_source_supported
DPR-0115,DIS-OG-0115,PRS-035,draft_ai_generated,draft_ai_generated,common,typical,common,variable,all ages as clinically relevant,not specific,"outpatient, emergency, or inpatient according to acuity",Use the linked disease illness script and localizing findings.,Interpret key absent findings in clinical context.,false,Step 1; Step 2 CK; Step 3,Internal Medicine; Surgery; Family Medicine; Pediatrics; Neurology; Emergency Medicine,partially_source_supported
DPR-0116,DIS-OG-0116,PRS-036,draft_ai_generated,draft_ai_generated,common,typical,common,variable,all ages as clinically relevant,not specific,"outpatient, emergency, or inpatient according to acuity",Use the linked disease illness script and localizing findings.,Interpret key absent findings in clinical context.,false,Step 1; Step 2 CK; Step 3,Internal Medicine; Surgery; Family Medicine; Pediatrics; Neurology; Emergency Medicine,partially_source_supported
DPR-0117,DIS-OG-0117,PRS-037,draft_ai_generated,draft_ai_generated,common,typical,common,variable,all ages as clinically relevant,not specific,"outpatient, emergency, or inpatient according to acuity",Use the linked disease illness script and localizing findings.,Interpret key absent findings in clinical context.,false,Step 1; Step 2 CK; Step 3,Internal Medicine; Surgery; Family Medicine; Pediatrics; Neurology; Emergency Medicine,partially_source_supported
DPR-0118,DIS-OG-0118,PRS-038,draft_ai_generated,draft_ai_generated,common,typical,common,variable,all ages as clinically relevant,not specific,"outpatient, emergency, or inpatient according to acuity",Use the linked disease illness script and localizing findings.,Interpret key absent findings in clinical context.,false,Step 1; Step 2 CK; Step 3,Internal Medicine; Surgery; Family Medicine; Pediatrics; Neurology; Emergency Medicine,partially_source_supported
DPR-0119,DIS-OG-0119,PRS-039,draft_ai_generated,draft_ai_generated,common,typical,common,variable,all ages as clinically relevant,not specific,"outpatient, emergency, or inpatient according to acuity",Use the linked disease illness script and localizing findings.,Interpret key absent findings in clinical context.,false,Step 1; Step 2 CK; Step 3,Internal Medicine; Surgery; Family Medicine; Pediatrics; Neurology; Emergency Medicine,partially_source_supported
DPR-0120,DIS-OG-0120,PRS-040,draft_ai_generated,draft_ai_generated,common,typical,common,variable,all ages as clinically relevant,not specific,"outpatient, emergency, or inpatient according to acuity",Use the linked disease illness script and localizing findings.,Interpret key absent findings in clinical context.,false,Step 1; Step 2 CK; Step 3,Internal Medicine; Surgery; Family Medicine; Pediatrics; Neurology; Emergency Medicine,partially_source_supported
DPR-0121,DIS-OG-0121,PRS-001,draft_ai_generated,draft_ai_generated,common,typical,common,variable,all ages as clinically relevant,not specific,"outpatient, emergency, or inpatient according to acuity",Use the linked disease illness script and localizing findings.,Interpret key absent findings in clinical context.,false,Step 1; Step 2 CK; Step 3,Internal Medicine; Surgery; Family Medicine; Pediatrics; Neurology; Emergency Medicine,partially_source_supported
DPR-0122,DIS-ST-0122,PRS-002,draft_ai_generated,draft_ai_generated,common,typical,common,variable,all ages as clinically relevant,not specific,"outpatient, emergency, or inpatient according to acuity",Use the linked disease illness script and localizing findings.,Interpret key absent findings in clinical context.,false,Step 1; Step 2 CK; Step 3,Internal Medicine; Surgery; Family Medicine; Pediatrics; Neurology; Emergency Medicine,partially_source_supported
DPR-0123,DIS-ST-0123,PRS-003,draft_ai_generated,draft_ai_generated,common,typical,common,variable,all ages as clinically relevant,not specific,"outpatient, emergency, or inpatient according to acuity",Use the linked disease illness script and localizing findings.,Interpret key absent findings in clinical context.,false,Step 1; Step 2 CK; Step 3,Internal Medicine; Surgery; Family Medicine; Pediatrics; Neurology; Emergency Medicine,partially_source_supported
DPR-0124,DIS-ST-0124,PRS-004,draft_ai_generated,draft_ai_generated,common,typical,common,variable,all ages as clinically relevant,not specific,"outpatient, emergency, or inpatient according to acuity",Use the linked disease illness script and localizing findings.,Interpret key absent findings in clinical context.,false,Step 1; Step 2 CK; Step 3,Internal Medicine; Surgery; Family Medicine; Pediatrics; Neurology; Emergency Medicine,partially_source_supported
DPR-0125,DIS-ST-0125,PRS-005,draft_ai_generated,draft_ai_generated,common,typical,common,variable,all ages as clinically relevant,not specific,"outpatient, emergency, or inpatient according to acuity",Use the linked disease illness script and localizing findings.,Interpret key absent findings in clinical context.,false,Step 1; Step 2 CK; Step 3,Internal Medicine; Surgery; Family Medicine; Pediatrics; Neurology; Emergency Medicine,partially_source_supported
DPR-0126,DIS-ST-0126,PRS-006,draft_ai_generated,draft_ai_generated,common,typical,common,variable,all ages as clinically relevant,not specific,"outpatient, emergency, or inpatient according to acuity",Use the linked disease illness script and localizing findings.,Interpret key absent findings in clinical context.,false,Step 1; Step 2 CK; Step 3,Internal Medicine; Surgery; Family Medicine; Pediatrics; Neurology; Emergency Medicine,partially_source_supported
DPR-0127,DIS-ST-0127,PRS-007,draft_ai_generated,draft_ai_generated,common,typical,common,variable,all ages as clinically relevant,not specific,"outpatient, emergency, or inpatient according to acuity",Use the linked disease illness script and localizing findings.,Interpret key absent findings in clinical context.,false,Step 1; Step 2 CK; Step 3,Internal Medicine; Surgery; Family Medicine; Pediatrics; Neurology; Emergency Medicine,partially_source_supported
DPR-0128,DIS-ST-0128,PRS-008,draft_ai_generated,draft_ai_generated,common,typical,common,variable,all ages as clinically relevant,not specific,"outpatient, emergency, or inpatient according to acuity",Use the linked disease illness script and localizing findings.,Interpret key absent findings in clinical context.,false,Step 1; Step 2 CK; Step 3,Internal Medicine; Surgery; Family Medicine; Pediatrics; Neurology; Emergency Medicine,partially_source_supported
DPR-0129,DIS-ST-0129,PRS-009,draft_ai_generated,draft_ai_generated,common,typical,common,variable,all ages as clinically relevant,not specific,"outpatient, emergency, or inpatient according to acuity",Use the linked disease illness script and localizing findings.,Interpret key absent findings in clinical context.,false,Step 1; Step 2 CK; Step 3,Internal Medicine; Surgery; Family Medicine; Pediatrics; Neurology; Emergency Medicine,partially_source_supported
DPR-CARD-001,DIS-CARD-001,PRS-001,source_checked,needs_medical_review,common,typical,common,variable,all ages as clinically relevant,not specific,"outpatient, emergency, or inpatient according to acuity",Use the linked disease illness script and localizing findings.,Interpret key absent findings in clinical context.,false,Step 1; Step 2 CK; Step 3,Internal Medicine; Surgery; Family Medicine; Pediatrics; Neurology; Emergency Medicine,partially_source_supported
DPR-CARD-002,DIS-C-0001,PRS-001,source_checked,needs_medical_review,common,typical,common,variable,all ages as clinically relevant,not specific,"outpatient, emergency, or inpatient according to acuity",Use the linked disease illness script and localizing findings.,Interpret key absent findings in clinical context.,false,Step 1; Step 2 CK; Step 3,Internal Medicine; Surgery; Family Medicine; Pediatrics; Neurology; Emergency Medicine,partially_source_supported
DPR-CARD-003,DIS-C-0003,PRS-001,source_checked,needs_medical_review,common,typical,common,variable,all ages as clinically relevant,not specific,"outpatient, emergency, or inpatient according to acuity",Use the linked disease illness script and localizing findings.,Interpret key absent findings in clinical context.,false,Step 1; Step 2 CK; Step 3,Internal Medicine; Surgery; Family Medicine; Pediatrics; Neurology; Emergency Medicine,partially_source_supported
DPR-CARD-004,DIS-C-0004,PRS-035,source_checked,needs_medical_review,common,typical,common,variable,all ages as clinically relevant,not specific,"outpatient, emergency, or inpatient according to acuity",Use the linked disease illness script and localizing findings.,Interpret key absent findings in clinical context.,false,Step 1; Step 2 CK; Step 3,Internal Medicine; Surgery; Family Medicine; Pediatrics; Neurology; Emergency Medicine,partially_source_supported
DPR-CARD-005,DIS-C-0005,PRS-035,source_checked,needs_medical_review,common,typical,common,variable,all ages as clinically relevant,not specific,"outpatient, emergency, or inpatient according to acuity",Use the linked disease illness script and localizing findings.,Interpret key absent findings in clinical context.,false,Step 1; Step 2 CK; Step 3,Internal Medicine; Surgery; Family Medicine; Pediatrics; Neurology; Emergency Medicine,partially_source_supported
DPR-CARD-006,DIS-C-0006,PRS-004,source_checked,needs_medical_review,common,typical,common,variable,all ages as clinically relevant,not specific,"outpatient, emergency, or inpatient according to acuity",Use the linked disease illness script and localizing findings.,Interpret key absent findings in clinical context.,false,Step 1; Step 2 CK; Step 3,Internal Medicine; Surgery; Family Medicine; Pediatrics; Neurology; Emergency Medicine,partially_source_supported
DPR-CARD-007,DIS-C-0007,PRS-004,source_checked,needs_medical_review,common,typical,common,variable,all ages as clinically relevant,not specific,"outpatient, emergency, or inpatient according to acuity",Use the linked disease illness script and localizing findings.,Interpret key absent findings in clinical context.,false,Step 1; Step 2 CK; Step 3,Internal Medicine; Surgery; Family Medicine; Pediatrics; Neurology; Emergency Medicine,partially_source_supported
DPR-CARD-008,DIS-C-0008,PRS-004,source_checked,needs_medical_review,common,typical,common,variable,all ages as clinically relevant,not specific,"outpatient, emergency, or inpatient according to acuity",Use the linked disease illness script and localizing findings.,Interpret key absent findings in clinical context.,false,Step 1; Step 2 CK; Step 3,Internal Medicine; Surgery; Family Medicine; Pediatrics; Neurology; Emergency Medicine,partially_source_supported
DPR-CARD-009,DIS-C-0009,PRS-004,source_checked,needs_medical_review,common,typical,common,variable,all ages as clinically relevant,not specific,"outpatient, emergency, or inpatient according to acuity",Use the linked disease illness script and localizing findings.,Interpret key absent findings in clinical context.,false,Step 1; Step 2 CK; Step 3,Internal Medicine; Surgery; Family Medicine; Pediatrics; Neurology; Emergency Medicine,partially_source_supported
DPR-CARD-010,DIS-C-0010,PRS-002,source_checked,needs_medical_review,common,typical,common,variable,all ages as clinically relevant,not specific,"outpatient, emergency, or inpatient according to acuity",Use the linked disease illness script and localizing findings.,Interpret key absent findings in clinical context.,false,Step 1; Step 2 CK; Step 3,Internal Medicine; Surgery; Family Medicine; Pediatrics; Neurology; Emergency Medicine,partially_source_supported
DPR-CARD-011,DIS-C-0011,PRS-003,source_checked,needs_medical_review,common,typical,common,variable,all ages as clinically relevant,not specific,"outpatient, emergency, or inpatient according to acuity",Use the linked disease illness script and localizing findings.,Interpret key absent findings in clinical context.,false,Step 1; Step 2 CK; Step 3,Internal Medicine; Surgery; Family Medicine; Pediatrics; Neurology; Emergency Medicine,partially_source_supported
DPR-CARD-012,DIS-CARD-012,PRS-005,source_checked,needs_medical_review,common,typical,common,variable,all ages as clinically relevant,not specific,"outpatient, emergency, or inpatient according to acuity",Use the linked disease illness script and localizing findings.,Interpret key absent findings in clinical context.,false,Step 1; Step 2 CK; Step 3,Internal Medicine; Surgery; Family Medicine; Pediatrics; Neurology; Emergency Medicine,partially_source_supported
DPR-CARD-013,DIS-C-0012,PRS-005,source_checked,needs_medical_review,common,typical,common,variable,all ages as clinically relevant,not specific,"outpatient, emergency, or inpatient according to acuity",Use the linked disease illness script and localizing findings.,Interpret key absent findings in clinical context.,false,Step 1; Step 2 CK; Step 3,Internal Medicine; Surgery; Family Medicine; Pediatrics; Neurology; Emergency Medicine,partially_source_supported
DPR-CARD-014,DIS-C-0013,PRS-CARD-048,source_checked,needs_medical_review,common,typical,common,variable,all ages as clinically relevant,not specific,"outpatient, emergency, or inpatient according to acuity",Use the linked disease illness script and localizing findings.,Interpret key absent findings in clinical context.,false,Step 1; Step 2 CK; Step 3,Internal Medicine; Surgery; Family Medicine; Pediatrics; Neurology; Emergency Medicine,partially_source_supported
DPR-CARD-015,DIS-C-0002,PRS-001,source_checked,needs_medical_review,common,typical,common,variable,all ages as clinically relevant,not specific,"outpatient, emergency, or inpatient according to acuity",Use the linked disease illness script and localizing findings.,Interpret key absent findings in clinical context.,false,Step 1; Step 2 CK; Step 3,Internal Medicine; Surgery; Family Medicine; Pediatrics; Neurology; Emergency Medicine,partially_source_supported
DPR-CARD-016,DIS-CARD-015,PRS-001,source_checked,needs_medical_review,common,typical,common,variable,all ages as clinically relevant,not specific,"outpatient, emergency, or inpatient according to acuity",Use the linked disease illness script and localizing findings.,Interpret key absent findings in clinical context.,false,Step 1; Step 2 CK; Step 3,Internal Medicine; Surgery; Family Medicine; Pediatrics; Neurology; Emergency Medicine,partially_source_supported
DPR-CARD-017,DIS-CARD-016,PRS-001,source_checked,needs_medical_review,common,typical,common,variable,all ages as clinically relevant,not specific,"outpatient, emergency, or inpatient according to acuity",Use the linked disease illness script and localizing findings.,Interpret key absent findings in clinical context.,false,Step 1; Step 2 CK; Step 3,Internal Medicine; Surgery; Family Medicine; Pediatrics; Neurology; Emergency Medicine,partially_source_supported
DPR-CARD-018,DIS-CARD-017,PRS-001,source_checked,needs_medical_review,common,typical,common,variable,all ages as clinically relevant,not specific,"outpatient, emergency, or inpatient according to acuity",Use the linked disease illness script and localizing findings.,Interpret key absent findings in clinical context.,false,Step 1; Step 2 CK; Step 3,Internal Medicine; Surgery; Family Medicine; Pediatrics; Neurology; Emergency Medicine,partially_source_supported
DPR-CARD-019,DIS-CARD-018,PRS-001,source_checked,needs_medical_review,common,typical,common,variable,all ages as clinically relevant,not specific,"outpatient, emergency, or inpatient according to acuity",Use the linked disease illness script and localizing findings.,Interpret key absent findings in clinical context.,false,Step 1; Step 2 CK; Step 3,Internal Medicine; Surgery; Family Medicine; Pediatrics; Neurology; Emergency Medicine,partially_source_supported
DPR-CARD-020,DIS-CARD-019,PRS-001,source_checked,needs_medical_review,common,typical,common,variable,all ages as clinically relevant,not specific,"outpatient, emergency, or inpatient according to acuity",Use the linked disease illness script and localizing findings.,Interpret key absent findings in clinical context.,false,Step 1; Step 2 CK; Step 3,Internal Medicine; Surgery; Family Medicine; Pediatrics; Neurology; Emergency Medicine,partially_source_supported
DPR-CARD-021,DIS-CARD-020,PRS-CARD-046,source_checked,needs_medical_review,common,typical,common,variable,all ages as clinically relevant,not specific,"outpatient, emergency, or inpatient according to acuity",Use the linked disease illness script and localizing findings.,Interpret key absent findings in clinical context.,false,Step 1; Step 2 CK; Step 3,Internal Medicine; Surgery; Family Medicine; Pediatrics; Neurology; Emergency Medicine,partially_source_supported
DPR-CARD-022,DIS-CARD-021,PRS-001,source_checked,needs_medical_review,common,typical,common,variable,all ages as clinically relevant,not specific,"outpatient, emergency, or inpatient according to acuity",Use the linked disease illness script and localizing findings.,Interpret key absent findings in clinical context.,false,Step 1; Step 2 CK; Step 3,Internal Medicine; Surgery; Family Medicine; Pediatrics; Neurology; Emergency Medicine,partially_source_supported
DPR-CARD-023,DIS-CARD-022,PRS-CARD-046,source_checked,needs_medical_review,common,typical,common,variable,all ages as clinically relevant,not specific,"outpatient, emergency, or inpatient according to acuity",Use the linked disease illness script and localizing findings.,Interpret key absent findings in clinical context.,false,Step 1; Step 2 CK; Step 3,Internal Medicine; Surgery; Family Medicine; Pediatrics; Neurology; Emergency Medicine,partially_source_supported
DPR-CARD-024,DIS-CARD-023,PRS-CARD-048,source_checked,needs_medical_review,common,typical,common,variable,all ages as clinically relevant,not specific,"outpatient, emergency, or inpatient according to acuity",Use the linked disease illness script and localizing findings.,Interpret key absent findings in clinical context.,false,Step 1; Step 2 CK; Step 3,Internal Medicine; Surgery; Family Medicine; Pediatrics; Neurology; Emergency Medicine,partially_source_supported
DPR-CARD-025,DIS-CARD-024,PRS-CARD-048,source_checked,needs_medical_review,common,typical,common,variable,all ages as clinically relevant,not specific,"outpatient, emergency, or inpatient according to acuity",Use the linked disease illness script and localizing findings.,Interpret key absent findings in clinical context.,false,Step 1; Step 2 CK; Step 3,Internal Medicine; Surgery; Family Medicine; Pediatrics; Neurology; Emergency Medicine,partially_source_supported
DPR-CARD-026,DIS-CARD-025,PRS-035,source_checked,needs_medical_review,common,typical,common,variable,all ages as clinically relevant,not specific,"outpatient, emergency, or inpatient according to acuity",Use the linked disease illness script and localizing findings.,Interpret key absent findings in clinical context.,false,Step 1; Step 2 CK; Step 3,Internal Medicine; Surgery; Family Medicine; Pediatrics; Neurology; Emergency Medicine,partially_source_supported
DPR-CARD-027,DIS-CARD-026,PRS-CARD-044,source_checked,needs_medical_review,common,typical,common,variable,all ages as clinically relevant,not specific,"outpatient, emergency, or inpatient according to acuity",Use the linked disease illness script and localizing findings.,Interpret key absent findings in clinical context.,false,Step 1; Step 2 CK; Step 3,Internal Medicine; Surgery; Family Medicine; Pediatrics; Neurology; Emergency Medicine,partially_source_supported
DPR-CARD-028,DIS-CARD-027,PRS-001,source_checked,needs_medical_review,common,typical,common,variable,all ages as clinically relevant,not specific,"outpatient, emergency, or inpatient according to acuity",Use the linked disease illness script and localizing findings.,Interpret key absent findings in clinical context.,false,Step 1; Step 2 CK; Step 3,Internal Medicine; Surgery; Family Medicine; Pediatrics; Neurology; Emergency Medicine,partially_source_supported
DPR-CARD-029,DIS-CARD-028,PRS-010,source_checked,needs_medical_review,common,typical,common,variable,all ages as clinically relevant,not specific,"outpatient, emergency, or inpatient according to acuity",Use the linked disease illness script and localizing findings.,Interpret key absent findings in clinical context.,false,Step 1; Step 2 CK; Step 3,Internal Medicine; Surgery; Family Medicine; Pediatrics; Neurology; Emergency Medicine,partially_source_supported
DPR-CARD-030,DIS-CARD-029,PRS-CARD-046,source_checked,needs_medical_review,common,typical,common,variable,all ages as clinically relevant,not specific,"outpatient, emergency, or inpatient according to acuity",Use the linked disease illness script and localizing findings.,Interpret key absent findings in clinical context.,false,Step 1; Step 2 CK; Step 3,Internal Medicine; Surgery; Family Medicine; Pediatrics; Neurology; Emergency Medicine,partially_source_supported
DPR-CARD-032,DIS-CARD-031,PRS-CARD-043,source_checked,needs_medical_review,common,typical,common,variable,all ages as clinically relevant,not specific,"outpatient, emergency, or inpatient according to acuity",Use the linked disease illness script and localizing findings.,Interpret key absent findings in clinical context.,false,Step 1; Step 2 CK; Step 3,Internal Medicine; Surgery; Family Medicine; Pediatrics; Neurology; Emergency Medicine,partially_source_supported
DPR-CARD-033,DIS-CARD-032,PRS-017,source_checked,needs_medical_review,common,typical,common,variable,all ages as clinically relevant,not specific,"outpatient, emergency, or inpatient according to acuity",Use the linked disease illness script and localizing findings.,Interpret key absent findings in clinical context.,false,Step 1; Step 2 CK; Step 3,Internal Medicine; Surgery; Family Medicine; Pediatrics; Neurology; Emergency Medicine,partially_source_supported
DPR-CARD-034,DIS-CARD-033,PRS-007,source_checked,needs_medical_review,common,typical,common,variable,all ages as clinically relevant,not specific,"outpatient, emergency, or inpatient according to acuity",Use the linked disease illness script and localizing findings.,Interpret key absent findings in clinical context.,false,Step 1; Step 2 CK; Step 3,Internal Medicine; Surgery; Family Medicine; Pediatrics; Neurology; Emergency Medicine,partially_source_supported
DPR-CARD-035,DIS-CARD-034,PRS-007,source_checked,needs_medical_review,common,typical,common,variable,all ages as clinically relevant,not specific,"outpatient, emergency, or inpatient according to acuity",Use the linked disease illness script and localizing findings.,Interpret key absent findings in clinical context.,false,Step 1; Step 2 CK; Step 3,Internal Medicine; Surgery; Family Medicine; Pediatrics; Neurology; Emergency Medicine,partially_source_supported
DPR-CARD-036,DIS-CARD-035,PRS-CARD-049,source_checked,needs_medical_review,common,typical,common,variable,all ages as clinically relevant,not specific,"outpatient, emergency, or inpatient according to acuity",Use the linked disease illness script and localizing findings.,Interpret key absent findings in clinical context.,false,Step 1; Step 2 CK; Step 3,Internal Medicine; Surgery; Family Medicine; Pediatrics; Neurology; Emergency Medicine,partially_source_supported
DPR-CARD-037,DIS-CARD-036,PRS-002,source_checked,needs_medical_review,common,typical,common,variable,all ages as clinically relevant,not specific,"outpatient, emergency, or inpatient according to acuity",Use the linked disease illness script and localizing findings.,Interpret key absent findings in clinical context.,false,Step 1; Step 2 CK; Step 3,Internal Medicine; Surgery; Family Medicine; Pediatrics; Neurology; Emergency Medicine,partially_source_supported
DPR-CARD-039,DIS-CARD-038,PRS-001,source_checked,needs_medical_review,common,typical,common,variable,all ages as clinically relevant,not specific,"outpatient, emergency, or inpatient according to acuity",Use the linked disease illness script and localizing findings.,Interpret key absent findings in clinical context.,false,Step 1; Step 2 CK; Step 3,Internal Medicine; Surgery; Family Medicine; Pediatrics; Neurology; Emergency Medicine,partially_source_supported
DPR-CARD-040,DIS-CARD-039,PRS-002,source_checked,needs_medical_review,common,typical,common,variable,all ages as clinically relevant,not specific,"outpatient, emergency, or inpatient according to acuity",Use the linked disease illness script and localizing findings.,Interpret key absent findings in clinical context.,false,Step 1; Step 2 CK; Step 3,Internal Medicine; Surgery; Family Medicine; Pediatrics; Neurology; Emergency Medicine,partially_source_supported
DPR-CARD-041,DIS-CARD-040,PRS-002,source_checked,needs_medical_review,common,typical,common,variable,all ages as clinically relevant,not specific,"outpatient, emergency, or inpatient according to acuity",Use the linked disease illness script and localizing findings.,Interpret key absent findings in clinical context.,false,Step 1; Step 2 CK; Step 3,Internal Medicine; Surgery; Family Medicine; Pediatrics; Neurology; Emergency Medicine,partially_source_supported
DPR-CARD-042,DIS-CARD-041,PRS-002,source_checked,needs_medical_review,common,typical,common,variable,all ages as clinically relevant,not specific,"outpatient, emergency, or inpatient according to acuity",Use the linked disease illness script and localizing findings.,Interpret key absent findings in clinical context.,false,Step 1; Step 2 CK; Step 3,Internal Medicine; Surgery; Family Medicine; Pediatrics; Neurology; Emergency Medicine,partially_source_supported
DPR-CARD-043,DIS-CARD-042,PRS-002,source_checked,needs_medical_review,common,typical,common,variable,all ages as clinically relevant,not specific,"outpatient, emergency, or inpatient according to acuity",Use the linked disease illness script and localizing findings.,Interpret key absent findings in clinical context.,false,Step 1; Step 2 CK; Step 3,Internal Medicine; Surgery; Family Medicine; Pediatrics; Neurology; Emergency Medicine,partially_source_supported
DPR-CARD-044,DIS-CARD-043,PRS-CARD-044,source_checked,needs_medical_review,common,typical,common,variable,all ages as clinically relevant,not specific,"outpatient, emergency, or inpatient according to acuity",Use the linked disease illness script and localizing findings.,Interpret key absent findings in clinical context.,false,Step 1; Step 2 CK; Step 3,Internal Medicine; Surgery; Family Medicine; Pediatrics; Neurology; Emergency Medicine,partially_source_supported
DPR-CARD-045,DIS-CARD-044,PRS-CARD-043,source_checked,needs_medical_review,common,typical,common,variable,all ages as clinically relevant,not specific,"outpatient, emergency, or inpatient according to acuity",Use the linked disease illness script and localizing findings.,Interpret key absent findings in clinical context.,false,Step 1; Step 2 CK; Step 3,Internal Medicine; Surgery; Family Medicine; Pediatrics; Neurology; Emergency Medicine,partially_source_supported
DPR-CARD-046,DIS-CARD-045,PRS-004,source_checked,needs_medical_review,common,typical,common,variable,all ages as clinically relevant,not specific,"outpatient, emergency, or inpatient according to acuity",Use the linked disease illness script and localizing findings.,Interpret key absent findings in clinical context.,false,Step 1; Step 2 CK; Step 3,Internal Medicine; Surgery; Family Medicine; Pediatrics; Neurology; Emergency Medicine,partially_source_supported
DPR-CARD-047,DIS-CARD-046,PRS-001,source_checked,needs_medical_review,common,typical,common,variable,all ages as clinically relevant,not specific,"outpatient, emergency, or inpatient according to acuity",Use the linked disease illness script and localizing findings.,Interpret key absent findings in clinical context.,false,Step 1; Step 2 CK; Step 3,Internal Medicine; Surgery; Family Medicine; Pediatrics; Neurology; Emergency Medicine,partially_source_supported
DPR-CARD-048,DIS-CARD-047,PRS-002,source_checked,needs_medical_review,common,typical,common,variable,all ages as clinically relevant,not specific,"outpatient, emergency, or inpatient according to acuity",Use the linked disease illness script and localizing findings.,Interpret key absent findings in clinical context.,false,Step 1; Step 2 CK; Step 3,Internal Medicine; Surgery; Family Medicine; Pediatrics; Neurology; Emergency Medicine,partially_source_supported
DPR-CARD-049,DIS-CARD-048,PRS-CARD-044,source_checked,needs_medical_review,common,typical,common,variable,all ages as clinically relevant,not specific,"outpatient, emergency, or inpatient according to acuity",Use the linked disease illness script and localizing findings.,Interpret key absent findings in clinical context.,false,Step 1; Step 2 CK; Step 3,Internal Medicine; Surgery; Family Medicine; Pediatrics; Neurology; Emergency Medicine,partially_source_supported
DPR-CARD-050,DIS-CARD-049,PRS-CARD-049,source_checked,needs_medical_review,common,typical,common,variable,all ages as clinically relevant,not specific,"outpatient, emergency, or inpatient according to acuity",Use the linked disease illness script and localizing findings.,Interpret key absent findings in clinical context.,false,Step 1; Step 2 CK; Step 3,Internal Medicine; Surgery; Family Medicine; Pediatrics; Neurology; Emergency Medicine,partially_source_supported
DPR-CARD-051,DIS-CARD-050,PRS-CARD-044,source_checked,needs_medical_review,common,typical,common,variable,all ages as clinically relevant,not specific,"outpatient, emergency, or inpatient according to acuity",Use the linked disease illness script and localizing findings.,Interpret key absent findings in clinical context.,false,Step 1; Step 2 CK; Step 3,Internal Medicine; Surgery; Family Medicine; Pediatrics; Neurology; Emergency Medicine,partially_source_supported
DPR-CARD-052,DIS-CARD-051,PRS-004,source_checked,needs_medical_review,common,typical,common,variable,all ages as clinically relevant,not specific,"outpatient, emergency, or inpatient according to acuity",Use the linked disease illness script and localizing findings.,Interpret key absent findings in clinical context.,false,Step 1; Step 2 CK; Step 3,Internal Medicine; Surgery; Family Medicine; Pediatrics; Neurology; Emergency Medicine,partially_source_supported
DPR-CARD-053,DIS-CARD-052,PRS-004,source_checked,needs_medical_review,common,typical,common,variable,all ages as clinically relevant,not specific,"outpatient, emergency, or inpatient according to acuity",Use the linked disease illness script and localizing findings.,Interpret key absent findings in clinical context.,false,Step 1; Step 2 CK; Step 3,Internal Medicine; Surgery; Family Medicine; Pediatrics; Neurology; Emergency Medicine,partially_source_supported
DPR-CARD-054,DIS-CARD-053,PRS-004,source_checked,needs_medical_review,common,typical,common,variable,all ages as clinically relevant,not specific,"outpatient, emergency, or inpatient according to acuity",Use the linked disease illness script and localizing findings.,Interpret key absent findings in clinical context.,false,Step 1; Step 2 CK; Step 3,Internal Medicine; Surgery; Family Medicine; Pediatrics; Neurology; Emergency Medicine,partially_source_supported
DPR-CARD-055,DIS-CARD-054,PRS-004,source_checked,needs_medical_review,common,typical,common,variable,all ages as clinically relevant,not specific,"outpatient, emergency, or inpatient according to acuity",Use the linked disease illness script and localizing findings.,Interpret key absent findings in clinical context.,false,Step 1; Step 2 CK; Step 3,Internal Medicine; Surgery; Family Medicine; Pediatrics; Neurology; Emergency Medicine,partially_source_supported
DPR-CARD-056,DIS-CARD-055,PRS-004,source_checked,needs_medical_review,common,typical,common,variable,all ages as clinically relevant,not specific,"outpatient, emergency, or inpatient according to acuity",Use the linked disease illness script and localizing findings.,Interpret key absent findings in clinical context.,false,Step 1; Step 2 CK; Step 3,Internal Medicine; Surgery; Family Medicine; Pediatrics; Neurology; Emergency Medicine,partially_source_supported
DPR-CARD-057,DIS-CARD-056,PRS-004,source_checked,needs_medical_review,common,typical,common,variable,all ages as clinically relevant,not specific,"outpatient, emergency, or inpatient according to acuity",Use the linked disease illness script and localizing findings.,Interpret key absent findings in clinical context.,false,Step 1; Step 2 CK; Step 3,Internal Medicine; Surgery; Family Medicine; Pediatrics; Neurology; Emergency Medicine,partially_source_supported
DPR-CARD-058,DIS-CARD-057,PRS-004,source_checked,needs_medical_review,common,typical,common,variable,all ages as clinically relevant,not specific,"outpatient, emergency, or inpatient according to acuity",Use the linked disease illness script and localizing findings.,Interpret key absent findings in clinical context.,false,Step 1; Step 2 CK; Step 3,Internal Medicine; Surgery; Family Medicine; Pediatrics; Neurology; Emergency Medicine,partially_source_supported
DPR-CARD-059,DIS-CARD-058,PRS-004,source_checked,needs_medical_review,common,typical,common,variable,all ages as clinically relevant,not specific,"outpatient, emergency, or inpatient according to acuity",Use the linked disease illness script and localizing findings.,Interpret key absent findings in clinical context.,false,Step 1; Step 2 CK; Step 3,Internal Medicine; Surgery; Family Medicine; Pediatrics; Neurology; Emergency Medicine,partially_source_supported
DPR-CARD-060,DIS-CARD-059,PRS-003,source_checked,needs_medical_review,common,typical,common,variable,all ages as clinically relevant,not specific,"outpatient, emergency, or inpatient according to acuity",Use the linked disease illness script and localizing findings.,Interpret key absent findings in clinical context.,false,Step 1; Step 2 CK; Step 3,Internal Medicine; Surgery; Family Medicine; Pediatrics; Neurology; Emergency Medicine,partially_source_supported
DPR-CARD-061,DIS-CARD-060,PRS-035,source_checked,needs_medical_review,common,typical,common,variable,all ages as clinically relevant,not specific,"outpatient, emergency, or inpatient according to acuity",Use the linked disease illness script and localizing findings.,Interpret key absent findings in clinical context.,false,Step 1; Step 2 CK; Step 3,Internal Medicine; Surgery; Family Medicine; Pediatrics; Neurology; Emergency Medicine,partially_source_supported
DPR-CARD-062,DIS-CARD-061,PRS-003,source_checked,needs_medical_review,common,typical,common,variable,all ages as clinically relevant,not specific,"outpatient, emergency, or inpatient according to acuity",Use the linked disease illness script and localizing findings.,Interpret key absent findings in clinical context.,false,Step 1; Step 2 CK; Step 3,Internal Medicine; Surgery; Family Medicine; Pediatrics; Neurology; Emergency Medicine,partially_source_supported
DPR-CARD-063,DIS-CARD-062,PRS-CARD-041,source_checked,needs_medical_review,common,typical,common,variable,all ages as clinically relevant,not specific,"outpatient, emergency, or inpatient according to acuity",Use the linked disease illness script and localizing findings.,Interpret key absent findings in clinical context.,false,Step 1; Step 2 CK; Step 3,Internal Medicine; Surgery; Family Medicine; Pediatrics; Neurology; Emergency Medicine,partially_source_supported
DPR-CARD-064,DIS-CARD-063,PRS-CARD-041,source_checked,needs_medical_review,common,typical,common,variable,all ages as clinically relevant,not specific,"outpatient, emergency, or inpatient according to acuity",Use the linked disease illness script and localizing findings.,Interpret key absent findings in clinical context.,false,Step 1; Step 2 CK; Step 3,Internal Medicine; Surgery; Family Medicine; Pediatrics; Neurology; Emergency Medicine,partially_source_supported
DPR-CARD-065,DIS-CARD-064,PRS-CARD-041,source_checked,needs_medical_review,common,typical,common,variable,all ages as clinically relevant,not specific,"outpatient, emergency, or inpatient according to acuity",Use the linked disease illness script and localizing findings.,Interpret key absent findings in clinical context.,false,Step 1; Step 2 CK; Step 3,Internal Medicine; Surgery; Family Medicine; Pediatrics; Neurology; Emergency Medicine,partially_source_supported
DPR-CARD-066,DIS-CARD-065,PRS-CARD-041,source_checked,needs_medical_review,common,typical,common,variable,all ages as clinically relevant,not specific,"outpatient, emergency, or inpatient according to acuity",Use the linked disease illness script and localizing findings.,Interpret key absent findings in clinical context.,false,Step 1; Step 2 CK; Step 3,Internal Medicine; Surgery; Family Medicine; Pediatrics; Neurology; Emergency Medicine,partially_source_supported
DPR-CARD-067,DIS-CARD-066,PRS-003,source_checked,needs_medical_review,common,typical,common,variable,all ages as clinically relevant,not specific,"outpatient, emergency, or inpatient according to acuity",Use the linked disease illness script and localizing findings.,Interpret key absent findings in clinical context.,false,Step 1; Step 2 CK; Step 3,Internal Medicine; Surgery; Family Medicine; Pediatrics; Neurology; Emergency Medicine,partially_source_supported
DPR-CARD-068,DIS-CARD-067,PRS-003,source_checked,needs_medical_review,common,typical,common,variable,all ages as clinically relevant,not specific,"outpatient, emergency, or inpatient according to acuity",Use the linked disease illness script and localizing findings.,Interpret key absent findings in clinical context.,false,Step 1; Step 2 CK; Step 3,Internal Medicine; Surgery; Family Medicine; Pediatrics; Neurology; Emergency Medicine,partially_source_supported
DPR-CARD-069,DIS-CARD-068,PRS-CARD-048,source_checked,needs_medical_review,common,typical,common,variable,all ages as clinically relevant,not specific,"outpatient, emergency, or inpatient according to acuity",Use the linked disease illness script and localizing findings.,Interpret key absent findings in clinical context.,false,Step 1; Step 2 CK; Step 3,Internal Medicine; Surgery; Family Medicine; Pediatrics; Neurology; Emergency Medicine,partially_source_supported
DPR-CARD-070,DIS-CARD-069,PRS-CARD-048,source_checked,needs_medical_review,common,typical,common,variable,all ages as clinically relevant,not specific,"outpatient, emergency, or inpatient according to acuity",Use the linked disease illness script and localizing findings.,Interpret key absent findings in clinical context.,false,Step 1; Step 2 CK; Step 3,Internal Medicine; Surgery; Family Medicine; Pediatrics; Neurology; Emergency Medicine,partially_source_supported
DPR-CARD-071,DIS-C-0014,PRS-CARD-048,source_checked,needs_medical_review,common,typical,common,variable,all ages as clinically relevant,not specific,"outpatient, emergency, or inpatient according to acuity",Use the linked disease illness script and localizing findings.,Interpret key absent findings in clinical context.,false,Step 1; Step 2 CK; Step 3,Internal Medicine; Surgery; Family Medicine; Pediatrics; Neurology; Emergency Medicine,partially_source_supported
DPR-CARD-072,DIS-CARD-071,PRS-004,source_checked,needs_medical_review,common,typical,common,variable,all ages as clinically relevant,not specific,"outpatient, emergency, or inpatient according to acuity",Use the linked disease illness script and localizing findings.,Interpret key absent findings in clinical context.,false,Step 1; Step 2 CK; Step 3,Internal Medicine; Surgery; Family Medicine; Pediatrics; Neurology; Emergency Medicine,partially_source_supported
DPR-CARD-073,DIS-CARD-072,PRS-CARD-049,source_checked,needs_medical_review,common,typical,common,variable,all ages as clinically relevant,not specific,"outpatient, emergency, or inpatient according to acuity",Use the linked disease illness script and localizing findings.,Interpret key absent findings in clinical context.,false,Step 1; Step 2 CK; Step 3,Internal Medicine; Surgery; Family Medicine; Pediatrics; Neurology; Emergency Medicine,partially_source_supported
DPR-CARD-074,DIS-CARD-073,PRS-CARD-049,source_checked,needs_medical_review,common,typical,common,variable,all ages as clinically relevant,not specific,"outpatient, emergency, or inpatient according to acuity",Use the linked disease illness script and localizing findings.,Interpret key absent findings in clinical context.,false,Step 1; Step 2 CK; Step 3,Internal Medicine; Surgery; Family Medicine; Pediatrics; Neurology; Emergency Medicine,partially_source_supported
DPR-CARD-075,DIS-CARD-074,PRS-CARD-048,source_checked,needs_medical_review,common,typical,common,variable,all ages as clinically relevant,not specific,"outpatient, emergency, or inpatient according to acuity",Use the linked disease illness script and localizing findings.,Interpret key absent findings in clinical context.,false,Step 1; Step 2 CK; Step 3,Internal Medicine; Surgery; Family Medicine; Pediatrics; Neurology; Emergency Medicine,partially_source_supported
DPR-CARD-076,DIS-CARD-075,PRS-CARD-048,source_checked,needs_medical_review,common,typical,common,variable,all ages as clinically relevant,not specific,"outpatient, emergency, or inpatient according to acuity",Use the linked disease illness script and localizing findings.,Interpret key absent findings in clinical context.,false,Step 1; Step 2 CK; Step 3,Internal Medicine; Surgery; Family Medicine; Pediatrics; Neurology; Emergency Medicine,partially_source_supported
DPR-CARD-077,DIS-CARD-076,PRS-005,source_checked,needs_medical_review,common,typical,common,variable,all ages as clinically relevant,not specific,"outpatient, emergency, or inpatient according to acuity",Use the linked disease illness script and localizing findings.,Interpret key absent findings in clinical context.,false,Step 1; Step 2 CK; Step 3,Internal Medicine; Surgery; Family Medicine; Pediatrics; Neurology; Emergency Medicine,partially_source_supported
DPR-CARD-078,DIS-CARD-077,PRS-005,source_checked,needs_medical_review,common,typical,common,variable,all ages as clinically relevant,not specific,"outpatient, emergency, or inpatient according to acuity",Use the linked disease illness script and localizing findings.,Interpret key absent findings in clinical context.,false,Step 1; Step 2 CK; Step 3,Internal Medicine; Surgery; Family Medicine; Pediatrics; Neurology; Emergency Medicine,partially_source_supported
DPR-CARD-079,DIS-CARD-078,PRS-005,source_checked,needs_medical_review,common,typical,common,variable,all ages as clinically relevant,not specific,"outpatient, emergency, or inpatient according to acuity",Use the linked disease illness script and localizing findings.,Interpret key absent findings in clinical context.,false,Step 1; Step 2 CK; Step 3,Internal Medicine; Surgery; Family Medicine; Pediatrics; Neurology; Emergency Medicine,partially_source_supported
DPR-CARD-080,DIS-CARD-079,PRS-008,source_checked,needs_medical_review,common,typical,common,variable,all ages as clinically relevant,not specific,"outpatient, emergency, or inpatient according to acuity",Use the linked disease illness script and localizing findings.,Interpret key absent findings in clinical context.,false,Step 1; Step 2 CK; Step 3,Internal Medicine; Surgery; Family Medicine; Pediatrics; Neurology; Emergency Medicine,partially_source_supported
DPR-CARD-081,DIS-CARD-080,PRS-CARD-048,source_checked,needs_medical_review,common,typical,common,variable,all ages as clinically relevant,not specific,"outpatient, emergency, or inpatient according to acuity",Use the linked disease illness script and localizing findings.,Interpret key absent findings in clinical context.,false,Step 1; Step 2 CK; Step 3,Internal Medicine; Surgery; Family Medicine; Pediatrics; Neurology; Emergency Medicine,partially_source_supported
DPR-CARD-082,DIS-CARD-081,PRS-005,source_checked,needs_medical_review,common,typical,common,variable,all ages as clinically relevant,not specific,"outpatient, emergency, or inpatient according to acuity",Use the linked disease illness script and localizing findings.,Interpret key absent findings in clinical context.,false,Step 1; Step 2 CK; Step 3,Internal Medicine; Surgery; Family Medicine; Pediatrics; Neurology; Emergency Medicine,partially_source_supported
DPR-CARD-083,DIS-CARD-082,PRS-CARD-048,source_checked,needs_medical_review,common,typical,common,variable,all ages as clinically relevant,not specific,"outpatient, emergency, or inpatient according to acuity",Use the linked disease illness script and localizing findings.,Interpret key absent findings in clinical context.,false,Step 1; Step 2 CK; Step 3,Internal Medicine; Surgery; Family Medicine; Pediatrics; Neurology; Emergency Medicine,partially_source_supported
DPR-CARD-084,DIS-CARD-083,PRS-CARD-048,source_checked,needs_medical_review,common,typical,common,variable,all ages as clinically relevant,not specific,"outpatient, emergency, or inpatient according to acuity",Use the linked disease illness script and localizing findings.,Interpret key absent findings in clinical context.,false,Step 1; Step 2 CK; Step 3,Internal Medicine; Surgery; Family Medicine; Pediatrics; Neurology; Emergency Medicine,partially_source_supported
DPR-CARD-085,DIS-CARD-084,PRS-CARD-048,source_checked,needs_medical_review,common,typical,common,variable,all ages as clinically relevant,not specific,"outpatient, emergency, or inpatient according to acuity",Use the linked disease illness script and localizing findings.,Interpret key absent findings in clinical context.,false,Step 1; Step 2 CK; Step 3,Internal Medicine; Surgery; Family Medicine; Pediatrics; Neurology; Emergency Medicine,partially_source_supported
DPR-CARD-086,DIS-CARD-085,PRS-CARD-048,source_checked,needs_medical_review,common,typical,common,variable,all ages as clinically relevant,not specific,"outpatient, emergency, or inpatient according to acuity",Use the linked disease illness script and localizing findings.,Interpret key absent findings in clinical context.,false,Step 1; Step 2 CK; Step 3,Internal Medicine; Surgery; Family Medicine; Pediatrics; Neurology; Emergency Medicine,partially_source_supported
DPR-CARD-087,DIS-CARD-086,PRS-CARD-045,source_checked,needs_medical_review,common,typical,common,variable,all ages as clinically relevant,not specific,"outpatient, emergency, or inpatient according to acuity",Use the linked disease illness script and localizing findings.,Interpret key absent findings in clinical context.,false,Step 1; Step 2 CK; Step 3,Internal Medicine; Surgery; Family Medicine; Pediatrics; Neurology; Emergency Medicine,partially_source_supported
DPR-CARD-088,DIS-CARD-087,PRS-CARD-042,source_checked,needs_medical_review,common,typical,common,variable,all ages as clinically relevant,not specific,"outpatient, emergency, or inpatient according to acuity",Use the linked disease illness script and localizing findings.,Interpret key absent findings in clinical context.,false,Step 1; Step 2 CK; Step 3,Internal Medicine; Surgery; Family Medicine; Pediatrics; Neurology; Emergency Medicine,partially_source_supported
DPR-CARD-089,DIS-CARD-088,PRS-CARD-042,source_checked,needs_medical_review,common,typical,common,variable,all ages as clinically relevant,not specific,"outpatient, emergency, or inpatient according to acuity",Use the linked disease illness script and localizing findings.,Interpret key absent findings in clinical context.,false,Step 1; Step 2 CK; Step 3,Internal Medicine; Surgery; Family Medicine; Pediatrics; Neurology; Emergency Medicine,partially_source_supported
DPR-CARD-090,DIS-CARD-089,PRS-CARD-042,source_checked,needs_medical_review,common,typical,common,variable,all ages as clinically relevant,not specific,"outpatient, emergency, or inpatient according to acuity",Use the linked disease illness script and localizing findings.,Interpret key absent findings in clinical context.,false,Step 1; Step 2 CK; Step 3,Internal Medicine; Surgery; Family Medicine; Pediatrics; Neurology; Emergency Medicine,partially_source_supported
DPR-CARD-091,DIS-CARD-090,PRS-CARD-042,source_checked,needs_medical_review,common,typical,common,variable,all ages as clinically relevant,not specific,"outpatient, emergency, or inpatient according to acuity",Use the linked disease illness script and localizing findings.,Interpret key absent findings in clinical context.,false,Step 1; Step 2 CK; Step 3,Internal Medicine; Surgery; Family Medicine; Pediatrics; Neurology; Emergency Medicine,partially_source_supported
DPR-CARD-092,DIS-CARD-091,PRS-CARD-042,source_checked,needs_medical_review,common,typical,common,variable,all ages as clinically relevant,not specific,"outpatient, emergency, or inpatient according to acuity",Use the linked disease illness script and localizing findings.,Interpret key absent findings in clinical context.,false,Step 1; Step 2 CK; Step 3,Internal Medicine; Surgery; Family Medicine; Pediatrics; Neurology; Emergency Medicine,partially_source_supported
DPR-CARD-093,DIS-CARD-092,PRS-CARD-042,source_checked,needs_medical_review,common,typical,common,variable,all ages as clinically relevant,not specific,"outpatient, emergency, or inpatient according to acuity",Use the linked disease illness script and localizing findings.,Interpret key absent findings in clinical context.,false,Step 1; Step 2 CK; Step 3,Internal Medicine; Surgery; Family Medicine; Pediatrics; Neurology; Emergency Medicine,partially_source_supported
DPR-CARD-094,DIS-CARD-093,PRS-CARD-042,source_checked,needs_medical_review,common,typical,common,variable,all ages as clinically relevant,not specific,"outpatient, emergency, or inpatient according to acuity",Use the linked disease illness script and localizing findings.,Interpret key absent findings in clinical context.,false,Step 1; Step 2 CK; Step 3,Internal Medicine; Surgery; Family Medicine; Pediatrics; Neurology; Emergency Medicine,partially_source_supported
DPR-CARD-095,DIS-CARD-094,PRS-CARD-048,source_checked,needs_medical_review,common,typical,common,variable,all ages as clinically relevant,not specific,"outpatient, emergency, or inpatient according to acuity",Use the linked disease illness script and localizing findings.,Interpret key absent findings in clinical context.,false,Step 1; Step 2 CK; Step 3,Internal Medicine; Surgery; Family Medicine; Pediatrics; Neurology; Emergency Medicine,partially_source_supported
DPR-CARD-096,DIS-CARD-095,PRS-035,source_checked,needs_medical_review,common,typical,common,variable,all ages as clinically relevant,not specific,"outpatient, emergency, or inpatient according to acuity",Use the linked disease illness script and localizing findings.,Interpret key absent findings in clinical context.,false,Step 1; Step 2 CK; Step 3,Internal Medicine; Surgery; Family Medicine; Pediatrics; Neurology; Emergency Medicine,partially_source_supported
DPR-CARD-097,DIS-CARD-096,PRS-003,source_checked,needs_medical_review,common,typical,common,variable,all ages as clinically relevant,not specific,"outpatient, emergency, or inpatient according to acuity",Use the linked disease illness script and localizing findings.,Interpret key absent findings in clinical context.,false,Step 1; Step 2 CK; Step 3,Internal Medicine; Surgery; Family Medicine; Pediatrics; Neurology; Emergency Medicine,partially_source_supported
DPR-CARD-098,DIS-CARD-097,PRS-003,source_checked,needs_medical_review,common,typical,common,variable,all ages as clinically relevant,not specific,"outpatient, emergency, or inpatient according to acuity",Use the linked disease illness script and localizing findings.,Interpret key absent findings in clinical context.,false,Step 1; Step 2 CK; Step 3,Internal Medicine; Surgery; Family Medicine; Pediatrics; Neurology; Emergency Medicine,partially_source_supported
DPR-CARD-099,DIS-CARD-098,PRS-003,source_checked,needs_medical_review,common,typical,common,variable,all ages as clinically relevant,not specific,"outpatient, emergency, or inpatient according to acuity",Use the linked disease illness script and localizing findings.,Interpret key absent findings in clinical context.,false,Step 1; Step 2 CK; Step 3,Internal Medicine; Surgery; Family Medicine; Pediatrics; Neurology; Emergency Medicine,partially_source_supported
DPR-CARD-100,DIS-CARD-099,PRS-003,source_checked,needs_medical_review,common,typical,common,variable,all ages as clinically relevant,not specific,"outpatient, emergency, or inpatient according to acuity",Use the linked disease illness script and localizing findings.,Interpret key absent findings in clinical context.,false,Step 1; Step 2 CK; Step 3,Internal Medicine; Surgery; Family Medicine; Pediatrics; Neurology; Emergency Medicine,partially_source_supported
DPR-CARD-101,DIS-CARD-100,PRS-003,source_checked,needs_medical_review,common,typical,common,variable,all ages as clinically relevant,not specific,"outpatient, emergency, or inpatient according to acuity",Use the linked disease illness script and localizing findings.,Interpret key absent findings in clinical context.,false,Step 1; Step 2 CK; Step 3,Internal Medicine; Surgery; Family Medicine; Pediatrics; Neurology; Emergency Medicine,partially_source_supported
DPR-REN-001,DIS-REN-ACUTEKIDNEYINJURY,PRS-017,source_checked,needs_medical_review,common,typical,common,variable,all ages as clinically relevant,not specific,"outpatient, emergency, or inpatient according to acuity",Use the linked disease illness script and localizing findings.,Interpret key absent findings in clinical context.,false,Step 1; Step 2 CK; Step 3,Internal Medicine; Surgery; Family Medicine; Pediatrics; Neurology; Emergency Medicine,partially_source_supported
DPR-REN-002,DIS-REN-PYELONEPHRITIS,PRS-REN-013,source_checked,needs_medical_review,common,typical,common,variable,all ages as clinically relevant,not specific,"outpatient, emergency, or inpatient according to acuity",Use the linked disease illness script and localizing findings.,Interpret key absent findings in clinical context.,false,Step 1; Step 2 CK; Step 3,Internal Medicine; Surgery; Family Medicine; Pediatrics; Neurology; Emergency Medicine,partially_source_supported
DPR-REN-003,DIS-REN-RENALCOLIC,PRS-REN-029,source_checked,needs_medical_review,common,typical,common,variable,all ages as clinically relevant,not specific,"outpatient, emergency, or inpatient according to acuity",Use the linked disease illness script and localizing findings.,Interpret key absent findings in clinical context.,false,Step 1; Step 2 CK; Step 3,Internal Medicine; Surgery; Family Medicine; Pediatrics; Neurology; Emergency Medicine,partially_source_supported
DPR-REN-004,DIS-REN-RENALTUBULARACIDOSIS,PRS-REN-021,source_checked,needs_medical_review,common,typical,common,variable,all ages as clinically relevant,not specific,"outpatient, emergency, or inpatient according to acuity",Use the linked disease illness script and localizing findings.,Interpret key absent findings in clinical context.,false,Step 1; Step 2 CK; Step 3,Internal Medicine; Surgery; Family Medicine; Pediatrics; Neurology; Emergency Medicine,partially_source_supported
DPR-REN-005,DIS-REN-PRERENALAZOTEMIA,PRS-039,source_checked,needs_medical_review,common,typical,common,variable,all ages as clinically relevant,not specific,"outpatient, emergency, or inpatient according to acuity",Use the linked disease illness script and localizing findings.,Interpret key absent findings in clinical context.,false,Step 1; Step 2 CK; Step 3,Internal Medicine; Surgery; Family Medicine; Pediatrics; Neurology; Emergency Medicine,partially_source_supported
DPR-REN-006,DIS-REN-ISCHEMICACUTETUBULAR,PRS-017,source_checked,needs_medical_review,common,typical,common,variable,all ages as clinically relevant,not specific,"outpatient, emergency, or inpatient according to acuity",Use the linked disease illness script and localizing findings.,Interpret key absent findings in clinical context.,false,Step 1; Step 2 CK; Step 3,Internal Medicine; Surgery; Family Medicine; Pediatrics; Neurology; Emergency Medicine,partially_source_supported
DPR-REN-007,DIS-REN-NEPHROTOXICACUTETUBU,PRS-017,source_checked,needs_medical_review,common,typical,common,variable,all ages as clinically relevant,not specific,"outpatient, emergency, or inpatient according to acuity",Use the linked disease illness script and localizing findings.,Interpret key absent findings in clinical context.,false,Step 1; Step 2 CK; Step 3,Internal Medicine; Surgery; Family Medicine; Pediatrics; Neurology; Emergency Medicine,partially_source_supported
DPR-REN-008,DIS-REN-ACUTEINTERSTITIALNEP,PRS-REN-011,source_checked,needs_medical_review,common,typical,common,variable,all ages as clinically relevant,not specific,"outpatient, emergency, or inpatient according to acuity",Use the linked disease illness script and localizing findings.,Interpret key absent findings in clinical context.,false,Step 1; Step 2 CK; Step 3,Internal Medicine; Surgery; Family Medicine; Pediatrics; Neurology; Emergency Medicine,partially_source_supported
DPR-REN-009,DIS-REN-POSTRENALACUTEKIDNEY,PRS-REN-005,source_checked,needs_medical_review,common,typical,common,variable,all ages as clinically relevant,not specific,"outpatient, emergency, or inpatient according to acuity",Use the linked disease illness script and localizing findings.,Interpret key absent findings in clinical context.,false,Step 1; Step 2 CK; Step 3,Internal Medicine; Surgery; Family Medicine; Pediatrics; Neurology; Emergency Medicine,partially_source_supported
DPR-REN-010,DIS-REN-PIGMENTNEPHROPATHY,PRS-017,source_checked,needs_medical_review,common,typical,common,variable,all ages as clinically relevant,not specific,"outpatient, emergency, or inpatient according to acuity",Use the linked disease illness script and localizing findings.,Interpret key absent findings in clinical context.,false,Step 1; Step 2 CK; Step 3,Internal Medicine; Surgery; Family Medicine; Pediatrics; Neurology; Emergency Medicine,partially_source_supported
DPR-REN-011,DIS-REN-RHABDOMYOLYSISASSOCI,PRS-017,source_checked,needs_medical_review,common,typical,common,variable,all ages as clinically relevant,not specific,"outpatient, emergency, or inpatient according to acuity",Use the linked disease illness script and localizing findings.,Interpret key absent findings in clinical context.,false,Step 1; Step 2 CK; Step 3,Internal Medicine; Surgery; Family Medicine; Pediatrics; Neurology; Emergency Medicine,partially_source_supported
DPR-REN-012,DIS-REN-TUMORLYSISASSOCIATED,PRS-REN-010,source_checked,needs_medical_review,common,typical,common,variable,all ages as clinically relevant,not specific,"outpatient, emergency, or inpatient according to acuity",Use the linked disease illness script and localizing findings.,Interpret key absent findings in clinical context.,false,Step 1; Step 2 CK; Step 3,Internal Medicine; Surgery; Family Medicine; Pediatrics; Neurology; Emergency Medicine,partially_source_supported
DPR-REN-013,DIS-REN-CONTRASTASSOCIATEDAC,PRS-REN-011,source_checked,needs_medical_review,common,typical,common,variable,all ages as clinically relevant,not specific,"outpatient, emergency, or inpatient according to acuity",Use the linked disease illness script and localizing findings.,Interpret key absent findings in clinical context.,false,Step 1; Step 2 CK; Step 3,Internal Medicine; Surgery; Family Medicine; Pediatrics; Neurology; Emergency Medicine,partially_source_supported
DPR-REN-014,DIS-REN-ACUTEPHOSPHATENEPHRO,PRS-REN-011,source_checked,needs_medical_review,common,typical,common,variable,all ages as clinically relevant,not specific,"outpatient, emergency, or inpatient according to acuity",Use the linked disease illness script and localizing findings.,Interpret key absent findings in clinical context.,false,Step 1; Step 2 CK; Step 3,Internal Medicine; Surgery; Family Medicine; Pediatrics; Neurology; Emergency Medicine,partially_source_supported
DPR-REN-015,DIS-REN-HEPATORENALSYNDROME,PRS-017,source_checked,needs_medical_review,common,typical,common,variable,all ages as clinically relevant,not specific,"outpatient, emergency, or inpatient according to acuity",Use the linked disease illness script and localizing findings.,Interpret key absent findings in clinical context.,false,Step 1; Step 2 CK; Step 3,Internal Medicine; Surgery; Family Medicine; Pediatrics; Neurology; Emergency Medicine,partially_source_supported
DPR-REN-016,DIS-REN-CARDIORENALSYNDROME,PRS-018,source_checked,needs_medical_review,common,typical,common,variable,all ages as clinically relevant,not specific,"outpatient, emergency, or inpatient according to acuity",Use the linked disease illness script and localizing findings.,Interpret key absent findings in clinical context.,false,Step 1; Step 2 CK; Step 3,Internal Medicine; Surgery; Family Medicine; Pediatrics; Neurology; Emergency Medicine,partially_source_supported
DPR-REN-017,DIS-REN-RENALINFARCTION,PRS-REN-014,source_checked,needs_medical_review,common,typical,common,variable,all ages as clinically relevant,not specific,"outpatient, emergency, or inpatient according to acuity",Use the linked disease illness script and localizing findings.,Interpret key absent findings in clinical context.,false,Step 1; Step 2 CK; Step 3,Internal Medicine; Surgery; Family Medicine; Pediatrics; Neurology; Emergency Medicine,partially_source_supported
DPR-REN-018,DIS-REN-CHRONICKIDNEYDISEASE,PRS-REN-011,source_checked,needs_medical_review,common,typical,common,variable,all ages as clinically relevant,not specific,"outpatient, emergency, or inpatient according to acuity",Use the linked disease illness script and localizing findings.,Interpret key absent findings in clinical context.,false,Step 1; Step 2 CK; Step 3,Internal Medicine; Surgery; Family Medicine; Pediatrics; Neurology; Emergency Medicine,partially_source_supported
DPR-REN-019,DIS-REN-DIABETICKIDNEYDISEAS,PRS-REN-027,source_checked,needs_medical_review,common,typical,common,variable,all ages as clinically relevant,not specific,"outpatient, emergency, or inpatient according to acuity",Use the linked disease illness script and localizing findings.,Interpret key absent findings in clinical context.,false,Step 1; Step 2 CK; Step 3,Internal Medicine; Surgery; Family Medicine; Pediatrics; Neurology; Emergency Medicine,partially_source_supported
DPR-REN-020,DIS-REN-HYPERTENSIVENEPHROSC,PRS-CARD-045,source_checked,needs_medical_review,common,typical,common,variable,all ages as clinically relevant,not specific,"outpatient, emergency, or inpatient according to acuity",Use the linked disease illness script and localizing findings.,Interpret key absent findings in clinical context.,false,Step 1; Step 2 CK; Step 3,Internal Medicine; Surgery; Family Medicine; Pediatrics; Neurology; Emergency Medicine,partially_source_supported
DPR-REN-021,DIS-REN-AUTOSOMALDOMINANTPOL,PRS-016,source_checked,needs_medical_review,common,typical,common,variable,all ages as clinically relevant,not specific,"outpatient, emergency, or inpatient according to acuity",Use the linked disease illness script and localizing findings.,Interpret key absent findings in clinical context.,false,Step 1; Step 2 CK; Step 3,Internal Medicine; Surgery; Family Medicine; Pediatrics; Neurology; Emergency Medicine,partially_source_supported
DPR-REN-022,DIS-REN-ENDSTAGEKIDNEYDISEAS,PRS-REN-031,source_checked,needs_medical_review,common,typical,common,variable,all ages as clinically relevant,not specific,"outpatient, emergency, or inpatient according to acuity",Use the linked disease illness script and localizing findings.,Interpret key absent findings in clinical context.,false,Step 1; Step 2 CK; Step 3,Internal Medicine; Surgery; Family Medicine; Pediatrics; Neurology; Emergency Medicine,partially_source_supported
DPR-REN-023,DIS-REN-UREMIA,PRS-REN-031,source_checked,needs_medical_review,common,typical,common,variable,all ages as clinically relevant,not specific,"outpatient, emergency, or inpatient according to acuity",Use the linked disease illness script and localizing findings.,Interpret key absent findings in clinical context.,false,Step 1; Step 2 CK; Step 3,Internal Medicine; Surgery; Family Medicine; Pediatrics; Neurology; Emergency Medicine,partially_source_supported
DPR-REN-024,DIS-REN-UREMICENCEPHALOPATHY,PRS-006,source_checked,needs_medical_review,common,typical,common,variable,all ages as clinically relevant,not specific,"outpatient, emergency, or inpatient according to acuity",Use the linked disease illness script and localizing findings.,Interpret key absent findings in clinical context.,false,Step 1; Step 2 CK; Step 3,Internal Medicine; Surgery; Family Medicine; Pediatrics; Neurology; Emergency Medicine,partially_source_supported
DPR-REN-025,DIS-REN-UREMICPERICARDITIS,PRS-001,source_checked,needs_medical_review,common,typical,common,variable,all ages as clinically relevant,not specific,"outpatient, emergency, or inpatient according to acuity",Use the linked disease illness script and localizing findings.,Interpret key absent findings in clinical context.,false,Step 1; Step 2 CK; Step 3,Internal Medicine; Surgery; Family Medicine; Pediatrics; Neurology; Emergency Medicine,partially_source_supported
DPR-REN-026,DIS-REN-ANEMIAOFCKD,PRS-022,source_checked,needs_medical_review,common,typical,common,variable,all ages as clinically relevant,not specific,"outpatient, emergency, or inpatient according to acuity",Use the linked disease illness script and localizing findings.,Interpret key absent findings in clinical context.,false,Step 1; Step 2 CK; Step 3,Internal Medicine; Surgery; Family Medicine; Pediatrics; Neurology; Emergency Medicine,partially_source_supported
DPR-REN-027,DIS-REN-CALCIPHYLAXIS,PRS-REN-030,source_checked,needs_medical_review,common,typical,common,variable,all ages as clinically relevant,not specific,"outpatient, emergency, or inpatient according to acuity",Use the linked disease illness script and localizing findings.,Interpret key absent findings in clinical context.,false,Step 1; Step 2 CK; Step 3,Internal Medicine; Surgery; Family Medicine; Pediatrics; Neurology; Emergency Medicine,partially_source_supported
DPR-REN-028,DIS-REN-NEPHRITICSYNDROME,PRS-016,source_checked,needs_medical_review,common,typical,common,variable,all ages as clinically relevant,not specific,"outpatient, emergency, or inpatient according to acuity",Use the linked disease illness script and localizing findings.,Interpret key absent findings in clinical context.,false,Step 1; Step 2 CK; Step 3,Internal Medicine; Surgery; Family Medicine; Pediatrics; Neurology; Emergency Medicine,partially_source_supported
DPR-REN-029,DIS-REN-POSTSTREPTOCOCCALGLO,PRS-016,source_checked,needs_medical_review,common,typical,common,variable,all ages as clinically relevant,not specific,"outpatient, emergency, or inpatient according to acuity",Use the linked disease illness script and localizing findings.,Interpret key absent findings in clinical context.,false,Step 1; Step 2 CK; Step 3,Internal Medicine; Surgery; Family Medicine; Pediatrics; Neurology; Emergency Medicine,partially_source_supported
DPR-REN-030,DIS-REN-IGANEPHROPATHY,PRS-016,source_checked,needs_medical_review,common,typical,common,variable,all ages as clinically relevant,not specific,"outpatient, emergency, or inpatient according to acuity",Use the linked disease illness script and localizing findings.,Interpret key absent findings in clinical context.,false,Step 1; Step 2 CK; Step 3,Internal Medicine; Surgery; Family Medicine; Pediatrics; Neurology; Emergency Medicine,partially_source_supported
DPR-REN-031,DIS-REN-ALPORTSYNDROME,PRS-016,source_checked,needs_medical_review,common,typical,common,variable,all ages as clinically relevant,not specific,"outpatient, emergency, or inpatient according to acuity",Use the linked disease illness script and localizing findings.,Interpret key absent findings in clinical context.,false,Step 1; Step 2 CK; Step 3,Internal Medicine; Surgery; Family Medicine; Pediatrics; Neurology; Emergency Medicine,partially_source_supported
DPR-REN-032,DIS-REN-IGAVASCULITIS,PRS-016,source_checked,needs_medical_review,common,typical,common,variable,all ages as clinically relevant,not specific,"outpatient, emergency, or inpatient according to acuity",Use the linked disease illness script and localizing findings.,Interpret key absent findings in clinical context.,false,Step 1; Step 2 CK; Step 3,Internal Medicine; Surgery; Family Medicine; Pediatrics; Neurology; Emergency Medicine,partially_source_supported
DPR-REN-033,DIS-REN-RAPIDLYPROGRESSIVEGL,PRS-017,source_checked,needs_medical_review,common,typical,common,variable,all ages as clinically relevant,not specific,"outpatient, emergency, or inpatient according to acuity",Use the linked disease illness script and localizing findings.,Interpret key absent findings in clinical context.,false,Step 1; Step 2 CK; Step 3,Internal Medicine; Surgery; Family Medicine; Pediatrics; Neurology; Emergency Medicine,partially_source_supported
DPR-REN-034,DIS-REN-ANTIGBMDISEASE,PRS-016,source_checked,needs_medical_review,common,typical,common,variable,all ages as clinically relevant,not specific,"outpatient, emergency, or inpatient according to acuity",Use the linked disease illness script and localizing findings.,Interpret key absent findings in clinical context.,false,Step 1; Step 2 CK; Step 3,Internal Medicine; Surgery; Family Medicine; Pediatrics; Neurology; Emergency Medicine,partially_source_supported
DPR-REN-035,DIS-REN-GRANULOMATOSISWITHPO,PRS-016,source_checked,needs_medical_review,common,typical,common,variable,all ages as clinically relevant,not specific,"outpatient, emergency, or inpatient according to acuity",Use the linked disease illness script and localizing findings.,Interpret key absent findings in clinical context.,false,Step 1; Step 2 CK; Step 3,Internal Medicine; Surgery; Family Medicine; Pediatrics; Neurology; Emergency Medicine,partially_source_supported
DPR-REN-036,DIS-REN-MICROSCOPICPOLYANGII,PRS-016,source_checked,needs_medical_review,common,typical,common,variable,all ages as clinically relevant,not specific,"outpatient, emergency, or inpatient according to acuity",Use the linked disease illness script and localizing findings.,Interpret key absent findings in clinical context.,false,Step 1; Step 2 CK; Step 3,Internal Medicine; Surgery; Family Medicine; Pediatrics; Neurology; Emergency Medicine,partially_source_supported
DPR-REN-037,DIS-REN-LUPUSNEPHRITIS,PRS-REN-027,source_checked,needs_medical_review,common,typical,common,variable,all ages as clinically relevant,not specific,"outpatient, emergency, or inpatient according to acuity",Use the linked disease illness script and localizing findings.,Interpret key absent findings in clinical context.,false,Step 1; Step 2 CK; Step 3,Internal Medicine; Surgery; Family Medicine; Pediatrics; Neurology; Emergency Medicine,partially_source_supported
DPR-REN-038,DIS-REN-MEMBRANOPROLIFERATIV,PRS-016,source_checked,needs_medical_review,common,typical,common,variable,all ages as clinically relevant,not specific,"outpatient, emergency, or inpatient according to acuity",Use the linked disease illness script and localizing findings.,Interpret key absent findings in clinical context.,false,Step 1; Step 2 CK; Step 3,Internal Medicine; Surgery; Family Medicine; Pediatrics; Neurology; Emergency Medicine,partially_source_supported
DPR-REN-039,DIS-REN-NEPHROTICSYNDROME,PRS-018,source_checked,needs_medical_review,common,typical,common,variable,all ages as clinically relevant,not specific,"outpatient, emergency, or inpatient according to acuity",Use the linked disease illness script and localizing findings.,Interpret key absent findings in clinical context.,false,Step 1; Step 2 CK; Step 3,Internal Medicine; Surgery; Family Medicine; Pediatrics; Neurology; Emergency Medicine,partially_source_supported
DPR-REN-040,DIS-REN-MINIMALCHANGEDISEASE,PRS-018,source_checked,needs_medical_review,common,typical,common,variable,all ages as clinically relevant,not specific,"outpatient, emergency, or inpatient according to acuity",Use the linked disease illness script and localizing findings.,Interpret key absent findings in clinical context.,false,Step 1; Step 2 CK; Step 3,Internal Medicine; Surgery; Family Medicine; Pediatrics; Neurology; Emergency Medicine,partially_source_supported
DPR-REN-041,DIS-REN-FOCALSEGMENTALGLOMER,PRS-REN-027,source_checked,needs_medical_review,common,typical,common,variable,all ages as clinically relevant,not specific,"outpatient, emergency, or inpatient according to acuity",Use the linked disease illness script and localizing findings.,Interpret key absent findings in clinical context.,false,Step 1; Step 2 CK; Step 3,Internal Medicine; Surgery; Family Medicine; Pediatrics; Neurology; Emergency Medicine,partially_source_supported
DPR-REN-042,DIS-REN-MEMBRANOUSNEPHROPATH,PRS-REN-027,source_checked,needs_medical_review,common,typical,common,variable,all ages as clinically relevant,not specific,"outpatient, emergency, or inpatient according to acuity",Use the linked disease illness script and localizing findings.,Interpret key absent findings in clinical context.,false,Step 1; Step 2 CK; Step 3,Internal Medicine; Surgery; Family Medicine; Pediatrics; Neurology; Emergency Medicine,partially_source_supported
DPR-REN-043,DIS-REN-AMYLOIDOSIS,PRS-REN-027,source_checked,needs_medical_review,common,typical,common,variable,all ages as clinically relevant,not specific,"outpatient, emergency, or inpatient according to acuity",Use the linked disease illness script and localizing findings.,Interpret key absent findings in clinical context.,false,Step 1; Step 2 CK; Step 3,Internal Medicine; Surgery; Family Medicine; Pediatrics; Neurology; Emergency Medicine,partially_source_supported
DPR-REN-044,DIS-REN-FANCONISYNDROME,PRS-REN-021,source_checked,needs_medical_review,common,typical,common,variable,all ages as clinically relevant,not specific,"outpatient, emergency, or inpatient according to acuity",Use the linked disease illness script and localizing findings.,Interpret key absent findings in clinical context.,false,Step 1; Step 2 CK; Step 3,Internal Medicine; Surgery; Family Medicine; Pediatrics; Neurology; Emergency Medicine,partially_source_supported
DPR-REN-045,DIS-REN-RENALPAPILLARYNECROS,PRS-016,source_checked,needs_medical_review,common,typical,common,variable,all ages as clinically relevant,not specific,"outpatient, emergency, or inpatient according to acuity",Use the linked disease illness script and localizing findings.,Interpret key absent findings in clinical context.,false,Step 1; Step 2 CK; Step 3,Internal Medicine; Surgery; Family Medicine; Pediatrics; Neurology; Emergency Medicine,partially_source_supported
DPR-REN-046,DIS-REN-PROXIMALRENALTUBULAR,PRS-REN-021,source_checked,needs_medical_review,common,typical,common,variable,all ages as clinically relevant,not specific,"outpatient, emergency, or inpatient according to acuity",Use the linked disease illness script and localizing findings.,Interpret key absent findings in clinical context.,false,Step 1; Step 2 CK; Step 3,Internal Medicine; Surgery; Family Medicine; Pediatrics; Neurology; Emergency Medicine,partially_source_supported
DPR-REN-047,DIS-REN-DISTALRENALTUBULARAC,PRS-REN-021,source_checked,needs_medical_review,common,typical,common,variable,all ages as clinically relevant,not specific,"outpatient, emergency, or inpatient according to acuity",Use the linked disease illness script and localizing findings.,Interpret key absent findings in clinical context.,false,Step 1; Step 2 CK; Step 3,Internal Medicine; Surgery; Family Medicine; Pediatrics; Neurology; Emergency Medicine,partially_source_supported
DPR-REN-048,DIS-REN-TYPE4RENALTUBULARACI,PRS-REN-016,source_checked,needs_medical_review,common,typical,common,variable,all ages as clinically relevant,not specific,"outpatient, emergency, or inpatient according to acuity",Use the linked disease illness script and localizing findings.,Interpret key absent findings in clinical context.,false,Step 1; Step 2 CK; Step 3,Internal Medicine; Surgery; Family Medicine; Pediatrics; Neurology; Emergency Medicine,partially_source_supported
DPR-REN-049,DIS-REN-BARTTERSYNDROME,PRS-REN-019,source_checked,needs_medical_review,common,typical,common,variable,all ages as clinically relevant,not specific,"outpatient, emergency, or inpatient according to acuity",Use the linked disease illness script and localizing findings.,Interpret key absent findings in clinical context.,false,Step 1; Step 2 CK; Step 3,Internal Medicine; Surgery; Family Medicine; Pediatrics; Neurology; Emergency Medicine,partially_source_supported
DPR-REN-050,DIS-REN-GITELMANSYNDROME,PRS-REN-019,source_checked,needs_medical_review,common,typical,common,variable,all ages as clinically relevant,not specific,"outpatient, emergency, or inpatient according to acuity",Use the linked disease illness script and localizing findings.,Interpret key absent findings in clinical context.,false,Step 1; Step 2 CK; Step 3,Internal Medicine; Surgery; Family Medicine; Pediatrics; Neurology; Emergency Medicine,partially_source_supported
DPR-REN-051,DIS-REN-LIDDLESYNDROME,PRS-CARD-045,source_checked,needs_medical_review,common,typical,common,variable,all ages as clinically relevant,not specific,"outpatient, emergency, or inpatient according to acuity",Use the linked disease illness script and localizing findings.,Interpret key absent findings in clinical context.,false,Step 1; Step 2 CK; Step 3,Internal Medicine; Surgery; Family Medicine; Pediatrics; Neurology; Emergency Medicine,partially_source_supported
DPR-REN-052,DIS-REN-NEPHROGENICDIABETESI,PRS-REN-025,source_checked,needs_medical_review,common,typical,common,variable,all ages as clinically relevant,not specific,"outpatient, emergency, or inpatient according to acuity",Use the linked disease illness script and localizing findings.,Interpret key absent findings in clinical context.,false,Step 1; Step 2 CK; Step 3,Internal Medicine; Surgery; Family Medicine; Pediatrics; Neurology; Emergency Medicine,partially_source_supported
DPR-REN-053,DIS-REN-LITHIUMASSOCIATEDNEP,PRS-REN-025,source_checked,needs_medical_review,common,typical,common,variable,all ages as clinically relevant,not specific,"outpatient, emergency, or inpatient according to acuity",Use the linked disease illness script and localizing findings.,Interpret key absent findings in clinical context.,false,Step 1; Step 2 CK; Step 3,Internal Medicine; Surgery; Family Medicine; Pediatrics; Neurology; Emergency Medicine,partially_source_supported
DPR-REN-054,DIS-REN-METABOLICACIDOSIS,PRS-REN-021,source_checked,needs_medical_review,common,typical,common,variable,all ages as clinically relevant,not specific,"outpatient, emergency, or inpatient according to acuity",Use the linked disease illness script and localizing findings.,Interpret key absent findings in clinical context.,false,Step 1; Step 2 CK; Step 3,Internal Medicine; Surgery; Family Medicine; Pediatrics; Neurology; Emergency Medicine,partially_source_supported
DPR-REN-055,DIS-REN-HIGHANIONGAPMETABOLI,PRS-REN-021,source_checked,needs_medical_review,common,typical,common,variable,all ages as clinically relevant,not specific,"outpatient, emergency, or inpatient according to acuity",Use the linked disease illness script and localizing findings.,Interpret key absent findings in clinical context.,false,Step 1; Step 2 CK; Step 3,Internal Medicine; Surgery; Family Medicine; Pediatrics; Neurology; Emergency Medicine,partially_source_supported
DPR-REN-056,DIS-REN-NORMALANIONGAPMETABO,PRS-REN-021,source_checked,needs_medical_review,common,typical,common,variable,all ages as clinically relevant,not specific,"outpatient, emergency, or inpatient according to acuity",Use the linked disease illness script and localizing findings.,Interpret key absent findings in clinical context.,false,Step 1; Step 2 CK; Step 3,Internal Medicine; Surgery; Family Medicine; Pediatrics; Neurology; Emergency Medicine,partially_source_supported
DPR-REN-057,DIS-REN-METABOLICALKALOSIS,PRS-REN-022,source_checked,needs_medical_review,common,typical,common,variable,all ages as clinically relevant,not specific,"outpatient, emergency, or inpatient according to acuity",Use the linked disease illness script and localizing findings.,Interpret key absent findings in clinical context.,false,Step 1; Step 2 CK; Step 3,Internal Medicine; Surgery; Family Medicine; Pediatrics; Neurology; Emergency Medicine,partially_source_supported
DPR-REN-058,DIS-REN-LACTICACIDOSIS,PRS-REN-021,source_checked,needs_medical_review,common,typical,common,variable,all ages as clinically relevant,not specific,"outpatient, emergency, or inpatient according to acuity",Use the linked disease illness script and localizing findings.,Interpret key absent findings in clinical context.,false,Step 1; Step 2 CK; Step 3,Internal Medicine; Surgery; Family Medicine; Pediatrics; Neurology; Emergency Medicine,partially_source_supported
DPR-REN-059,DIS-REN-KETOACIDOSIS,PRS-REN-021,source_checked,needs_medical_review,common,typical,common,variable,all ages as clinically relevant,not specific,"outpatient, emergency, or inpatient according to acuity",Use the linked disease illness script and localizing findings.,Interpret key absent findings in clinical context.,false,Step 1; Step 2 CK; Step 3,Internal Medicine; Surgery; Family Medicine; Pediatrics; Neurology; Emergency Medicine,partially_source_supported
DPR-REN-060,DIS-REN-HYPONATREMIA,PRS-REN-020,source_checked,needs_medical_review,common,typical,common,variable,all ages as clinically relevant,not specific,"outpatient, emergency, or inpatient according to acuity",Use the linked disease illness script and localizing findings.,Interpret key absent findings in clinical context.,false,Step 1; Step 2 CK; Step 3,Internal Medicine; Surgery; Family Medicine; Pediatrics; Neurology; Emergency Medicine,partially_source_supported
DPR-REN-061,DIS-REN-ACUTESYMPTOMATICHYPO,PRS-REN-020,source_checked,needs_medical_review,common,typical,common,variable,all ages as clinically relevant,not specific,"outpatient, emergency, or inpatient according to acuity",Use the linked disease illness script and localizing findings.,Interpret key absent findings in clinical context.,false,Step 1; Step 2 CK; Step 3,Internal Medicine; Surgery; Family Medicine; Pediatrics; Neurology; Emergency Medicine,partially_source_supported
DPR-REN-062,DIS-REN-SIADH,PRS-REN-020,source_checked,needs_medical_review,common,typical,common,variable,all ages as clinically relevant,not specific,"outpatient, emergency, or inpatient according to acuity",Use the linked disease illness script and localizing findings.,Interpret key absent findings in clinical context.,false,Step 1; Step 2 CK; Step 3,Internal Medicine; Surgery; Family Medicine; Pediatrics; Neurology; Emergency Medicine,partially_source_supported
DPR-REN-063,DIS-REN-PRIMARYPOLYDIPSIA,PRS-REN-020,source_checked,needs_medical_review,common,typical,common,variable,all ages as clinically relevant,not specific,"outpatient, emergency, or inpatient according to acuity",Use the linked disease illness script and localizing findings.,Interpret key absent findings in clinical context.,false,Step 1; Step 2 CK; Step 3,Internal Medicine; Surgery; Family Medicine; Pediatrics; Neurology; Emergency Medicine,partially_source_supported
DPR-REN-064,DIS-REN-HYPERNATREMIA,PRS-REN-017,source_checked,needs_medical_review,common,typical,common,variable,all ages as clinically relevant,not specific,"outpatient, emergency, or inpatient according to acuity",Use the linked disease illness script and localizing findings.,Interpret key absent findings in clinical context.,false,Step 1; Step 2 CK; Step 3,Internal Medicine; Surgery; Family Medicine; Pediatrics; Neurology; Emergency Medicine,partially_source_supported
DPR-REN-065,DIS-REN-CENTRALDIABETESINSIP,PRS-REN-025,source_checked,needs_medical_review,common,typical,common,variable,all ages as clinically relevant,not specific,"outpatient, emergency, or inpatient according to acuity",Use the linked disease illness script and localizing findings.,Interpret key absent findings in clinical context.,false,Step 1; Step 2 CK; Step 3,Internal Medicine; Surgery; Family Medicine; Pediatrics; Neurology; Emergency Medicine,partially_source_supported
DPR-REN-066,DIS-REN-HYPERKALEMIA,PRS-REN-016,source_checked,needs_medical_review,common,typical,common,variable,all ages as clinically relevant,not specific,"outpatient, emergency, or inpatient according to acuity",Use the linked disease illness script and localizing findings.,Interpret key absent findings in clinical context.,false,Step 1; Step 2 CK; Step 3,Internal Medicine; Surgery; Family Medicine; Pediatrics; Neurology; Emergency Medicine,partially_source_supported
DPR-REN-067,DIS-REN-HYPOKALEMIA,PRS-REN-019,source_checked,needs_medical_review,common,typical,common,variable,all ages as clinically relevant,not specific,"outpatient, emergency, or inpatient according to acuity",Use the linked disease illness script and localizing findings.,Interpret key absent findings in clinical context.,false,Step 1; Step 2 CK; Step 3,Internal Medicine; Surgery; Family Medicine; Pediatrics; Neurology; Emergency Medicine,partially_source_supported
DPR-REN-068,DIS-REN-PSEUDOHYPERKALEMIA,PRS-REN-016,source_checked,needs_medical_review,common,typical,common,variable,all ages as clinically relevant,not specific,"outpatient, emergency, or inpatient according to acuity",Use the linked disease illness script and localizing findings.,Interpret key absent findings in clinical context.,false,Step 1; Step 2 CK; Step 3,Internal Medicine; Surgery; Family Medicine; Pediatrics; Neurology; Emergency Medicine,partially_source_supported
DPR-REN-069,DIS-REN-HYPERCALCEMIA,PRS-REN-010,source_checked,needs_medical_review,common,typical,common,variable,all ages as clinically relevant,not specific,"outpatient, emergency, or inpatient according to acuity",Use the linked disease illness script and localizing findings.,Interpret key absent findings in clinical context.,false,Step 1; Step 2 CK; Step 3,Internal Medicine; Surgery; Family Medicine; Pediatrics; Neurology; Emergency Medicine,partially_source_supported
DPR-REN-070,DIS-REN-HYPOCALCEMIA,PRS-REN-010,source_checked,needs_medical_review,common,typical,common,variable,all ages as clinically relevant,not specific,"outpatient, emergency, or inpatient according to acuity",Use the linked disease illness script and localizing findings.,Interpret key absent findings in clinical context.,false,Step 1; Step 2 CK; Step 3,Internal Medicine; Surgery; Family Medicine; Pediatrics; Neurology; Emergency Medicine,partially_source_supported
DPR-REN-071,DIS-REN-HYPERPHOSPHATEMIA,PRS-REN-010,source_checked,needs_medical_review,common,typical,common,variable,all ages as clinically relevant,not specific,"outpatient, emergency, or inpatient according to acuity",Use the linked disease illness script and localizing findings.,Interpret key absent findings in clinical context.,false,Step 1; Step 2 CK; Step 3,Internal Medicine; Surgery; Family Medicine; Pediatrics; Neurology; Emergency Medicine,partially_source_supported
DPR-REN-072,DIS-REN-HYPOMAGNESEMIA,PRS-REN-010,source_checked,needs_medical_review,common,typical,common,variable,all ages as clinically relevant,not specific,"outpatient, emergency, or inpatient according to acuity",Use the linked disease illness script and localizing findings.,Interpret key absent findings in clinical context.,false,Step 1; Step 2 CK; Step 3,Internal Medicine; Surgery; Family Medicine; Pediatrics; Neurology; Emergency Medicine,partially_source_supported
DPR-REN-073,DIS-REN-NEPHROLITHIASIS,PRS-REN-029,source_checked,needs_medical_review,common,typical,common,variable,all ages as clinically relevant,not specific,"outpatient, emergency, or inpatient according to acuity",Use the linked disease illness script and localizing findings.,Interpret key absent findings in clinical context.,false,Step 1; Step 2 CK; Step 3,Internal Medicine; Surgery; Family Medicine; Pediatrics; Neurology; Emergency Medicine,partially_source_supported
DPR-REN-074,DIS-REN-CALCIUMOXALATESTONE,PRS-REN-029,source_checked,needs_medical_review,common,typical,common,variable,all ages as clinically relevant,not specific,"outpatient, emergency, or inpatient according to acuity",Use the linked disease illness script and localizing findings.,Interpret key absent findings in clinical context.,false,Step 1; Step 2 CK; Step 3,Internal Medicine; Surgery; Family Medicine; Pediatrics; Neurology; Emergency Medicine,partially_source_supported
DPR-REN-075,DIS-REN-URICACIDSTONE,PRS-REN-029,source_checked,needs_medical_review,common,typical,common,variable,all ages as clinically relevant,not specific,"outpatient, emergency, or inpatient according to acuity",Use the linked disease illness script and localizing findings.,Interpret key absent findings in clinical context.,false,Step 1; Step 2 CK; Step 3,Internal Medicine; Surgery; Family Medicine; Pediatrics; Neurology; Emergency Medicine,partially_source_supported
DPR-REN-076,DIS-REN-STRUVITESTONE,PRS-REN-013,source_checked,needs_medical_review,common,typical,common,variable,all ages as clinically relevant,not specific,"outpatient, emergency, or inpatient according to acuity",Use the linked disease illness script and localizing findings.,Interpret key absent findings in clinical context.,false,Step 1; Step 2 CK; Step 3,Internal Medicine; Surgery; Family Medicine; Pediatrics; Neurology; Emergency Medicine,partially_source_supported
DPR-REN-077,DIS-REN-CYSTINESTONE,PRS-REN-029,source_checked,needs_medical_review,common,typical,common,variable,all ages as clinically relevant,not specific,"outpatient, emergency, or inpatient according to acuity",Use the linked disease illness script and localizing findings.,Interpret key absent findings in clinical context.,false,Step 1; Step 2 CK; Step 3,Internal Medicine; Surgery; Family Medicine; Pediatrics; Neurology; Emergency Medicine,partially_source_supported
DPR-REN-078,DIS-REN-MEDULLARYSPONGEKIDNE,PRS-REN-029,source_checked,needs_medical_review,common,typical,common,variable,all ages as clinically relevant,not specific,"outpatient, emergency, or inpatient according to acuity",Use the linked disease illness script and localizing findings.,Interpret key absent findings in clinical context.,false,Step 1; Step 2 CK; Step 3,Internal Medicine; Surgery; Family Medicine; Pediatrics; Neurology; Emergency Medicine,partially_source_supported
DPR-REN-079,DIS-REN-NEPHROCALCINOSIS,PRS-REN-014,source_checked,needs_medical_review,common,typical,common,variable,all ages as clinically relevant,not specific,"outpatient, emergency, or inpatient according to acuity",Use the linked disease illness script and localizing findings.,Interpret key absent findings in clinical context.,false,Step 1; Step 2 CK; Step 3,Internal Medicine; Surgery; Family Medicine; Pediatrics; Neurology; Emergency Medicine,partially_source_supported
DPR-REN-080,DIS-REN-ACUTEURINARYRETENTIO,PRS-REN-032,source_checked,needs_medical_review,common,typical,common,variable,all ages as clinically relevant,not specific,"outpatient, emergency, or inpatient according to acuity",Use the linked disease illness script and localizing findings.,Interpret key absent findings in clinical context.,false,Step 1; Step 2 CK; Step 3,Internal Medicine; Surgery; Family Medicine; Pediatrics; Neurology; Emergency Medicine,partially_source_supported
DPR-REN-081,DIS-REN-BLADDEROUTLETOBSTRUC,PRS-REN-032,source_checked,needs_medical_review,common,typical,common,variable,all ages as clinically relevant,not specific,"outpatient, emergency, or inpatient according to acuity",Use the linked disease illness script and localizing findings.,Interpret key absent findings in clinical context.,false,Step 1; Step 2 CK; Step 3,Internal Medicine; Surgery; Family Medicine; Pediatrics; Neurology; Emergency Medicine,partially_source_supported
DPR-REN-082,DIS-REN-BENIGNPROSTATICHYPER,PRS-REN-032,source_checked,needs_medical_review,common,typical,common,variable,all ages as clinically relevant,not specific,"outpatient, emergency, or inpatient according to acuity",Use the linked disease illness script and localizing findings.,Interpret key absent findings in clinical context.,false,Step 1; Step 2 CK; Step 3,Internal Medicine; Surgery; Family Medicine; Pediatrics; Neurology; Emergency Medicine,partially_source_supported
DPR-REN-083,DIS-REN-URETERALOBSTRUCTION,PRS-REN-005,source_checked,needs_medical_review,common,typical,common,variable,all ages as clinically relevant,not specific,"outpatient, emergency, or inpatient according to acuity",Use the linked disease illness script and localizing findings.,Interpret key absent findings in clinical context.,false,Step 1; Step 2 CK; Step 3,Internal Medicine; Surgery; Family Medicine; Pediatrics; Neurology; Emergency Medicine,partially_source_supported
DPR-REN-084,DIS-REN-HYDRONEPHROSIS,PRS-REN-014,source_checked,needs_medical_review,common,typical,common,variable,all ages as clinically relevant,not specific,"outpatient, emergency, or inpatient according to acuity",Use the linked disease illness script and localizing findings.,Interpret key absent findings in clinical context.,false,Step 1; Step 2 CK; Step 3,Internal Medicine; Surgery; Family Medicine; Pediatrics; Neurology; Emergency Medicine,partially_source_supported
DPR-REN-085,DIS-REN-POSTOBSTRUCTIVEDIURE,PRS-REN-025,source_checked,needs_medical_review,common,typical,common,variable,all ages as clinically relevant,not specific,"outpatient, emergency, or inpatient according to acuity",Use the linked disease illness script and localizing findings.,Interpret key absent findings in clinical context.,false,Step 1; Step 2 CK; Step 3,Internal Medicine; Surgery; Family Medicine; Pediatrics; Neurology; Emergency Medicine,partially_source_supported
DPR-REN-086,DIS-REN-ACUTEUNCOMPLICATEDCY,PRS-015,source_checked,needs_medical_review,common,typical,common,variable,all ages as clinically relevant,not specific,"outpatient, emergency, or inpatient according to acuity",Use the linked disease illness script and localizing findings.,Interpret key absent findings in clinical context.,false,Step 1; Step 2 CK; Step 3,Internal Medicine; Surgery; Family Medicine; Pediatrics; Neurology; Emergency Medicine,partially_source_supported
DPR-REN-087,DIS-REN-COMPLICATEDURINARYTR,PRS-015,source_checked,needs_medical_review,common,typical,common,variable,all ages as clinically relevant,not specific,"outpatient, emergency, or inpatient according to acuity",Use the linked disease illness script and localizing findings.,Interpret key absent findings in clinical context.,false,Step 1; Step 2 CK; Step 3,Internal Medicine; Surgery; Family Medicine; Pediatrics; Neurology; Emergency Medicine,partially_source_supported
DPR-REN-088,DIS-REN-ACUTEPYELONEPHRITIS,PRS-REN-013,source_checked,needs_medical_review,common,typical,common,variable,all ages as clinically relevant,not specific,"outpatient, emergency, or inpatient according to acuity",Use the linked disease illness script and localizing findings.,Interpret key absent findings in clinical context.,false,Step 1; Step 2 CK; Step 3,Internal Medicine; Surgery; Family Medicine; Pediatrics; Neurology; Emergency Medicine,partially_source_supported
DPR-REN-089,DIS-REN-EMPHYSEMATOUSPYELONE,PRS-REN-013,source_checked,needs_medical_review,common,typical,common,variable,all ages as clinically relevant,not specific,"outpatient, emergency, or inpatient according to acuity",Use the linked disease illness script and localizing findings.,Interpret key absent findings in clinical context.,false,Step 1; Step 2 CK; Step 3,Internal Medicine; Surgery; Family Medicine; Pediatrics; Neurology; Emergency Medicine,partially_source_supported
DPR-REN-090,DIS-REN-RENALABSCESS,PRS-REN-013,source_checked,needs_medical_review,common,typical,common,variable,all ages as clinically relevant,not specific,"outpatient, emergency, or inpatient according to acuity",Use the linked disease illness script and localizing findings.,Interpret key absent findings in clinical context.,false,Step 1; Step 2 CK; Step 3,Internal Medicine; Surgery; Family Medicine; Pediatrics; Neurology; Emergency Medicine,partially_source_supported
DPR-REN-091,DIS-REN-ASYMPTOMATICBACTERIU,PRS-REN-002,source_checked,needs_medical_review,common,typical,common,variable,all ages as clinically relevant,not specific,"outpatient, emergency, or inpatient according to acuity",Use the linked disease illness script and localizing findings.,Interpret key absent findings in clinical context.,false,Step 1; Step 2 CK; Step 3,Internal Medicine; Surgery; Family Medicine; Pediatrics; Neurology; Emergency Medicine,partially_source_supported
DPR-REN-092,DIS-REN-CATHETERASSOCIATEDUR,PRS-REN-013,source_checked,needs_medical_review,common,typical,common,variable,all ages as clinically relevant,not specific,"outpatient, emergency, or inpatient according to acuity",Use the linked disease illness script and localizing findings.,Interpret key absent findings in clinical context.,false,Step 1; Step 2 CK; Step 3,Internal Medicine; Surgery; Family Medicine; Pediatrics; Neurology; Emergency Medicine,partially_source_supported
DPR-REN-093,DIS-REN-UTIINPREGNANCY,PRS-015,source_checked,needs_medical_review,common,typical,common,variable,all ages as clinically relevant,not specific,"outpatient, emergency, or inpatient according to acuity",Use the linked disease illness script and localizing findings.,Interpret key absent findings in clinical context.,false,Step 1; Step 2 CK; Step 3,Internal Medicine; Surgery; Family Medicine; Pediatrics; Neurology; Emergency Medicine,partially_source_supported
DPR-REN-094,DIS-REN-PEDIATRICUTI,PRS-REN-013,source_checked,needs_medical_review,common,typical,common,variable,all ages as clinically relevant,not specific,"outpatient, emergency, or inpatient according to acuity",Use the linked disease illness script and localizing findings.,Interpret key absent findings in clinical context.,false,Step 1; Step 2 CK; Step 3,Internal Medicine; Surgery; Family Medicine; Pediatrics; Neurology; Emergency Medicine,partially_source_supported
DPR-REN-095,DIS-REN-VESICOURETERALREFLUX,PRS-REN-028,source_checked,needs_medical_review,common,typical,common,variable,all ages as clinically relevant,not specific,"outpatient, emergency, or inpatient according to acuity",Use the linked disease illness script and localizing findings.,Interpret key absent findings in clinical context.,false,Step 1; Step 2 CK; Step 3,Internal Medicine; Surgery; Family Medicine; Pediatrics; Neurology; Emergency Medicine,partially_source_supported
DPR-REN-096,DIS-REN-MICROSCOPICHEMATURIA,PRS-016,source_checked,needs_medical_review,common,typical,common,variable,all ages as clinically relevant,not specific,"outpatient, emergency, or inpatient according to acuity",Use the linked disease illness script and localizing findings.,Interpret key absent findings in clinical context.,false,Step 1; Step 2 CK; Step 3,Internal Medicine; Surgery; Family Medicine; Pediatrics; Neurology; Emergency Medicine,partially_source_supported
DPR-REN-097,DIS-REN-GROSSHEMATURIA,PRS-016,source_checked,needs_medical_review,common,typical,common,variable,all ages as clinically relevant,not specific,"outpatient, emergency, or inpatient according to acuity",Use the linked disease illness script and localizing findings.,Interpret key absent findings in clinical context.,false,Step 1; Step 2 CK; Step 3,Internal Medicine; Surgery; Family Medicine; Pediatrics; Neurology; Emergency Medicine,partially_source_supported
DPR-REN-098,DIS-REN-GLOMERULARHEMATURIA,PRS-016,source_checked,needs_medical_review,common,typical,common,variable,all ages as clinically relevant,not specific,"outpatient, emergency, or inpatient according to acuity",Use the linked disease illness script and localizing findings.,Interpret key absent findings in clinical context.,false,Step 1; Step 2 CK; Step 3,Internal Medicine; Surgery; Family Medicine; Pediatrics; Neurology; Emergency Medicine,partially_source_supported
DPR-REN-099,DIS-REN-NONGLOMERULARHEMATUR,PRS-016,source_checked,needs_medical_review,common,typical,common,variable,all ages as clinically relevant,not specific,"outpatient, emergency, or inpatient according to acuity",Use the linked disease illness script and localizing findings.,Interpret key absent findings in clinical context.,false,Step 1; Step 2 CK; Step 3,Internal Medicine; Surgery; Family Medicine; Pediatrics; Neurology; Emergency Medicine,partially_source_supported
DPR-REN-100,DIS-REN-MYOGLOBINURIA,PRS-REN-002,source_checked,needs_medical_review,common,typical,common,variable,all ages as clinically relevant,not specific,"outpatient, emergency, or inpatient according to acuity",Use the linked disease illness script and localizing findings.,Interpret key absent findings in clinical context.,false,Step 1; Step 2 CK; Step 3,Internal Medicine; Surgery; Family Medicine; Pediatrics; Neurology; Emergency Medicine,partially_source_supported
DPR-REN-101,DIS-REN-ALBUMINURIA,PRS-REN-027,source_checked,needs_medical_review,common,typical,common,variable,all ages as clinically relevant,not specific,"outpatient, emergency, or inpatient according to acuity",Use the linked disease illness script and localizing findings.,Interpret key absent findings in clinical context.,false,Step 1; Step 2 CK; Step 3,Internal Medicine; Surgery; Family Medicine; Pediatrics; Neurology; Emergency Medicine,partially_source_supported
DPR-REN-102,DIS-REN-RENALARTERYSTENOSIS,PRS-CARD-045,source_checked,needs_medical_review,common,typical,common,variable,all ages as clinically relevant,not specific,"outpatient, emergency, or inpatient according to acuity",Use the linked disease illness script and localizing findings.,Interpret key absent findings in clinical context.,false,Step 1; Step 2 CK; Step 3,Internal Medicine; Surgery; Family Medicine; Pediatrics; Neurology; Emergency Medicine,partially_source_supported
DPR-REN-103,DIS-REN-ATHEROEMBOLICRENALDI,PRS-017,source_checked,needs_medical_review,common,typical,common,variable,all ages as clinically relevant,not specific,"outpatient, emergency, or inpatient according to acuity",Use the linked disease illness script and localizing findings.,Interpret key absent findings in clinical context.,false,Step 1; Step 2 CK; Step 3,Internal Medicine; Surgery; Family Medicine; Pediatrics; Neurology; Emergency Medicine,partially_source_supported
DPR-REN-104,DIS-REN-FIBROMUSCULARDYSPLAS,PRS-CARD-045,source_checked,needs_medical_review,common,typical,common,variable,all ages as clinically relevant,not specific,"outpatient, emergency, or inpatient according to acuity",Use the linked disease illness script and localizing findings.,Interpret key absent findings in clinical context.,false,Step 1; Step 2 CK; Step 3,Internal Medicine; Surgery; Family Medicine; Pediatrics; Neurology; Emergency Medicine,partially_source_supported
DPR-REN-105,DIS-REN-RENALVEINTHROMBOSIS,PRS-016,source_checked,needs_medical_review,common,typical,common,variable,all ages as clinically relevant,not specific,"outpatient, emergency, or inpatient according to acuity",Use the linked disease illness script and localizing findings.,Interpret key absent findings in clinical context.,false,Step 1; Step 2 CK; Step 3,Internal Medicine; Surgery; Family Medicine; Pediatrics; Neurology; Emergency Medicine,partially_source_supported
DPR-REN-106,DIS-REN-HEMOLYTICUREMICSYNDR,PRS-017,source_checked,needs_medical_review,common,typical,common,variable,all ages as clinically relevant,not specific,"outpatient, emergency, or inpatient according to acuity",Use the linked disease illness script and localizing findings.,Interpret key absent findings in clinical context.,false,Step 1; Step 2 CK; Step 3,Internal Medicine; Surgery; Family Medicine; Pediatrics; Neurology; Emergency Medicine,partially_source_supported
DPR-REN-107,DIS-REN-SCLERODERMARENALCRIS,PRS-CARD-045,source_checked,needs_medical_review,common,typical,common,variable,all ages as clinically relevant,not specific,"outpatient, emergency, or inpatient according to acuity",Use the linked disease illness script and localizing findings.,Interpret key absent findings in clinical context.,false,Step 1; Step 2 CK; Step 3,Internal Medicine; Surgery; Family Medicine; Pediatrics; Neurology; Emergency Medicine,partially_source_supported
DPR-REN-108,DIS-REN-POSTERIORURETHRALVAL,PRS-REN-026,source_checked,needs_medical_review,common,typical,common,variable,all ages as clinically relevant,not specific,"outpatient, emergency, or inpatient according to acuity",Use the linked disease illness script and localizing findings.,Interpret key absent findings in clinical context.,false,Step 1; Step 2 CK; Step 3,Internal Medicine; Surgery; Family Medicine; Pediatrics; Neurology; Emergency Medicine,partially_source_supported
DPR-REN-109,DIS-REN-HORSESHOEKIDNEY,PRS-REN-026,source_checked,needs_medical_review,common,typical,common,variable,all ages as clinically relevant,not specific,"outpatient, emergency, or inpatient according to acuity",Use the linked disease illness script and localizing findings.,Interpret key absent findings in clinical context.,false,Step 1; Step 2 CK; Step 3,Internal Medicine; Surgery; Family Medicine; Pediatrics; Neurology; Emergency Medicine,partially_source_supported
DPR-REN-110,DIS-REN-RENALAGENESIS,PRS-REN-026,source_checked,needs_medical_review,common,typical,common,variable,all ages as clinically relevant,not specific,"outpatient, emergency, or inpatient according to acuity",Use the linked disease illness script and localizing findings.,Interpret key absent findings in clinical context.,false,Step 1; Step 2 CK; Step 3,Internal Medicine; Surgery; Family Medicine; Pediatrics; Neurology; Emergency Medicine,partially_source_supported
DPR-REN-111,DIS-REN-POTTERSEQUENCE,PRS-REN-026,source_checked,needs_medical_review,common,typical,common,variable,all ages as clinically relevant,not specific,"outpatient, emergency, or inpatient according to acuity",Use the linked disease illness script and localizing findings.,Interpret key absent findings in clinical context.,false,Step 1; Step 2 CK; Step 3,Internal Medicine; Surgery; Family Medicine; Pediatrics; Neurology; Emergency Medicine,partially_source_supported
DPR-REN-112,DIS-REN-WILMSTUMOR,PRS-REN-024,source_checked,needs_medical_review,common,typical,common,variable,all ages as clinically relevant,not specific,"outpatient, emergency, or inpatient according to acuity",Use the linked disease illness script and localizing findings.,Interpret key absent findings in clinical context.,false,Step 1; Step 2 CK; Step 3,Internal Medicine; Surgery; Family Medicine; Pediatrics; Neurology; Emergency Medicine,partially_source_supported
DPR-REN-113,DIS-REN-RENALCELLCARCINOMA,PRS-016,source_checked,needs_medical_review,common,typical,common,variable,all ages as clinically relevant,not specific,"outpatient, emergency, or inpatient according to acuity",Use the linked disease illness script and localizing findings.,Interpret key absent findings in clinical context.,false,Step 1; Step 2 CK; Step 3,Internal Medicine; Surgery; Family Medicine; Pediatrics; Neurology; Emergency Medicine,partially_source_supported
DPR-REN-114,DIS-REN-ANGIOMYOLIPOMA,PRS-016,source_checked,needs_medical_review,common,typical,common,variable,all ages as clinically relevant,not specific,"outpatient, emergency, or inpatient according to acuity",Use the linked disease illness script and localizing findings.,Interpret key absent findings in clinical context.,false,Step 1; Step 2 CK; Step 3,Internal Medicine; Surgery; Family Medicine; Pediatrics; Neurology; Emergency Medicine,partially_source_supported
DPR-REN-115,DIS-REN-KIDNEYTRANSPLANTRECI,PRS-REN-011,source_checked,needs_medical_review,common,typical,common,variable,all ages as clinically relevant,not specific,"outpatient, emergency, or inpatient according to acuity",Use the linked disease illness script and localizing findings.,Interpret key absent findings in clinical context.,false,Step 1; Step 2 CK; Step 3,Internal Medicine; Surgery; Family Medicine; Pediatrics; Neurology; Emergency Medicine,partially_source_supported
DPR-REN-116,DIS-REN-HYPERACUTEREJECTION,PRS-REN-011,source_checked,needs_medical_review,common,typical,common,variable,all ages as clinically relevant,not specific,"outpatient, emergency, or inpatient according to acuity",Use the linked disease illness script and localizing findings.,Interpret key absent findings in clinical context.,false,Step 1; Step 2 CK; Step 3,Internal Medicine; Surgery; Family Medicine; Pediatrics; Neurology; Emergency Medicine,partially_source_supported
DPR-REN-117,DIS-REN-ACUTECELLULARREJECTI,PRS-REN-011,source_checked,needs_medical_review,common,typical,common,variable,all ages as clinically relevant,not specific,"outpatient, emergency, or inpatient according to acuity",Use the linked disease illness script and localizing findings.,Interpret key absent findings in clinical context.,false,Step 1; Step 2 CK; Step 3,Internal Medicine; Surgery; Family Medicine; Pediatrics; Neurology; Emergency Medicine,partially_source_supported
DPR-REN-118,DIS-REN-CALCINEURININHIBITOR,PRS-REN-011,source_checked,needs_medical_review,common,typical,common,variable,all ages as clinically relevant,not specific,"outpatient, emergency, or inpatient according to acuity",Use the linked disease illness script and localizing findings.,Interpret key absent findings in clinical context.,false,Step 1; Step 2 CK; Step 3,Internal Medicine; Surgery; Family Medicine; Pediatrics; Neurology; Emergency Medicine,partially_source_supported
DPR-REN-119,DIS-REN-HEMODIALYSIS,PRS-REN-007,source_checked,needs_medical_review,common,typical,common,variable,all ages as clinically relevant,not specific,"outpatient, emergency, or inpatient according to acuity",Use the linked disease illness script and localizing findings.,Interpret key absent findings in clinical context.,false,Step 1; Step 2 CK; Step 3,Internal Medicine; Surgery; Family Medicine; Pediatrics; Neurology; Emergency Medicine,partially_source_supported
DPR-REN-120,DIS-REN-PERITONEALDIALYSIS,PRS-REN-007,source_checked,needs_medical_review,common,typical,common,variable,all ages as clinically relevant,not specific,"outpatient, emergency, or inpatient according to acuity",Use the linked disease illness script and localizing findings.,Interpret key absent findings in clinical context.,false,Step 1; Step 2 CK; Step 3,Internal Medicine; Surgery; Family Medicine; Pediatrics; Neurology; Emergency Medicine,partially_source_supported
DPR-REN-121,DIS-REN-DIALYSISDISEQUILIBRI,PRS-006,source_checked,needs_medical_review,common,typical,common,variable,all ages as clinically relevant,not specific,"outpatient, emergency, or inpatient according to acuity",Use the linked disease illness script and localizing findings.,Interpret key absent findings in clinical context.,false,Step 1; Step 2 CK; Step 3,Internal Medicine; Surgery; Family Medicine; Pediatrics; Neurology; Emergency Medicine,partially_source_supported
DPR-REN-122,DIS-REN-PERITONEALDIALYSISPE,PRS-010,source_checked,needs_medical_review,common,typical,common,variable,all ages as clinically relevant,not specific,"outpatient, emergency, or inpatient according to acuity",Use the linked disease illness script and localizing findings.,Interpret key absent findings in clinical context.,false,Step 1; Step 2 CK; Step 3,Internal Medicine; Surgery; Family Medicine; Pediatrics; Neurology; Emergency Medicine,partially_source_supported
DPR-MSK-001,DIS-MSK-CLAVICLEFRACTURE,PRS-MSK-002,source_checked,needs_medical_review,common,typical,common,variable,all ages as clinically relevant,not specific,"outpatient, emergency, or inpatient according to acuity",Use the linked disease illness script and localizing findings.,Interpret key absent findings in clinical context.,false,Step 1; Step 2 CK; Step 3,Internal Medicine; Surgery; Family Medicine; Pediatrics; Neurology; Emergency Medicine,partially_source_supported
DPR-MSK-002,DIS-MSK-SCAPULARFRACTURE,PRS-MSK-002,source_checked,needs_medical_review,common,typical,common,variable,all ages as clinically relevant,not specific,"outpatient, emergency, or inpatient according to acuity",Use the linked disease illness script and localizing findings.,Interpret key absent findings in clinical context.,false,Step 1; Step 2 CK; Step 3,Internal Medicine; Surgery; Family Medicine; Pediatrics; Neurology; Emergency Medicine,partially_source_supported
DPR-MSK-003,DIS-MSK-PROXIMALHUMERUSFRACT,PRS-MSK-002,source_checked,needs_medical_review,common,typical,common,variable,all ages as clinically relevant,not specific,"outpatient, emergency, or inpatient according to acuity",Use the linked disease illness script and localizing findings.,Interpret key absent findings in clinical context.,false,Step 1; Step 2 CK; Step 3,Internal Medicine; Surgery; Family Medicine; Pediatrics; Neurology; Emergency Medicine,partially_source_supported
DPR-MSK-004,DIS-MSK-HUMERALSHAFTFRACTURE,PRS-MSK-002,source_checked,needs_medical_review,common,typical,common,variable,all ages as clinically relevant,not specific,"outpatient, emergency, or inpatient according to acuity",Use the linked disease illness script and localizing findings.,Interpret key absent findings in clinical context.,false,Step 1; Step 2 CK; Step 3,Internal Medicine; Surgery; Family Medicine; Pediatrics; Neurology; Emergency Medicine,partially_source_supported
DPR-MSK-005,DIS-MSK-SUPRACONDYLARHUMERUS,PRS-MSK-002,source_checked,needs_medical_review,common,typical,common,variable,all ages as clinically relevant,not specific,"outpatient, emergency, or inpatient according to acuity",Use the linked disease illness script and localizing findings.,Interpret key absent findings in clinical context.,false,Step 1; Step 2 CK; Step 3,Internal Medicine; Surgery; Family Medicine; Pediatrics; Neurology; Emergency Medicine,partially_source_supported
DPR-MSK-006,DIS-MSK-LATERALCONDYLEFRACTU,PRS-MSK-002,source_checked,needs_medical_review,common,typical,common,variable,all ages as clinically relevant,not specific,"outpatient, emergency, or inpatient according to acuity",Use the linked disease illness script and localizing findings.,Interpret key absent findings in clinical context.,false,Step 1; Step 2 CK; Step 3,Internal Medicine; Surgery; Family Medicine; Pediatrics; Neurology; Emergency Medicine,partially_source_supported
DPR-MSK-007,DIS-MSK-MEDIALEPICONDYLEFRAC,PRS-MSK-002,source_checked,needs_medical_review,common,typical,common,variable,all ages as clinically relevant,not specific,"outpatient, emergency, or inpatient according to acuity",Use the linked disease illness script and localizing findings.,Interpret key absent findings in clinical context.,false,Step 1; Step 2 CK; Step 3,Internal Medicine; Surgery; Family Medicine; Pediatrics; Neurology; Emergency Medicine,partially_source_supported
DPR-MSK-008,DIS-MSK-RADIALHEADFRACTURE,PRS-MSK-002,source_checked,needs_medical_review,common,typical,common,variable,all ages as clinically relevant,not specific,"outpatient, emergency, or inpatient according to acuity",Use the linked disease illness script and localizing findings.,Interpret key absent findings in clinical context.,false,Step 1; Step 2 CK; Step 3,Internal Medicine; Surgery; Family Medicine; Pediatrics; Neurology; Emergency Medicine,partially_source_supported
DPR-MSK-009,DIS-MSK-OLECRANONFRACTURE,PRS-MSK-002,source_checked,needs_medical_review,common,typical,common,variable,all ages as clinically relevant,not specific,"outpatient, emergency, or inpatient according to acuity",Use the linked disease illness script and localizing findings.,Interpret key absent findings in clinical context.,false,Step 1; Step 2 CK; Step 3,Internal Medicine; Surgery; Family Medicine; Pediatrics; Neurology; Emergency Medicine,partially_source_supported
DPR-MSK-010,DIS-MSK-MONTEGGIAFRACTUREDIS,PRS-MSK-002,source_checked,needs_medical_review,common,typical,common,variable,all ages as clinically relevant,not specific,"outpatient, emergency, or inpatient according to acuity",Use the linked disease illness script and localizing findings.,Interpret key absent findings in clinical context.,false,Step 1; Step 2 CK; Step 3,Internal Medicine; Surgery; Family Medicine; Pediatrics; Neurology; Emergency Medicine,partially_source_supported
DPR-MSK-011,DIS-MSK-GALEAZZIFRACTUREDISL,PRS-MSK-002,source_checked,needs_medical_review,common,typical,common,variable,all ages as clinically relevant,not specific,"outpatient, emergency, or inpatient according to acuity",Use the linked disease illness script and localizing findings.,Interpret key absent findings in clinical context.,false,Step 1; Step 2 CK; Step 3,Internal Medicine; Surgery; Family Medicine; Pediatrics; Neurology; Emergency Medicine,partially_source_supported
DPR-MSK-012,DIS-MSK-BOTHBONEFOREARMFRACT,PRS-MSK-002,source_checked,needs_medical_review,common,typical,common,variable,all ages as clinically relevant,not specific,"outpatient, emergency, or inpatient according to acuity",Use the linked disease illness script and localizing findings.,Interpret key absent findings in clinical context.,false,Step 1; Step 2 CK; Step 3,Internal Medicine; Surgery; Family Medicine; Pediatrics; Neurology; Emergency Medicine,partially_source_supported
DPR-MSK-013,DIS-MSK-COLLESFRACTURE,PRS-MSK-002,source_checked,needs_medical_review,common,typical,common,variable,all ages as clinically relevant,not specific,"outpatient, emergency, or inpatient according to acuity",Use the linked disease illness script and localizing findings.,Interpret key absent findings in clinical context.,false,Step 1; Step 2 CK; Step 3,Internal Medicine; Surgery; Family Medicine; Pediatrics; Neurology; Emergency Medicine,partially_source_supported
DPR-MSK-014,DIS-MSK-SMITHFRACTURE,PRS-MSK-002,source_checked,needs_medical_review,common,typical,common,variable,all ages as clinically relevant,not specific,"outpatient, emergency, or inpatient according to acuity",Use the linked disease illness script and localizing findings.,Interpret key absent findings in clinical context.,false,Step 1; Step 2 CK; Step 3,Internal Medicine; Surgery; Family Medicine; Pediatrics; Neurology; Emergency Medicine,partially_source_supported
DPR-MSK-015,DIS-MSK-BARTONFRACTURE,PRS-MSK-002,source_checked,needs_medical_review,common,typical,common,variable,all ages as clinically relevant,not specific,"outpatient, emergency, or inpatient according to acuity",Use the linked disease illness script and localizing findings.,Interpret key absent findings in clinical context.,false,Step 1; Step 2 CK; Step 3,Internal Medicine; Surgery; Family Medicine; Pediatrics; Neurology; Emergency Medicine,partially_source_supported
DPR-MSK-016,DIS-MSK-CHAUFFEURFRACTURE,PRS-MSK-002,source_checked,needs_medical_review,common,typical,common,variable,all ages as clinically relevant,not specific,"outpatient, emergency, or inpatient according to acuity",Use the linked disease illness script and localizing findings.,Interpret key absent findings in clinical context.,false,Step 1; Step 2 CK; Step 3,Internal Medicine; Surgery; Family Medicine; Pediatrics; Neurology; Emergency Medicine,partially_source_supported
DPR-MSK-017,DIS-MSK-SCAPHOIDFRACTURE,PRS-MSK-002,source_checked,needs_medical_review,common,typical,common,variable,all ages as clinically relevant,not specific,"outpatient, emergency, or inpatient according to acuity",Use the linked disease illness script and localizing findings.,Interpret key absent findings in clinical context.,false,Step 1; Step 2 CK; Step 3,Internal Medicine; Surgery; Family Medicine; Pediatrics; Neurology; Emergency Medicine,partially_source_supported
DPR-MSK-018,DIS-MSK-LUNATEFRACTURE,PRS-MSK-002,source_checked,needs_medical_review,common,typical,common,variable,all ages as clinically relevant,not specific,"outpatient, emergency, or inpatient according to acuity",Use the linked disease illness script and localizing findings.,Interpret key absent findings in clinical context.,false,Step 1; Step 2 CK; Step 3,Internal Medicine; Surgery; Family Medicine; Pediatrics; Neurology; Emergency Medicine,partially_source_supported
DPR-MSK-019,DIS-MSK-HOOKOFHAMATEFRACTURE,PRS-MSK-002,source_checked,needs_medical_review,common,typical,common,variable,all ages as clinically relevant,not specific,"outpatient, emergency, or inpatient according to acuity",Use the linked disease illness script and localizing findings.,Interpret key absent findings in clinical context.,false,Step 1; Step 2 CK; Step 3,Internal Medicine; Surgery; Family Medicine; Pediatrics; Neurology; Emergency Medicine,partially_source_supported
DPR-MSK-020,DIS-MSK-BOXERFRACTURE,PRS-MSK-002,source_checked,needs_medical_review,common,typical,common,variable,all ages as clinically relevant,not specific,"outpatient, emergency, or inpatient according to acuity",Use the linked disease illness script and localizing findings.,Interpret key absent findings in clinical context.,false,Step 1; Step 2 CK; Step 3,Internal Medicine; Surgery; Family Medicine; Pediatrics; Neurology; Emergency Medicine,partially_source_supported
DPR-MSK-021,DIS-MSK-BENNETTFRACTURE,PRS-MSK-002,source_checked,needs_medical_review,common,typical,common,variable,all ages as clinically relevant,not specific,"outpatient, emergency, or inpatient according to acuity",Use the linked disease illness script and localizing findings.,Interpret key absent findings in clinical context.,false,Step 1; Step 2 CK; Step 3,Internal Medicine; Surgery; Family Medicine; Pediatrics; Neurology; Emergency Medicine,partially_source_supported
DPR-MSK-022,DIS-MSK-ROLANDOFRACTURE,PRS-MSK-002,source_checked,needs_medical_review,common,typical,common,variable,all ages as clinically relevant,not specific,"outpatient, emergency, or inpatient according to acuity",Use the linked disease illness script and localizing findings.,Interpret key absent findings in clinical context.,false,Step 1; Step 2 CK; Step 3,Internal Medicine; Surgery; Family Medicine; Pediatrics; Neurology; Emergency Medicine,partially_source_supported
DPR-MSK-023,DIS-MSK-PHALANGEALFRACTURE,PRS-MSK-002,source_checked,needs_medical_review,common,typical,common,variable,all ages as clinically relevant,not specific,"outpatient, emergency, or inpatient according to acuity",Use the linked disease illness script and localizing findings.,Interpret key absent findings in clinical context.,false,Step 1; Step 2 CK; Step 3,Internal Medicine; Surgery; Family Medicine; Pediatrics; Neurology; Emergency Medicine,partially_source_supported
DPR-MSK-024,DIS-MSK-FEMORALNECKFRACTURE,PRS-MSK-002,source_checked,needs_medical_review,common,typical,common,variable,all ages as clinically relevant,not specific,"outpatient, emergency, or inpatient according to acuity",Use the linked disease illness script and localizing findings.,Interpret key absent findings in clinical context.,false,Step 1; Step 2 CK; Step 3,Internal Medicine; Surgery; Family Medicine; Pediatrics; Neurology; Emergency Medicine,partially_source_supported
DPR-MSK-025,DIS-MSK-INTERTROCHANTERICFRA,PRS-MSK-002,source_checked,needs_medical_review,common,typical,common,variable,all ages as clinically relevant,not specific,"outpatient, emergency, or inpatient according to acuity",Use the linked disease illness script and localizing findings.,Interpret key absent findings in clinical context.,false,Step 1; Step 2 CK; Step 3,Internal Medicine; Surgery; Family Medicine; Pediatrics; Neurology; Emergency Medicine,partially_source_supported
DPR-MSK-026,DIS-MSK-SUBTROCHANTERICFRACT,PRS-MSK-002,source_checked,needs_medical_review,common,typical,common,variable,all ages as clinically relevant,not specific,"outpatient, emergency, or inpatient according to acuity",Use the linked disease illness script and localizing findings.,Interpret key absent findings in clinical context.,false,Step 1; Step 2 CK; Step 3,Internal Medicine; Surgery; Family Medicine; Pediatrics; Neurology; Emergency Medicine,partially_source_supported
DPR-MSK-027,DIS-MSK-FEMORALSHAFTFRACTURE,PRS-MSK-002,source_checked,needs_medical_review,common,typical,common,variable,all ages as clinically relevant,not specific,"outpatient, emergency, or inpatient according to acuity",Use the linked disease illness script and localizing findings.,Interpret key absent findings in clinical context.,false,Step 1; Step 2 CK; Step 3,Internal Medicine; Surgery; Family Medicine; Pediatrics; Neurology; Emergency Medicine,partially_source_supported
DPR-MSK-028,DIS-MSK-PATELLARFRACTURE,PRS-MSK-002,source_checked,needs_medical_review,common,typical,common,variable,all ages as clinically relevant,not specific,"outpatient, emergency, or inpatient according to acuity",Use the linked disease illness script and localizing findings.,Interpret key absent findings in clinical context.,false,Step 1; Step 2 CK; Step 3,Internal Medicine; Surgery; Family Medicine; Pediatrics; Neurology; Emergency Medicine,partially_source_supported
DPR-MSK-029,DIS-MSK-TIBIALPLATEAUFRACTUR,PRS-MSK-002,source_checked,needs_medical_review,common,typical,common,variable,all ages as clinically relevant,not specific,"outpatient, emergency, or inpatient according to acuity",Use the linked disease illness script and localizing findings.,Interpret key absent findings in clinical context.,false,Step 1; Step 2 CK; Step 3,Internal Medicine; Surgery; Family Medicine; Pediatrics; Neurology; Emergency Medicine,partially_source_supported
DPR-MSK-030,DIS-MSK-TIBIALSHAFTFRACTURE,PRS-MSK-002,source_checked,needs_medical_review,common,typical,common,variable,all ages as clinically relevant,not specific,"outpatient, emergency, or inpatient according to acuity",Use the linked disease illness script and localizing findings.,Interpret key absent findings in clinical context.,false,Step 1; Step 2 CK; Step 3,Internal Medicine; Surgery; Family Medicine; Pediatrics; Neurology; Emergency Medicine,partially_source_supported
DPR-MSK-031,DIS-MSK-TIBIALSTRESSFRACTURE,PRS-MSK-002,source_checked,needs_medical_review,common,typical,common,variable,all ages as clinically relevant,not specific,"outpatient, emergency, or inpatient according to acuity",Use the linked disease illness script and localizing findings.,Interpret key absent findings in clinical context.,false,Step 1; Step 2 CK; Step 3,Internal Medicine; Surgery; Family Medicine; Pediatrics; Neurology; Emergency Medicine,partially_source_supported
DPR-MSK-032,DIS-MSK-MAISONNEUVEFRACTURE,PRS-MSK-002,source_checked,needs_medical_review,common,typical,common,variable,all ages as clinically relevant,not specific,"outpatient, emergency, or inpatient according to acuity",Use the linked disease illness script and localizing findings.,Interpret key absent findings in clinical context.,false,Step 1; Step 2 CK; Step 3,Internal Medicine; Surgery; Family Medicine; Pediatrics; Neurology; Emergency Medicine,partially_source_supported
DPR-MSK-033,DIS-MSK-PILONFRACTURE,PRS-MSK-002,source_checked,needs_medical_review,common,typical,common,variable,all ages as clinically relevant,not specific,"outpatient, emergency, or inpatient according to acuity",Use the linked disease illness script and localizing findings.,Interpret key absent findings in clinical context.,false,Step 1; Step 2 CK; Step 3,Internal Medicine; Surgery; Family Medicine; Pediatrics; Neurology; Emergency Medicine,partially_source_supported
DPR-MSK-034,DIS-MSK-BIMALLEOLARFRACTURE,PRS-MSK-002,source_checked,needs_medical_review,common,typical,common,variable,all ages as clinically relevant,not specific,"outpatient, emergency, or inpatient according to acuity",Use the linked disease illness script and localizing findings.,Interpret key absent findings in clinical context.,false,Step 1; Step 2 CK; Step 3,Internal Medicine; Surgery; Family Medicine; Pediatrics; Neurology; Emergency Medicine,partially_source_supported
DPR-MSK-035,DIS-MSK-TRIMALLEOLARFRACTURE,PRS-MSK-002,source_checked,needs_medical_review,common,typical,common,variable,all ages as clinically relevant,not specific,"outpatient, emergency, or inpatient according to acuity",Use the linked disease illness script and localizing findings.,Interpret key absent findings in clinical context.,false,Step 1; Step 2 CK; Step 3,Internal Medicine; Surgery; Family Medicine; Pediatrics; Neurology; Emergency Medicine,partially_source_supported
DPR-MSK-036,DIS-MSK-JONESFRACTURE,PRS-MSK-002,source_checked,needs_medical_review,common,typical,common,variable,all ages as clinically relevant,not specific,"outpatient, emergency, or inpatient according to acuity",Use the linked disease illness script and localizing findings.,Interpret key absent findings in clinical context.,false,Step 1; Step 2 CK; Step 3,Internal Medicine; Surgery; Family Medicine; Pediatrics; Neurology; Emergency Medicine,partially_source_supported
DPR-MSK-037,DIS-MSK-LISFRANCINJURY,PRS-MSK-002,source_checked,needs_medical_review,common,typical,common,variable,all ages as clinically relevant,not specific,"outpatient, emergency, or inpatient according to acuity",Use the linked disease illness script and localizing findings.,Interpret key absent findings in clinical context.,false,Step 1; Step 2 CK; Step 3,Internal Medicine; Surgery; Family Medicine; Pediatrics; Neurology; Emergency Medicine,partially_source_supported
DPR-MSK-038,DIS-MSK-CALCANEALFRACTURE,PRS-MSK-002,source_checked,needs_medical_review,common,typical,common,variable,all ages as clinically relevant,not specific,"outpatient, emergency, or inpatient according to acuity",Use the linked disease illness script and localizing findings.,Interpret key absent findings in clinical context.,false,Step 1; Step 2 CK; Step 3,Internal Medicine; Surgery; Family Medicine; Pediatrics; Neurology; Emergency Medicine,partially_source_supported
DPR-MSK-039,DIS-MSK-TALARNECKFRACTURE,PRS-MSK-002,source_checked,needs_medical_review,common,typical,common,variable,all ages as clinically relevant,not specific,"outpatient, emergency, or inpatient according to acuity",Use the linked disease illness script and localizing findings.,Interpret key absent findings in clinical context.,false,Step 1; Step 2 CK; Step 3,Internal Medicine; Surgery; Family Medicine; Pediatrics; Neurology; Emergency Medicine,partially_source_supported
DPR-MSK-040,DIS-MSK-TODDLERFRACTURE,PRS-MSK-002,source_checked,needs_medical_review,common,typical,common,variable,all ages as clinically relevant,not specific,"outpatient, emergency, or inpatient according to acuity",Use the linked disease illness script and localizing findings.,Interpret key absent findings in clinical context.,false,Step 1; Step 2 CK; Step 3,Internal Medicine; Surgery; Family Medicine; Pediatrics; Neurology; Emergency Medicine,partially_source_supported
DPR-MSK-041,DIS-MSK-JEFFERSONFRACTURE,PRS-MSK-002,source_checked,needs_medical_review,common,typical,common,variable,all ages as clinically relevant,not specific,"outpatient, emergency, or inpatient according to acuity",Use the linked disease illness script and localizing findings.,Interpret key absent findings in clinical context.,false,Step 1; Step 2 CK; Step 3,Internal Medicine; Surgery; Family Medicine; Pediatrics; Neurology; Emergency Medicine,partially_source_supported
DPR-MSK-042,DIS-MSK-HANGMANFRACTURE,PRS-MSK-002,source_checked,needs_medical_review,common,typical,common,variable,all ages as clinically relevant,not specific,"outpatient, emergency, or inpatient according to acuity",Use the linked disease illness script and localizing findings.,Interpret key absent findings in clinical context.,false,Step 1; Step 2 CK; Step 3,Internal Medicine; Surgery; Family Medicine; Pediatrics; Neurology; Emergency Medicine,partially_source_supported
DPR-MSK-043,DIS-MSK-ODONTOIDFRACTURE,PRS-MSK-002,source_checked,needs_medical_review,common,typical,common,variable,all ages as clinically relevant,not specific,"outpatient, emergency, or inpatient according to acuity",Use the linked disease illness script and localizing findings.,Interpret key absent findings in clinical context.,false,Step 1; Step 2 CK; Step 3,Internal Medicine; Surgery; Family Medicine; Pediatrics; Neurology; Emergency Medicine,partially_source_supported
DPR-MSK-044,DIS-MSK-BURSTFRACTURE,PRS-MSK-002,source_checked,needs_medical_review,common,typical,common,variable,all ages as clinically relevant,not specific,"outpatient, emergency, or inpatient according to acuity",Use the linked disease illness script and localizing findings.,Interpret key absent findings in clinical context.,false,Step 1; Step 2 CK; Step 3,Internal Medicine; Surgery; Family Medicine; Pediatrics; Neurology; Emergency Medicine,partially_source_supported
DPR-MSK-045,DIS-MSK-CHANCEFRACTURE,PRS-MSK-002,source_checked,needs_medical_review,common,typical,common,variable,all ages as clinically relevant,not specific,"outpatient, emergency, or inpatient according to acuity",Use the linked disease illness script and localizing findings.,Interpret key absent findings in clinical context.,false,Step 1; Step 2 CK; Step 3,Internal Medicine; Surgery; Family Medicine; Pediatrics; Neurology; Emergency Medicine,partially_source_supported
DPR-MSK-046,DIS-MSK-PELVICRINGFRACTURE,PRS-MSK-002,source_checked,needs_medical_review,common,typical,common,variable,all ages as clinically relevant,not specific,"outpatient, emergency, or inpatient according to acuity",Use the linked disease illness script and localizing findings.,Interpret key absent findings in clinical context.,false,Step 1; Step 2 CK; Step 3,Internal Medicine; Surgery; Family Medicine; Pediatrics; Neurology; Emergency Medicine,partially_source_supported
DPR-MSK-047,DIS-MSK-OPENBOOKPELVICFRACTU,PRS-MSK-002,source_checked,needs_medical_review,common,typical,common,variable,all ages as clinically relevant,not specific,"outpatient, emergency, or inpatient according to acuity",Use the linked disease illness script and localizing findings.,Interpret key absent findings in clinical context.,false,Step 1; Step 2 CK; Step 3,Internal Medicine; Surgery; Family Medicine; Pediatrics; Neurology; Emergency Medicine,partially_source_supported
DPR-MSK-048,DIS-MSK-ACETABULARFRACTURE,PRS-MSK-002,source_checked,needs_medical_review,common,typical,common,variable,all ages as clinically relevant,not specific,"outpatient, emergency, or inpatient according to acuity",Use the linked disease illness script and localizing findings.,Interpret key absent findings in clinical context.,false,Step 1; Step 2 CK; Step 3,Internal Medicine; Surgery; Family Medicine; Pediatrics; Neurology; Emergency Medicine,partially_source_supported
DPR-MSK-049,DIS-MSK-ANTERIORSHOULDERDISL,PRS-MSK-003,source_checked,needs_medical_review,common,typical,common,variable,all ages as clinically relevant,not specific,"outpatient, emergency, or inpatient according to acuity",Use the linked disease illness script and localizing findings.,Interpret key absent findings in clinical context.,false,Step 1; Step 2 CK; Step 3,Internal Medicine; Surgery; Family Medicine; Pediatrics; Neurology; Emergency Medicine,partially_source_supported
DPR-MSK-050,DIS-MSK-POSTERIORSHOULDERDIS,PRS-MSK-003,source_checked,needs_medical_review,common,typical,common,variable,all ages as clinically relevant,not specific,"outpatient, emergency, or inpatient according to acuity",Use the linked disease illness script and localizing findings.,Interpret key absent findings in clinical context.,false,Step 1; Step 2 CK; Step 3,Internal Medicine; Surgery; Family Medicine; Pediatrics; Neurology; Emergency Medicine,partially_source_supported
DPR-MSK-051,DIS-MSK-ACROMIOCLAVICULARSEP,PRS-MSK-003,source_checked,needs_medical_review,common,typical,common,variable,all ages as clinically relevant,not specific,"outpatient, emergency, or inpatient according to acuity",Use the linked disease illness script and localizing findings.,Interpret key absent findings in clinical context.,false,Step 1; Step 2 CK; Step 3,Internal Medicine; Surgery; Family Medicine; Pediatrics; Neurology; Emergency Medicine,partially_source_supported
DPR-MSK-052,DIS-MSK-STERNOCLAVICULARDISL,PRS-MSK-003,source_checked,needs_medical_review,common,typical,common,variable,all ages as clinically relevant,not specific,"outpatient, emergency, or inpatient according to acuity",Use the linked disease illness script and localizing findings.,Interpret key absent findings in clinical context.,false,Step 1; Step 2 CK; Step 3,Internal Medicine; Surgery; Family Medicine; Pediatrics; Neurology; Emergency Medicine,partially_source_supported
DPR-MSK-053,DIS-MSK-NURSEMAIDELBOW,PRS-MSK-003,source_checked,needs_medical_review,common,typical,common,variable,all ages as clinically relevant,not specific,"outpatient, emergency, or inpatient according to acuity",Use the linked disease illness script and localizing findings.,Interpret key absent findings in clinical context.,false,Step 1; Step 2 CK; Step 3,Internal Medicine; Surgery; Family Medicine; Pediatrics; Neurology; Emergency Medicine,partially_source_supported
DPR-MSK-054,DIS-MSK-ELBOWDISLOCATION,PRS-MSK-003,source_checked,needs_medical_review,common,typical,common,variable,all ages as clinically relevant,not specific,"outpatient, emergency, or inpatient according to acuity",Use the linked disease illness script and localizing findings.,Interpret key absent findings in clinical context.,false,Step 1; Step 2 CK; Step 3,Internal Medicine; Surgery; Family Medicine; Pediatrics; Neurology; Emergency Medicine,partially_source_supported
DPR-MSK-055,DIS-MSK-PERILUNATEDISLOCATIO,PRS-MSK-003,source_checked,needs_medical_review,common,typical,common,variable,all ages as clinically relevant,not specific,"outpatient, emergency, or inpatient according to acuity",Use the linked disease illness script and localizing findings.,Interpret key absent findings in clinical context.,false,Step 1; Step 2 CK; Step 3,Internal Medicine; Surgery; Family Medicine; Pediatrics; Neurology; Emergency Medicine,partially_source_supported
DPR-MSK-056,DIS-MSK-LUNATEDISLOCATION,PRS-MSK-003,source_checked,needs_medical_review,common,typical,common,variable,all ages as clinically relevant,not specific,"outpatient, emergency, or inpatient according to acuity",Use the linked disease illness script and localizing findings.,Interpret key absent findings in clinical context.,false,Step 1; Step 2 CK; Step 3,Internal Medicine; Surgery; Family Medicine; Pediatrics; Neurology; Emergency Medicine,partially_source_supported
DPR-MSK-057,DIS-MSK-POSTERIORHIPDISLOCAT,PRS-MSK-003,source_checked,needs_medical_review,common,typical,common,variable,all ages as clinically relevant,not specific,"outpatient, emergency, or inpatient according to acuity",Use the linked disease illness script and localizing findings.,Interpret key absent findings in clinical context.,false,Step 1; Step 2 CK; Step 3,Internal Medicine; Surgery; Family Medicine; Pediatrics; Neurology; Emergency Medicine,partially_source_supported
DPR-MSK-058,DIS-MSK-DEVELOPMENTALDYSPLAS,PRS-MSK-003,source_checked,needs_medical_review,common,typical,common,variable,all ages as clinically relevant,not specific,"outpatient, emergency, or inpatient according to acuity",Use the linked disease illness script and localizing findings.,Interpret key absent findings in clinical context.,false,Step 1; Step 2 CK; Step 3,Internal Medicine; Surgery; Family Medicine; Pediatrics; Neurology; Emergency Medicine,partially_source_supported
DPR-MSK-059,DIS-MSK-PATELLARDISLOCATION,PRS-MSK-003,source_checked,needs_medical_review,common,typical,common,variable,all ages as clinically relevant,not specific,"outpatient, emergency, or inpatient according to acuity",Use the linked disease illness script and localizing findings.,Interpret key absent findings in clinical context.,false,Step 1; Step 2 CK; Step 3,Internal Medicine; Surgery; Family Medicine; Pediatrics; Neurology; Emergency Medicine,partially_source_supported
DPR-MSK-060,DIS-MSK-KNEEDISLOCATION,PRS-MSK-003,source_checked,needs_medical_review,common,typical,common,variable,all ages as clinically relevant,not specific,"outpatient, emergency, or inpatient according to acuity",Use the linked disease illness script and localizing findings.,Interpret key absent findings in clinical context.,false,Step 1; Step 2 CK; Step 3,Internal Medicine; Surgery; Family Medicine; Pediatrics; Neurology; Emergency Medicine,partially_source_supported
DPR-MSK-061,DIS-MSK-ANKLEDISLOCATION,PRS-MSK-003,source_checked,needs_medical_review,common,typical,common,variable,all ages as clinically relevant,not specific,"outpatient, emergency, or inpatient according to acuity",Use the linked disease illness script and localizing findings.,Interpret key absent findings in clinical context.,false,Step 1; Step 2 CK; Step 3,Internal Medicine; Surgery; Family Medicine; Pediatrics; Neurology; Emergency Medicine,partially_source_supported
DPR-MSK-062,DIS-MSK-TEMPOROMANDIBULARJOI,PRS-MSK-003,source_checked,needs_medical_review,common,typical,common,variable,all ages as clinically relevant,not specific,"outpatient, emergency, or inpatient according to acuity",Use the linked disease illness script and localizing findings.,Interpret key absent findings in clinical context.,false,Step 1; Step 2 CK; Step 3,Internal Medicine; Surgery; Family Medicine; Pediatrics; Neurology; Emergency Medicine,partially_source_supported
DPR-MSK-063,DIS-MSK-ROTATORCUFFTENDINOPA,PRS-MSK-023,source_checked,needs_medical_review,common,typical,common,variable,all ages as clinically relevant,not specific,"outpatient, emergency, or inpatient according to acuity",Use the linked disease illness script and localizing findings.,Interpret key absent findings in clinical context.,false,Step 1; Step 2 CK; Step 3,Internal Medicine; Surgery; Family Medicine; Pediatrics; Neurology; Emergency Medicine,partially_source_supported
DPR-MSK-064,DIS-MSK-ROTATORCUFFTEAR,PRS-MSK-023,source_checked,needs_medical_review,common,typical,common,variable,all ages as clinically relevant,not specific,"outpatient, emergency, or inpatient according to acuity",Use the linked disease illness script and localizing findings.,Interpret key absent findings in clinical context.,false,Step 1; Step 2 CK; Step 3,Internal Medicine; Surgery; Family Medicine; Pediatrics; Neurology; Emergency Medicine,partially_source_supported
DPR-MSK-065,DIS-MSK-SLAPLESION,PRS-MSK-023,source_checked,needs_medical_review,common,typical,common,variable,all ages as clinically relevant,not specific,"outpatient, emergency, or inpatient according to acuity",Use the linked disease illness script and localizing findings.,Interpret key absent findings in clinical context.,false,Step 1; Step 2 CK; Step 3,Internal Medicine; Surgery; Family Medicine; Pediatrics; Neurology; Emergency Medicine,partially_source_supported
DPR-MSK-066,DIS-MSK-SHOULDERIMPINGEMENT,PRS-MSK-023,source_checked,needs_medical_review,common,typical,common,variable,all ages as clinically relevant,not specific,"outpatient, emergency, or inpatient according to acuity",Use the linked disease illness script and localizing findings.,Interpret key absent findings in clinical context.,false,Step 1; Step 2 CK; Step 3,Internal Medicine; Surgery; Family Medicine; Pediatrics; Neurology; Emergency Medicine,partially_source_supported
DPR-MSK-067,DIS-MSK-ADHESIVECAPSULITIS,PRS-MSK-023,source_checked,needs_medical_review,common,typical,common,variable,all ages as clinically relevant,not specific,"outpatient, emergency, or inpatient according to acuity",Use the linked disease illness script and localizing findings.,Interpret key absent findings in clinical context.,false,Step 1; Step 2 CK; Step 3,Internal Medicine; Surgery; Family Medicine; Pediatrics; Neurology; Emergency Medicine,partially_source_supported
DPR-MSK-068,DIS-MSK-PECTORALISMAJORRUPTU,PRS-MSK-023,source_checked,needs_medical_review,common,typical,common,variable,all ages as clinically relevant,not specific,"outpatient, emergency, or inpatient according to acuity",Use the linked disease illness script and localizing findings.,Interpret key absent findings in clinical context.,false,Step 1; Step 2 CK; Step 3,Internal Medicine; Surgery; Family Medicine; Pediatrics; Neurology; Emergency Medicine,partially_source_supported
DPR-MSK-069,DIS-MSK-LATERALEPICONDYLITIS,PRS-MSK-023,source_checked,needs_medical_review,common,typical,common,variable,all ages as clinically relevant,not specific,"outpatient, emergency, or inpatient according to acuity",Use the linked disease illness script and localizing findings.,Interpret key absent findings in clinical context.,false,Step 1; Step 2 CK; Step 3,Internal Medicine; Surgery; Family Medicine; Pediatrics; Neurology; Emergency Medicine,partially_source_supported
DPR-MSK-070,DIS-MSK-MEDIALEPICONDYLITIS,PRS-MSK-023,source_checked,needs_medical_review,common,typical,common,variable,all ages as clinically relevant,not specific,"outpatient, emergency, or inpatient according to acuity",Use the linked disease illness script and localizing findings.,Interpret key absent findings in clinical context.,false,Step 1; Step 2 CK; Step 3,Internal Medicine; Surgery; Family Medicine; Pediatrics; Neurology; Emergency Medicine,partially_source_supported
DPR-MSK-071,DIS-MSK-ULNARCOLLATERALLIGAM,PRS-MSK-023,source_checked,needs_medical_review,common,typical,common,variable,all ages as clinically relevant,not specific,"outpatient, emergency, or inpatient according to acuity",Use the linked disease illness script and localizing findings.,Interpret key absent findings in clinical context.,false,Step 1; Step 2 CK; Step 3,Internal Medicine; Surgery; Family Medicine; Pediatrics; Neurology; Emergency Medicine,partially_source_supported
DPR-MSK-072,DIS-MSK-DEQUERVAINTENOSYNOVI,PRS-MSK-023,source_checked,needs_medical_review,common,typical,common,variable,all ages as clinically relevant,not specific,"outpatient, emergency, or inpatient according to acuity",Use the linked disease illness script and localizing findings.,Interpret key absent findings in clinical context.,false,Step 1; Step 2 CK; Step 3,Internal Medicine; Surgery; Family Medicine; Pediatrics; Neurology; Emergency Medicine,partially_source_supported
DPR-MSK-073,DIS-MSK-TRIGGERFINGER,PRS-MSK-023,source_checked,needs_medical_review,common,typical,common,variable,all ages as clinically relevant,not specific,"outpatient, emergency, or inpatient according to acuity",Use the linked disease illness script and localizing findings.,Interpret key absent findings in clinical context.,false,Step 1; Step 2 CK; Step 3,Internal Medicine; Surgery; Family Medicine; Pediatrics; Neurology; Emergency Medicine,partially_source_supported
DPR-MSK-074,DIS-MSK-DUPUYTRENCONTRACTURE,PRS-MSK-023,source_checked,needs_medical_review,common,typical,common,variable,all ages as clinically relevant,not specific,"outpatient, emergency, or inpatient according to acuity",Use the linked disease illness script and localizing findings.,Interpret key absent findings in clinical context.,false,Step 1; Step 2 CK; Step 3,Internal Medicine; Surgery; Family Medicine; Pediatrics; Neurology; Emergency Medicine,partially_source_supported
DPR-MSK-075,DIS-MSK-SKIERTHUMB,PRS-MSK-023,source_checked,needs_medical_review,common,typical,common,variable,all ages as clinically relevant,not specific,"outpatient, emergency, or inpatient according to acuity",Use the linked disease illness script and localizing findings.,Interpret key absent findings in clinical context.,false,Step 1; Step 2 CK; Step 3,Internal Medicine; Surgery; Family Medicine; Pediatrics; Neurology; Emergency Medicine,partially_source_supported
DPR-MSK-076,DIS-MSK-SCAPHOLUNATELIGAMENT,PRS-MSK-023,source_checked,needs_medical_review,common,typical,common,variable,all ages as clinically relevant,not specific,"outpatient, emergency, or inpatient according to acuity",Use the linked disease illness script and localizing findings.,Interpret key absent findings in clinical context.,false,Step 1; Step 2 CK; Step 3,Internal Medicine; Surgery; Family Medicine; Pediatrics; Neurology; Emergency Medicine,partially_source_supported
DPR-MSK-077,DIS-MSK-TRIANGULARFIBROCARTI,PRS-MSK-023,source_checked,needs_medical_review,common,typical,common,variable,all ages as clinically relevant,not specific,"outpatient, emergency, or inpatient according to acuity",Use the linked disease illness script and localizing findings.,Interpret key absent findings in clinical context.,false,Step 1; Step 2 CK; Step 3,Internal Medicine; Surgery; Family Medicine; Pediatrics; Neurology; Emergency Medicine,partially_source_supported
DPR-MSK-078,DIS-MSK-MALLETFINGER,PRS-MSK-023,source_checked,needs_medical_review,common,typical,common,variable,all ages as clinically relevant,not specific,"outpatient, emergency, or inpatient according to acuity",Use the linked disease illness script and localizing findings.,Interpret key absent findings in clinical context.,false,Step 1; Step 2 CK; Step 3,Internal Medicine; Surgery; Family Medicine; Pediatrics; Neurology; Emergency Medicine,partially_source_supported
DPR-MSK-079,DIS-MSK-JERSEYFINGER,PRS-MSK-023,source_checked,needs_medical_review,common,typical,common,variable,all ages as clinically relevant,not specific,"outpatient, emergency, or inpatient according to acuity",Use the linked disease illness script and localizing findings.,Interpret key absent findings in clinical context.,false,Step 1; Step 2 CK; Step 3,Internal Medicine; Surgery; Family Medicine; Pediatrics; Neurology; Emergency Medicine,partially_source_supported
DPR-MSK-080,DIS-MSK-ACLTEAR,PRS-MSK-023,source_checked,needs_medical_review,common,typical,common,variable,all ages as clinically relevant,not specific,"outpatient, emergency, or inpatient according to acuity",Use the linked disease illness script and localizing findings.,Interpret key absent findings in clinical context.,false,Step 1; Step 2 CK; Step 3,Internal Medicine; Surgery; Family Medicine; Pediatrics; Neurology; Emergency Medicine,partially_source_supported
DPR-MSK-081,DIS-MSK-PCLTEAR,PRS-MSK-023,source_checked,needs_medical_review,common,typical,common,variable,all ages as clinically relevant,not specific,"outpatient, emergency, or inpatient according to acuity",Use the linked disease illness script and localizing findings.,Interpret key absent findings in clinical context.,false,Step 1; Step 2 CK; Step 3,Internal Medicine; Surgery; Family Medicine; Pediatrics; Neurology; Emergency Medicine,partially_source_supported
DPR-MSK-082,DIS-MSK-MCLTEAR,PRS-MSK-023,source_checked,needs_medical_review,common,typical,common,variable,all ages as clinically relevant,not specific,"outpatient, emergency, or inpatient according to acuity",Use the linked disease illness script and localizing findings.,Interpret key absent findings in clinical context.,false,Step 1; Step 2 CK; Step 3,Internal Medicine; Surgery; Family Medicine; Pediatrics; Neurology; Emergency Medicine,partially_source_supported
DPR-MSK-083,DIS-MSK-LCLTEAR,PRS-MSK-023,source_checked,needs_medical_review,common,typical,common,variable,all ages as clinically relevant,not specific,"outpatient, emergency, or inpatient according to acuity",Use the linked disease illness script and localizing findings.,Interpret key absent findings in clinical context.,false,Step 1; Step 2 CK; Step 3,Internal Medicine; Surgery; Family Medicine; Pediatrics; Neurology; Emergency Medicine,partially_source_supported
DPR-MSK-084,DIS-MSK-MEDIALMENISCUSTEAR,PRS-MSK-023,source_checked,needs_medical_review,common,typical,common,variable,all ages as clinically relevant,not specific,"outpatient, emergency, or inpatient according to acuity",Use the linked disease illness script and localizing findings.,Interpret key absent findings in clinical context.,false,Step 1; Step 2 CK; Step 3,Internal Medicine; Surgery; Family Medicine; Pediatrics; Neurology; Emergency Medicine,partially_source_supported
DPR-MSK-085,DIS-MSK-LATERALMENISCUSTEAR,PRS-MSK-023,source_checked,needs_medical_review,common,typical,common,variable,all ages as clinically relevant,not specific,"outpatient, emergency, or inpatient according to acuity",Use the linked disease illness script and localizing findings.,Interpret key absent findings in clinical context.,false,Step 1; Step 2 CK; Step 3,Internal Medicine; Surgery; Family Medicine; Pediatrics; Neurology; Emergency Medicine,partially_source_supported
DPR-MSK-086,DIS-MSK-PATELLARTENDONRUPTUR,PRS-MSK-023,source_checked,needs_medical_review,common,typical,common,variable,all ages as clinically relevant,not specific,"outpatient, emergency, or inpatient according to acuity",Use the linked disease illness script and localizing findings.,Interpret key absent findings in clinical context.,false,Step 1; Step 2 CK; Step 3,Internal Medicine; Surgery; Family Medicine; Pediatrics; Neurology; Emergency Medicine,partially_source_supported
DPR-MSK-087,DIS-MSK-QUADRICEPSTENDONRUPT,PRS-MSK-023,source_checked,needs_medical_review,common,typical,common,variable,all ages as clinically relevant,not specific,"outpatient, emergency, or inpatient according to acuity",Use the linked disease illness script and localizing findings.,Interpret key absent findings in clinical context.,false,Step 1; Step 2 CK; Step 3,Internal Medicine; Surgery; Family Medicine; Pediatrics; Neurology; Emergency Medicine,partially_source_supported
DPR-MSK-088,DIS-MSK-PATELLOFEMORALPAINSY,PRS-MSK-023,source_checked,needs_medical_review,common,typical,common,variable,all ages as clinically relevant,not specific,"outpatient, emergency, or inpatient according to acuity",Use the linked disease illness script and localizing findings.,Interpret key absent findings in clinical context.,false,Step 1; Step 2 CK; Step 3,Internal Medicine; Surgery; Family Medicine; Pediatrics; Neurology; Emergency Medicine,partially_source_supported
DPR-MSK-089,DIS-MSK-ILIOTIBIALBANDSYNDRO,PRS-MSK-023,source_checked,needs_medical_review,common,typical,common,variable,all ages as clinically relevant,not specific,"outpatient, emergency, or inpatient according to acuity",Use the linked disease illness script and localizing findings.,Interpret key absent findings in clinical context.,false,Step 1; Step 2 CK; Step 3,Internal Medicine; Surgery; Family Medicine; Pediatrics; Neurology; Emergency Medicine,partially_source_supported
DPR-MSK-090,DIS-MSK-PESANSERINEBURSITIS,PRS-MSK-023,source_checked,needs_medical_review,common,typical,common,variable,all ages as clinically relevant,not specific,"outpatient, emergency, or inpatient according to acuity",Use the linked disease illness script and localizing findings.,Interpret key absent findings in clinical context.,false,Step 1; Step 2 CK; Step 3,Internal Medicine; Surgery; Family Medicine; Pediatrics; Neurology; Emergency Medicine,partially_source_supported
DPR-MSK-091,DIS-MSK-OSGOODSCHLATTERDISEA,PRS-MSK-023,source_checked,needs_medical_review,common,typical,common,variable,all ages as clinically relevant,not specific,"outpatient, emergency, or inpatient according to acuity",Use the linked disease illness script and localizing findings.,Interpret key absent findings in clinical context.,false,Step 1; Step 2 CK; Step 3,Internal Medicine; Surgery; Family Medicine; Pediatrics; Neurology; Emergency Medicine,partially_source_supported
DPR-MSK-092,DIS-MSK-LATERALANKLESPRAIN,PRS-MSK-023,source_checked,needs_medical_review,common,typical,common,variable,all ages as clinically relevant,not specific,"outpatient, emergency, or inpatient according to acuity",Use the linked disease illness script and localizing findings.,Interpret key absent findings in clinical context.,false,Step 1; Step 2 CK; Step 3,Internal Medicine; Surgery; Family Medicine; Pediatrics; Neurology; Emergency Medicine,partially_source_supported
DPR-MSK-093,DIS-MSK-SYNDESMOTICANKLESPRA,PRS-MSK-023,source_checked,needs_medical_review,common,typical,common,variable,all ages as clinically relevant,not specific,"outpatient, emergency, or inpatient according to acuity",Use the linked disease illness script and localizing findings.,Interpret key absent findings in clinical context.,false,Step 1; Step 2 CK; Step 3,Internal Medicine; Surgery; Family Medicine; Pediatrics; Neurology; Emergency Medicine,partially_source_supported
DPR-MSK-094,DIS-MSK-ACHILLESTENDINOPATHY,PRS-MSK-023,source_checked,needs_medical_review,common,typical,common,variable,all ages as clinically relevant,not specific,"outpatient, emergency, or inpatient according to acuity",Use the linked disease illness script and localizing findings.,Interpret key absent findings in clinical context.,false,Step 1; Step 2 CK; Step 3,Internal Medicine; Surgery; Family Medicine; Pediatrics; Neurology; Emergency Medicine,partially_source_supported
DPR-MSK-095,DIS-MSK-ACHILLESTENDONRUPTUR,PRS-MSK-023,source_checked,needs_medical_review,common,typical,common,variable,all ages as clinically relevant,not specific,"outpatient, emergency, or inpatient according to acuity",Use the linked disease illness script and localizing findings.,Interpret key absent findings in clinical context.,false,Step 1; Step 2 CK; Step 3,Internal Medicine; Surgery; Family Medicine; Pediatrics; Neurology; Emergency Medicine,partially_source_supported
DPR-MSK-096,DIS-MSK-POSTERIORTIBIALTENDO,PRS-MSK-023,source_checked,needs_medical_review,common,typical,common,variable,all ages as clinically relevant,not specific,"outpatient, emergency, or inpatient according to acuity",Use the linked disease illness script and localizing findings.,Interpret key absent findings in clinical context.,false,Step 1; Step 2 CK; Step 3,Internal Medicine; Surgery; Family Medicine; Pediatrics; Neurology; Emergency Medicine,partially_source_supported
DPR-MSK-097,DIS-MSK-PLANTARFASCIITIS,PRS-MSK-023,source_checked,needs_medical_review,common,typical,common,variable,all ages as clinically relevant,not specific,"outpatient, emergency, or inpatient according to acuity",Use the linked disease illness script and localizing findings.,Interpret key absent findings in clinical context.,false,Step 1; Step 2 CK; Step 3,Internal Medicine; Surgery; Family Medicine; Pediatrics; Neurology; Emergency Medicine,partially_source_supported
DPR-MSK-098,DIS-MSK-TURFTOE,PRS-MSK-023,source_checked,needs_medical_review,common,typical,common,variable,all ages as clinically relevant,not specific,"outpatient, emergency, or inpatient according to acuity",Use the linked disease illness script and localizing findings.,Interpret key absent findings in clinical context.,false,Step 1; Step 2 CK; Step 3,Internal Medicine; Surgery; Family Medicine; Pediatrics; Neurology; Emergency Medicine,partially_source_supported
DPR-MSK-099,DIS-MSK-MORTONNEUROMA,PRS-MSK-023,source_checked,needs_medical_review,common,typical,common,variable,all ages as clinically relevant,not specific,"outpatient, emergency, or inpatient according to acuity",Use the linked disease illness script and localizing findings.,Interpret key absent findings in clinical context.,false,Step 1; Step 2 CK; Step 3,Internal Medicine; Surgery; Family Medicine; Pediatrics; Neurology; Emergency Medicine,partially_source_supported
DPR-MSK-100,DIS-MSK-HALLUXVALGUS,PRS-MSK-023,source_checked,needs_medical_review,common,typical,common,variable,all ages as clinically relevant,not specific,"outpatient, emergency, or inpatient according to acuity",Use the linked disease illness script and localizing findings.,Interpret key absent findings in clinical context.,false,Step 1; Step 2 CK; Step 3,Internal Medicine; Surgery; Family Medicine; Pediatrics; Neurology; Emergency Medicine,partially_source_supported
DPR-MSK-101,DIS-MSK-ACUTECOMPARTMENTSYND,PRS-MSK-006,source_checked,needs_medical_review,common,typical,common,variable,all ages as clinically relevant,not specific,"outpatient, emergency, or inpatient according to acuity",Use the linked disease illness script and localizing findings.,Interpret key absent findings in clinical context.,false,Step 1; Step 2 CK; Step 3,Internal Medicine; Surgery; Family Medicine; Pediatrics; Neurology; Emergency Medicine,partially_source_supported
DPR-MSK-102,DIS-MSK-CHRONICEXERTIONALCOM,PRS-MSK-006,source_checked,needs_medical_review,common,typical,common,variable,all ages as clinically relevant,not specific,"outpatient, emergency, or inpatient according to acuity",Use the linked disease illness script and localizing findings.,Interpret key absent findings in clinical context.,false,Step 1; Step 2 CK; Step 3,Internal Medicine; Surgery; Family Medicine; Pediatrics; Neurology; Emergency Medicine,partially_source_supported
DPR-MSK-103,DIS-MSK-OPENFRACTURE,PRS-MSK-006,source_checked,needs_medical_review,common,typical,common,variable,all ages as clinically relevant,not specific,"outpatient, emergency, or inpatient according to acuity",Use the linked disease illness script and localizing findings.,Interpret key absent findings in clinical context.,false,Step 1; Step 2 CK; Step 3,Internal Medicine; Surgery; Family Medicine; Pediatrics; Neurology; Emergency Medicine,partially_source_supported
DPR-MSK-104,DIS-MSK-NECROTIZINGSOFTTISSU,PRS-MSK-006,source_checked,needs_medical_review,common,typical,common,variable,all ages as clinically relevant,not specific,"outpatient, emergency, or inpatient according to acuity",Use the linked disease illness script and localizing findings.,Interpret key absent findings in clinical context.,false,Step 1; Step 2 CK; Step 3,Internal Medicine; Surgery; Family Medicine; Pediatrics; Neurology; Emergency Medicine,partially_source_supported
DPR-MSK-105,DIS-MSK-ACUTELIMBISCHEMIA,PRS-MSK-006,source_checked,needs_medical_review,common,typical,common,variable,all ages as clinically relevant,not specific,"outpatient, emergency, or inpatient according to acuity",Use the linked disease illness script and localizing findings.,Interpret key absent findings in clinical context.,false,Step 1; Step 2 CK; Step 3,Internal Medicine; Surgery; Family Medicine; Pediatrics; Neurology; Emergency Medicine,partially_source_supported
DPR-MSK-106,DIS-MSK-FATEMBOLISMSYNDROME,PRS-MSK-006,source_checked,needs_medical_review,common,typical,common,variable,all ages as clinically relevant,not specific,"outpatient, emergency, or inpatient according to acuity",Use the linked disease illness script and localizing findings.,Interpret key absent findings in clinical context.,false,Step 1; Step 2 CK; Step 3,Internal Medicine; Surgery; Family Medicine; Pediatrics; Neurology; Emergency Medicine,partially_source_supported
DPR-MSK-107,DIS-MSK-TRAUMATICAMPUTATION,PRS-MSK-006,source_checked,needs_medical_review,common,typical,common,variable,all ages as clinically relevant,not specific,"outpatient, emergency, or inpatient according to acuity",Use the linked disease illness script and localizing findings.,Interpret key absent findings in clinical context.,false,Step 1; Step 2 CK; Step 3,Internal Medicine; Surgery; Family Medicine; Pediatrics; Neurology; Emergency Medicine,partially_source_supported
DPR-MSK-108,DIS-MSK-FLEXORTENOSYNOVITIS,PRS-MSK-006,source_checked,needs_medical_review,common,typical,common,variable,all ages as clinically relevant,not specific,"outpatient, emergency, or inpatient according to acuity",Use the linked disease illness script and localizing findings.,Interpret key absent findings in clinical context.,false,Step 1; Step 2 CK; Step 3,Internal Medicine; Surgery; Family Medicine; Pediatrics; Neurology; Emergency Medicine,partially_source_supported
DPR-MSK-109,DIS-MSK-HANDORDIGITISCHEMIA,PRS-MSK-006,source_checked,needs_medical_review,common,typical,common,variable,all ages as clinically relevant,not specific,"outpatient, emergency, or inpatient according to acuity",Use the linked disease illness script and localizing findings.,Interpret key absent findings in clinical context.,false,Step 1; Step 2 CK; Step 3,Internal Medicine; Surgery; Family Medicine; Pediatrics; Neurology; Emergency Medicine,partially_source_supported
DPR-MSK-110,DIS-MSK-CRUSHINJURY,PRS-MSK-006,source_checked,needs_medical_review,common,typical,common,variable,all ages as clinically relevant,not specific,"outpatient, emergency, or inpatient according to acuity",Use the linked disease illness script and localizing findings.,Interpret key absent findings in clinical context.,false,Step 1; Step 2 CK; Step 3,Internal Medicine; Surgery; Family Medicine; Pediatrics; Neurology; Emergency Medicine,partially_source_supported
DPR-MSK-111,DIS-MSK-ACUTEHEMATOGENOUSOST,PRS-MSK-007,source_checked,needs_medical_review,common,typical,common,variable,all ages as clinically relevant,not specific,"outpatient, emergency, or inpatient according to acuity",Use the linked disease illness script and localizing findings.,Interpret key absent findings in clinical context.,false,Step 1; Step 2 CK; Step 3,Internal Medicine; Surgery; Family Medicine; Pediatrics; Neurology; Emergency Medicine,partially_source_supported
DPR-MSK-112,DIS-MSK-CHRONICOSTEOMYELITIS,PRS-MSK-007,source_checked,needs_medical_review,common,typical,common,variable,all ages as clinically relevant,not specific,"outpatient, emergency, or inpatient according to acuity",Use the linked disease illness script and localizing findings.,Interpret key absent findings in clinical context.,false,Step 1; Step 2 CK; Step 3,Internal Medicine; Surgery; Family Medicine; Pediatrics; Neurology; Emergency Medicine,partially_source_supported
DPR-MSK-113,DIS-MSK-VERTEBRALOSTEOMYELIT,PRS-MSK-007,source_checked,needs_medical_review,common,typical,common,variable,all ages as clinically relevant,not specific,"outpatient, emergency, or inpatient according to acuity",Use the linked disease illness script and localizing findings.,Interpret key absent findings in clinical context.,false,Step 1; Step 2 CK; Step 3,Internal Medicine; Surgery; Family Medicine; Pediatrics; Neurology; Emergency Medicine,partially_source_supported
DPR-MSK-114,DIS-MSK-DIABETICFOOTOSTEOMYE,PRS-MSK-007,source_checked,needs_medical_review,common,typical,common,variable,all ages as clinically relevant,not specific,"outpatient, emergency, or inpatient according to acuity",Use the linked disease illness script and localizing findings.,Interpret key absent findings in clinical context.,false,Step 1; Step 2 CK; Step 3,Internal Medicine; Surgery; Family Medicine; Pediatrics; Neurology; Emergency Medicine,partially_source_supported
DPR-MSK-115,DIS-MSK-PROSTHETICJOINTINFEC,PRS-MSK-007,source_checked,needs_medical_review,common,typical,common,variable,all ages as clinically relevant,not specific,"outpatient, emergency, or inpatient according to acuity",Use the linked disease illness script and localizing findings.,Interpret key absent findings in clinical context.,false,Step 1; Step 2 CK; Step 3,Internal Medicine; Surgery; Family Medicine; Pediatrics; Neurology; Emergency Medicine,partially_source_supported
DPR-MSK-116,DIS-MSK-BRODIEABSCESS,PRS-MSK-007,source_checked,needs_medical_review,common,typical,common,variable,all ages as clinically relevant,not specific,"outpatient, emergency, or inpatient according to acuity",Use the linked disease illness script and localizing findings.,Interpret key absent findings in clinical context.,false,Step 1; Step 2 CK; Step 3,Internal Medicine; Surgery; Family Medicine; Pediatrics; Neurology; Emergency Medicine,partially_source_supported
DPR-MSK-117,DIS-MSK-SEPTICARTHRITIS,PRS-MSK-007,source_checked,needs_medical_review,common,typical,common,variable,all ages as clinically relevant,not specific,"outpatient, emergency, or inpatient according to acuity",Use the linked disease illness script and localizing findings.,Interpret key absent findings in clinical context.,false,Step 1; Step 2 CK; Step 3,Internal Medicine; Surgery; Family Medicine; Pediatrics; Neurology; Emergency Medicine,partially_source_supported
DPR-MSK-118,DIS-MSK-GONOCOCCALARTHRITIS,PRS-MSK-007,source_checked,needs_medical_review,common,typical,common,variable,all ages as clinically relevant,not specific,"outpatient, emergency, or inpatient according to acuity",Use the linked disease illness script and localizing findings.,Interpret key absent findings in clinical context.,false,Step 1; Step 2 CK; Step 3,Internal Medicine; Surgery; Family Medicine; Pediatrics; Neurology; Emergency Medicine,partially_source_supported
DPR-MSK-119,DIS-MSK-TUBERCULOUSARTHRITIS,PRS-MSK-007,source_checked,needs_medical_review,common,typical,common,variable,all ages as clinically relevant,not specific,"outpatient, emergency, or inpatient according to acuity",Use the linked disease illness script and localizing findings.,Interpret key absent findings in clinical context.,false,Step 1; Step 2 CK; Step 3,Internal Medicine; Surgery; Family Medicine; Pediatrics; Neurology; Emergency Medicine,partially_source_supported
DPR-MSK-120,DIS-MSK-POTTDISEASE,PRS-MSK-007,source_checked,needs_medical_review,common,typical,common,variable,all ages as clinically relevant,not specific,"outpatient, emergency, or inpatient according to acuity",Use the linked disease illness script and localizing findings.,Interpret key absent findings in clinical context.,false,Step 1; Step 2 CK; Step 3,Internal Medicine; Surgery; Family Medicine; Pediatrics; Neurology; Emergency Medicine,partially_source_supported
DPR-MSK-121,DIS-MSK-DISCITIS,PRS-MSK-007,source_checked,needs_medical_review,common,typical,common,variable,all ages as clinically relevant,not specific,"outpatient, emergency, or inpatient according to acuity",Use the linked disease illness script and localizing findings.,Interpret key absent findings in clinical context.,false,Step 1; Step 2 CK; Step 3,Internal Medicine; Surgery; Family Medicine; Pediatrics; Neurology; Emergency Medicine,partially_source_supported
DPR-MSK-122,DIS-MSK-INFECTIOUSBURSITIS,PRS-MSK-007,source_checked,needs_medical_review,common,typical,common,variable,all ages as clinically relevant,not specific,"outpatient, emergency, or inpatient according to acuity",Use the linked disease illness script and localizing findings.,Interpret key absent findings in clinical context.,false,Step 1; Step 2 CK; Step 3,Internal Medicine; Surgery; Family Medicine; Pediatrics; Neurology; Emergency Medicine,partially_source_supported
DPR-MSK-123,DIS-MSK-OSTEOARTHRITIS,PRS-MSK-010,source_checked,needs_medical_review,common,typical,common,variable,all ages as clinically relevant,not specific,"outpatient, emergency, or inpatient according to acuity",Use the linked disease illness script and localizing findings.,Interpret key absent findings in clinical context.,false,Step 1; Step 2 CK; Step 3,Internal Medicine; Surgery; Family Medicine; Pediatrics; Neurology; Emergency Medicine,partially_source_supported
DPR-MSK-124,DIS-MSK-CERVICALSPONDYLOSIS,PRS-MSK-010,source_checked,needs_medical_review,common,typical,common,variable,all ages as clinically relevant,not specific,"outpatient, emergency, or inpatient according to acuity",Use the linked disease illness script and localizing findings.,Interpret key absent findings in clinical context.,false,Step 1; Step 2 CK; Step 3,Internal Medicine; Surgery; Family Medicine; Pediatrics; Neurology; Emergency Medicine,partially_source_supported
DPR-MSK-125,DIS-MSK-CERVICALRADICULOPATH,PRS-MSK-010,source_checked,needs_medical_review,common,typical,common,variable,all ages as clinically relevant,not specific,"outpatient, emergency, or inpatient according to acuity",Use the linked disease illness script and localizing findings.,Interpret key absent findings in clinical context.,false,Step 1; Step 2 CK; Step 3,Internal Medicine; Surgery; Family Medicine; Pediatrics; Neurology; Emergency Medicine,partially_source_supported
DPR-MSK-126,DIS-MSK-CERVICALMYELOPATHY,PRS-MSK-010,source_checked,needs_medical_review,common,typical,common,variable,all ages as clinically relevant,not specific,"outpatient, emergency, or inpatient according to acuity",Use the linked disease illness script and localizing findings.,Interpret key absent findings in clinical context.,false,Step 1; Step 2 CK; Step 3,Internal Medicine; Surgery; Family Medicine; Pediatrics; Neurology; Emergency Medicine,partially_source_supported
DPR-MSK-127,DIS-MSK-LUMBARSPINALSTENOSIS,PRS-MSK-010,source_checked,needs_medical_review,common,typical,common,variable,all ages as clinically relevant,not specific,"outpatient, emergency, or inpatient according to acuity",Use the linked disease illness script and localizing findings.,Interpret key absent findings in clinical context.,false,Step 1; Step 2 CK; Step 3,Internal Medicine; Surgery; Family Medicine; Pediatrics; Neurology; Emergency Medicine,partially_source_supported
DPR-MSK-128,DIS-MSK-LUMBARRADICULOPATHY,PRS-MSK-010,source_checked,needs_medical_review,common,typical,common,variable,all ages as clinically relevant,not specific,"outpatient, emergency, or inpatient according to acuity",Use the linked disease illness script and localizing findings.,Interpret key absent findings in clinical context.,false,Step 1; Step 2 CK; Step 3,Internal Medicine; Surgery; Family Medicine; Pediatrics; Neurology; Emergency Medicine,partially_source_supported
DPR-MSK-129,DIS-MSK-HERNIATEDNUCLEUSPULP,PRS-MSK-010,source_checked,needs_medical_review,common,typical,common,variable,all ages as clinically relevant,not specific,"outpatient, emergency, or inpatient according to acuity",Use the linked disease illness script and localizing findings.,Interpret key absent findings in clinical context.,false,Step 1; Step 2 CK; Step 3,Internal Medicine; Surgery; Family Medicine; Pediatrics; Neurology; Emergency Medicine,partially_source_supported
DPR-MSK-130,DIS-MSK-FACETARTHROPATHY,PRS-MSK-010,source_checked,needs_medical_review,common,typical,common,variable,all ages as clinically relevant,not specific,"outpatient, emergency, or inpatient according to acuity",Use the linked disease illness script and localizing findings.,Interpret key absent findings in clinical context.,false,Step 1; Step 2 CK; Step 3,Internal Medicine; Surgery; Family Medicine; Pediatrics; Neurology; Emergency Medicine,partially_source_supported
DPR-MSK-131,DIS-MSK-DEGENERATIVEDISCDISE,PRS-MSK-010,source_checked,needs_medical_review,common,typical,common,variable,all ages as clinically relevant,not specific,"outpatient, emergency, or inpatient according to acuity",Use the linked disease illness script and localizing findings.,Interpret key absent findings in clinical context.,false,Step 1; Step 2 CK; Step 3,Internal Medicine; Surgery; Family Medicine; Pediatrics; Neurology; Emergency Medicine,partially_source_supported
DPR-MSK-132,DIS-MSK-SPONDYLOLYSIS,PRS-MSK-010,source_checked,needs_medical_review,common,typical,common,variable,all ages as clinically relevant,not specific,"outpatient, emergency, or inpatient according to acuity",Use the linked disease illness script and localizing findings.,Interpret key absent findings in clinical context.,false,Step 1; Step 2 CK; Step 3,Internal Medicine; Surgery; Family Medicine; Pediatrics; Neurology; Emergency Medicine,partially_source_supported
DPR-MSK-133,DIS-MSK-SPONDYLOLISTHESIS,PRS-MSK-010,source_checked,needs_medical_review,common,typical,common,variable,all ages as clinically relevant,not specific,"outpatient, emergency, or inpatient according to acuity",Use the linked disease illness script and localizing findings.,Interpret key absent findings in clinical context.,false,Step 1; Step 2 CK; Step 3,Internal Medicine; Surgery; Family Medicine; Pediatrics; Neurology; Emergency Medicine,partially_source_supported
DPR-MSK-134,DIS-MSK-SACROILIACJOINTDYSFU,PRS-MSK-010,source_checked,needs_medical_review,common,typical,common,variable,all ages as clinically relevant,not specific,"outpatient, emergency, or inpatient according to acuity",Use the linked disease illness script and localizing findings.,Interpret key absent findings in clinical context.,false,Step 1; Step 2 CK; Step 3,Internal Medicine; Surgery; Family Medicine; Pediatrics; Neurology; Emergency Medicine,partially_source_supported
DPR-MSK-135,DIS-MSK-HIPOSTEOARTHRITIS,PRS-MSK-010,source_checked,needs_medical_review,common,typical,common,variable,all ages as clinically relevant,not specific,"outpatient, emergency, or inpatient according to acuity",Use the linked disease illness script and localizing findings.,Interpret key absent findings in clinical context.,false,Step 1; Step 2 CK; Step 3,Internal Medicine; Surgery; Family Medicine; Pediatrics; Neurology; Emergency Medicine,partially_source_supported
DPR-MSK-136,DIS-MSK-KNEEOSTEOARTHRITIS,PRS-MSK-010,source_checked,needs_medical_review,common,typical,common,variable,all ages as clinically relevant,not specific,"outpatient, emergency, or inpatient according to acuity",Use the linked disease illness script and localizing findings.,Interpret key absent findings in clinical context.,false,Step 1; Step 2 CK; Step 3,Internal Medicine; Surgery; Family Medicine; Pediatrics; Neurology; Emergency Medicine,partially_source_supported
DPR-MSK-137,DIS-MSK-HANDOSTEOARTHRITIS,PRS-MSK-010,source_checked,needs_medical_review,common,typical,common,variable,all ages as clinically relevant,not specific,"outpatient, emergency, or inpatient according to acuity",Use the linked disease illness script and localizing findings.,Interpret key absent findings in clinical context.,false,Step 1; Step 2 CK; Step 3,Internal Medicine; Surgery; Family Medicine; Pediatrics; Neurology; Emergency Medicine,partially_source_supported
DPR-MSK-138,DIS-MSK-RHEUMATOIDARTHRITIS,PRS-MSK-009,source_checked,needs_medical_review,common,typical,common,variable,all ages as clinically relevant,not specific,"outpatient, emergency, or inpatient according to acuity",Use the linked disease illness script and localizing findings.,Interpret key absent findings in clinical context.,false,Step 1; Step 2 CK; Step 3,Internal Medicine; Surgery; Family Medicine; Pediatrics; Neurology; Emergency Medicine,partially_source_supported
DPR-MSK-139,DIS-MSK-JUVENILEIDIOPATHICAR,PRS-MSK-009,source_checked,needs_medical_review,common,typical,common,variable,all ages as clinically relevant,not specific,"outpatient, emergency, or inpatient according to acuity",Use the linked disease illness script and localizing findings.,Interpret key absent findings in clinical context.,false,Step 1; Step 2 CK; Step 3,Internal Medicine; Surgery; Family Medicine; Pediatrics; Neurology; Emergency Medicine,partially_source_supported
DPR-MSK-140,DIS-MSK-PSORIATICARTHRITIS,PRS-MSK-009,source_checked,needs_medical_review,common,typical,common,variable,all ages as clinically relevant,not specific,"outpatient, emergency, or inpatient according to acuity",Use the linked disease illness script and localizing findings.,Interpret key absent findings in clinical context.,false,Step 1; Step 2 CK; Step 3,Internal Medicine; Surgery; Family Medicine; Pediatrics; Neurology; Emergency Medicine,partially_source_supported
DPR-MSK-141,DIS-MSK-ANKYLOSINGSPONDYLITI,PRS-MSK-009,source_checked,needs_medical_review,common,typical,common,variable,all ages as clinically relevant,not specific,"outpatient, emergency, or inpatient according to acuity",Use the linked disease illness script and localizing findings.,Interpret key absent findings in clinical context.,false,Step 1; Step 2 CK; Step 3,Internal Medicine; Surgery; Family Medicine; Pediatrics; Neurology; Emergency Medicine,partially_source_supported
DPR-MSK-142,DIS-MSK-REACTIVEARTHRITIS,PRS-MSK-009,source_checked,needs_medical_review,common,typical,common,variable,all ages as clinically relevant,not specific,"outpatient, emergency, or inpatient according to acuity",Use the linked disease illness script and localizing findings.,Interpret key absent findings in clinical context.,false,Step 1; Step 2 CK; Step 3,Internal Medicine; Surgery; Family Medicine; Pediatrics; Neurology; Emergency Medicine,partially_source_supported
DPR-MSK-143,DIS-MSK-ENTEROPATHICARTHRITI,PRS-MSK-009,source_checked,needs_medical_review,common,typical,common,variable,all ages as clinically relevant,not specific,"outpatient, emergency, or inpatient according to acuity",Use the linked disease illness script and localizing findings.,Interpret key absent findings in clinical context.,false,Step 1; Step 2 CK; Step 3,Internal Medicine; Surgery; Family Medicine; Pediatrics; Neurology; Emergency Medicine,partially_source_supported
DPR-MSK-144,DIS-MSK-SYSTEMICLUPUSERYTHEM,PRS-MSK-009,source_checked,needs_medical_review,common,typical,common,variable,all ages as clinically relevant,not specific,"outpatient, emergency, or inpatient according to acuity",Use the linked disease illness script and localizing findings.,Interpret key absent findings in clinical context.,false,Step 1; Step 2 CK; Step 3,Internal Medicine; Surgery; Family Medicine; Pediatrics; Neurology; Emergency Medicine,partially_source_supported
DPR-MSK-145,DIS-MSK-MIXEDCONNECTIVETISSU,PRS-MSK-009,source_checked,needs_medical_review,common,typical,common,variable,all ages as clinically relevant,not specific,"outpatient, emergency, or inpatient according to acuity",Use the linked disease illness script and localizing findings.,Interpret key absent findings in clinical context.,false,Step 1; Step 2 CK; Step 3,Internal Medicine; Surgery; Family Medicine; Pediatrics; Neurology; Emergency Medicine,partially_source_supported
DPR-MSK-146,DIS-MSK-SJÖGRENSYNDROME,PRS-MSK-009,source_checked,needs_medical_review,common,typical,common,variable,all ages as clinically relevant,not specific,"outpatient, emergency, or inpatient according to acuity",Use the linked disease illness script and localizing findings.,Interpret key absent findings in clinical context.,false,Step 1; Step 2 CK; Step 3,Internal Medicine; Surgery; Family Medicine; Pediatrics; Neurology; Emergency Medicine,partially_source_supported
DPR-MSK-147,DIS-MSK-SYSTEMICSCLEROSIS,PRS-MSK-009,source_checked,needs_medical_review,common,typical,common,variable,all ages as clinically relevant,not specific,"outpatient, emergency, or inpatient according to acuity",Use the linked disease illness script and localizing findings.,Interpret key absent findings in clinical context.,false,Step 1; Step 2 CK; Step 3,Internal Medicine; Surgery; Family Medicine; Pediatrics; Neurology; Emergency Medicine,partially_source_supported
DPR-MSK-148,DIS-MSK-POLYMYOSITIS,PRS-MSK-009,source_checked,needs_medical_review,common,typical,common,variable,all ages as clinically relevant,not specific,"outpatient, emergency, or inpatient according to acuity",Use the linked disease illness script and localizing findings.,Interpret key absent findings in clinical context.,false,Step 1; Step 2 CK; Step 3,Internal Medicine; Surgery; Family Medicine; Pediatrics; Neurology; Emergency Medicine,partially_source_supported
DPR-MSK-149,DIS-MSK-DERMATOMYOSITIS,PRS-MSK-009,source_checked,needs_medical_review,common,typical,common,variable,all ages as clinically relevant,not specific,"outpatient, emergency, or inpatient according to acuity",Use the linked disease illness script and localizing findings.,Interpret key absent findings in clinical context.,false,Step 1; Step 2 CK; Step 3,Internal Medicine; Surgery; Family Medicine; Pediatrics; Neurology; Emergency Medicine,partially_source_supported
DPR-MSK-150,DIS-MSK-INCLUSIONBODYMYOSITI,PRS-MSK-009,source_checked,needs_medical_review,common,typical,common,variable,all ages as clinically relevant,not specific,"outpatient, emergency, or inpatient according to acuity",Use the linked disease illness script and localizing findings.,Interpret key absent findings in clinical context.,false,Step 1; Step 2 CK; Step 3,Internal Medicine; Surgery; Family Medicine; Pediatrics; Neurology; Emergency Medicine,partially_source_supported
DPR-MSK-151,DIS-MSK-POLYMYALGIARHEUMATIC,PRS-MSK-009,source_checked,needs_medical_review,common,typical,common,variable,all ages as clinically relevant,not specific,"outpatient, emergency, or inpatient according to acuity",Use the linked disease illness script and localizing findings.,Interpret key absent findings in clinical context.,false,Step 1; Step 2 CK; Step 3,Internal Medicine; Surgery; Family Medicine; Pediatrics; Neurology; Emergency Medicine,partially_source_supported
DPR-MSK-152,DIS-MSK-RELAPSINGPOLYCHONDRI,PRS-MSK-009,source_checked,needs_medical_review,common,typical,common,variable,all ages as clinically relevant,not specific,"outpatient, emergency, or inpatient according to acuity",Use the linked disease illness script and localizing findings.,Interpret key absent findings in clinical context.,false,Step 1; Step 2 CK; Step 3,Internal Medicine; Surgery; Family Medicine; Pediatrics; Neurology; Emergency Medicine,partially_source_supported
DPR-MSK-153,DIS-MSK-ADULTONSETSTILLDISEA,PRS-MSK-009,source_checked,needs_medical_review,common,typical,common,variable,all ages as clinically relevant,not specific,"outpatient, emergency, or inpatient according to acuity",Use the linked disease illness script and localizing findings.,Interpret key absent findings in clinical context.,false,Step 1; Step 2 CK; Step 3,Internal Medicine; Surgery; Family Medicine; Pediatrics; Neurology; Emergency Medicine,partially_source_supported
DPR-MSK-154,DIS-MSK-GIANTCELLARTERITIS,PRS-MSK-009,source_checked,needs_medical_review,common,typical,common,variable,all ages as clinically relevant,not specific,"outpatient, emergency, or inpatient according to acuity",Use the linked disease illness script and localizing findings.,Interpret key absent findings in clinical context.,false,Step 1; Step 2 CK; Step 3,Internal Medicine; Surgery; Family Medicine; Pediatrics; Neurology; Emergency Medicine,partially_source_supported
DPR-MSK-155,DIS-MSK-POLYARTERITISNODOSA,PRS-MSK-009,source_checked,needs_medical_review,common,typical,common,variable,all ages as clinically relevant,not specific,"outpatient, emergency, or inpatient according to acuity",Use the linked disease illness script and localizing findings.,Interpret key absent findings in clinical context.,false,Step 1; Step 2 CK; Step 3,Internal Medicine; Surgery; Family Medicine; Pediatrics; Neurology; Emergency Medicine,partially_source_supported
DPR-MSK-156,DIS-MSK-EOSINOPHILICGRANULOM,PRS-MSK-009,source_checked,needs_medical_review,common,typical,common,variable,all ages as clinically relevant,not specific,"outpatient, emergency, or inpatient according to acuity",Use the linked disease illness script and localizing findings.,Interpret key absent findings in clinical context.,false,Step 1; Step 2 CK; Step 3,Internal Medicine; Surgery; Family Medicine; Pediatrics; Neurology; Emergency Medicine,partially_source_supported
DPR-MSK-157,DIS-MSK-BEHÇETDISEASE,PRS-MSK-009,source_checked,needs_medical_review,common,typical,common,variable,all ages as clinically relevant,not specific,"outpatient, emergency, or inpatient according to acuity",Use the linked disease illness script and localizing findings.,Interpret key absent findings in clinical context.,false,Step 1; Step 2 CK; Step 3,Internal Medicine; Surgery; Family Medicine; Pediatrics; Neurology; Emergency Medicine,partially_source_supported
DPR-MSK-158,DIS-MSK-GOUT,PRS-MSK-008,source_checked,needs_medical_review,common,typical,common,variable,all ages as clinically relevant,not specific,"outpatient, emergency, or inpatient according to acuity",Use the linked disease illness script and localizing findings.,Interpret key absent findings in clinical context.,false,Step 1; Step 2 CK; Step 3,Internal Medicine; Surgery; Family Medicine; Pediatrics; Neurology; Emergency Medicine,partially_source_supported
DPR-MSK-159,DIS-MSK-ACUTEGOUTFLARE,PRS-MSK-008,source_checked,needs_medical_review,common,typical,common,variable,all ages as clinically relevant,not specific,"outpatient, emergency, or inpatient according to acuity",Use the linked disease illness script and localizing findings.,Interpret key absent findings in clinical context.,false,Step 1; Step 2 CK; Step 3,Internal Medicine; Surgery; Family Medicine; Pediatrics; Neurology; Emergency Medicine,partially_source_supported
DPR-MSK-160,DIS-MSK-CHRONICTOPHACEOUSGOU,PRS-MSK-008,source_checked,needs_medical_review,common,typical,common,variable,all ages as clinically relevant,not specific,"outpatient, emergency, or inpatient according to acuity",Use the linked disease illness script and localizing findings.,Interpret key absent findings in clinical context.,false,Step 1; Step 2 CK; Step 3,Internal Medicine; Surgery; Family Medicine; Pediatrics; Neurology; Emergency Medicine,partially_source_supported
DPR-MSK-161,DIS-MSK-CALCIUMPYROPHOSPHATE,PRS-MSK-008,source_checked,needs_medical_review,common,typical,common,variable,all ages as clinically relevant,not specific,"outpatient, emergency, or inpatient according to acuity",Use the linked disease illness script and localizing findings.,Interpret key absent findings in clinical context.,false,Step 1; Step 2 CK; Step 3,Internal Medicine; Surgery; Family Medicine; Pediatrics; Neurology; Emergency Medicine,partially_source_supported
DPR-MSK-162,DIS-MSK-CALCIFICTENDINITIS,PRS-MSK-008,source_checked,needs_medical_review,common,typical,common,variable,all ages as clinically relevant,not specific,"outpatient, emergency, or inpatient according to acuity",Use the linked disease illness script and localizing findings.,Interpret key absent findings in clinical context.,false,Step 1; Step 2 CK; Step 3,Internal Medicine; Surgery; Family Medicine; Pediatrics; Neurology; Emergency Medicine,partially_source_supported
DPR-MSK-163,DIS-MSK-OSTEOPOROSIS,PRS-MSK-020,source_checked,needs_medical_review,common,typical,common,variable,all ages as clinically relevant,not specific,"outpatient, emergency, or inpatient according to acuity",Use the linked disease illness script and localizing findings.,Interpret key absent findings in clinical context.,false,Step 1; Step 2 CK; Step 3,Internal Medicine; Surgery; Family Medicine; Pediatrics; Neurology; Emergency Medicine,partially_source_supported
DPR-MSK-164,DIS-MSK-OSTEOPENIA,PRS-MSK-020,source_checked,needs_medical_review,common,typical,common,variable,all ages as clinically relevant,not specific,"outpatient, emergency, or inpatient according to acuity",Use the linked disease illness script and localizing findings.,Interpret key absent findings in clinical context.,false,Step 1; Step 2 CK; Step 3,Internal Medicine; Surgery; Family Medicine; Pediatrics; Neurology; Emergency Medicine,partially_source_supported
DPR-MSK-165,DIS-MSK-OSTEOMALACIA,PRS-MSK-020,source_checked,needs_medical_review,common,typical,common,variable,all ages as clinically relevant,not specific,"outpatient, emergency, or inpatient according to acuity",Use the linked disease illness script and localizing findings.,Interpret key absent findings in clinical context.,false,Step 1; Step 2 CK; Step 3,Internal Medicine; Surgery; Family Medicine; Pediatrics; Neurology; Emergency Medicine,partially_source_supported
DPR-MSK-166,DIS-MSK-RICKETS,PRS-MSK-020,source_checked,needs_medical_review,common,typical,common,variable,all ages as clinically relevant,not specific,"outpatient, emergency, or inpatient according to acuity",Use the linked disease illness script and localizing findings.,Interpret key absent findings in clinical context.,false,Step 1; Step 2 CK; Step 3,Internal Medicine; Surgery; Family Medicine; Pediatrics; Neurology; Emergency Medicine,partially_source_supported
DPR-MSK-167,DIS-MSK-PAGETDISEASEOFBONE,PRS-MSK-020,source_checked,needs_medical_review,common,typical,common,variable,all ages as clinically relevant,not specific,"outpatient, emergency, or inpatient according to acuity",Use the linked disease illness script and localizing findings.,Interpret key absent findings in clinical context.,false,Step 1; Step 2 CK; Step 3,Internal Medicine; Surgery; Family Medicine; Pediatrics; Neurology; Emergency Medicine,partially_source_supported
DPR-MSK-168,DIS-MSK-HYPERPARATHYROIDBONE,PRS-MSK-020,source_checked,needs_medical_review,common,typical,common,variable,all ages as clinically relevant,not specific,"outpatient, emergency, or inpatient according to acuity",Use the linked disease illness script and localizing findings.,Interpret key absent findings in clinical context.,false,Step 1; Step 2 CK; Step 3,Internal Medicine; Surgery; Family Medicine; Pediatrics; Neurology; Emergency Medicine,partially_source_supported
DPR-MSK-169,DIS-MSK-RENALOSTEODYSTROPHY,PRS-MSK-020,source_checked,needs_medical_review,common,typical,common,variable,all ages as clinically relevant,not specific,"outpatient, emergency, or inpatient according to acuity",Use the linked disease illness script and localizing findings.,Interpret key absent findings in clinical context.,false,Step 1; Step 2 CK; Step 3,Internal Medicine; Surgery; Family Medicine; Pediatrics; Neurology; Emergency Medicine,partially_source_supported
DPR-MSK-170,DIS-MSK-OSTEITISFIBROSACYSTI,PRS-MSK-020,source_checked,needs_medical_review,common,typical,common,variable,all ages as clinically relevant,not specific,"outpatient, emergency, or inpatient according to acuity",Use the linked disease illness script and localizing findings.,Interpret key absent findings in clinical context.,false,Step 1; Step 2 CK; Step 3,Internal Medicine; Surgery; Family Medicine; Pediatrics; Neurology; Emergency Medicine,partially_source_supported
DPR-MSK-171,DIS-MSK-SCURVY,PRS-MSK-020,source_checked,needs_medical_review,common,typical,common,variable,all ages as clinically relevant,not specific,"outpatient, emergency, or inpatient according to acuity",Use the linked disease illness script and localizing findings.,Interpret key absent findings in clinical context.,false,Step 1; Step 2 CK; Step 3,Internal Medicine; Surgery; Family Medicine; Pediatrics; Neurology; Emergency Medicine,partially_source_supported
DPR-MSK-172,DIS-MSK-OSTEOPETROSIS,PRS-MSK-020,source_checked,needs_medical_review,common,typical,common,variable,all ages as clinically relevant,not specific,"outpatient, emergency, or inpatient according to acuity",Use the linked disease illness script and localizing findings.,Interpret key absent findings in clinical context.,false,Step 1; Step 2 CK; Step 3,Internal Medicine; Surgery; Family Medicine; Pediatrics; Neurology; Emergency Medicine,partially_source_supported
DPR-MSK-173,DIS-MSK-FIBROUSDYSPLASIA,PRS-MSK-020,source_checked,needs_medical_review,common,typical,common,variable,all ages as clinically relevant,not specific,"outpatient, emergency, or inpatient according to acuity",Use the linked disease illness script and localizing findings.,Interpret key absent findings in clinical context.,false,Step 1; Step 2 CK; Step 3,Internal Medicine; Surgery; Family Medicine; Pediatrics; Neurology; Emergency Medicine,partially_source_supported
DPR-MSK-174,DIS-MSK-MCCUNEALBRIGHTSYNDRO,PRS-MSK-020,source_checked,needs_medical_review,common,typical,common,variable,all ages as clinically relevant,not specific,"outpatient, emergency, or inpatient according to acuity",Use the linked disease illness script and localizing findings.,Interpret key absent findings in clinical context.,false,Step 1; Step 2 CK; Step 3,Internal Medicine; Surgery; Family Medicine; Pediatrics; Neurology; Emergency Medicine,partially_source_supported
DPR-MSK-175,DIS-MSK-OSTEOGENESISIMPERFEC,PRS-MSK-020,source_checked,needs_medical_review,common,typical,common,variable,all ages as clinically relevant,not specific,"outpatient, emergency, or inpatient according to acuity",Use the linked disease illness script and localizing findings.,Interpret key absent findings in clinical context.,false,Step 1; Step 2 CK; Step 3,Internal Medicine; Surgery; Family Medicine; Pediatrics; Neurology; Emergency Medicine,partially_source_supported
DPR-MSK-176,DIS-MSK-HYPOPHOSPHATEMICRICK,PRS-MSK-020,source_checked,needs_medical_review,common,typical,common,variable,all ages as clinically relevant,not specific,"outpatient, emergency, or inpatient according to acuity",Use the linked disease illness script and localizing findings.,Interpret key absent findings in clinical context.,false,Step 1; Step 2 CK; Step 3,Internal Medicine; Surgery; Family Medicine; Pediatrics; Neurology; Emergency Medicine,partially_source_supported
DPR-MSK-177,DIS-MSK-GLUCOCORTICOIDINDUCE,PRS-MSK-020,source_checked,needs_medical_review,common,typical,common,variable,all ages as clinically relevant,not specific,"outpatient, emergency, or inpatient according to acuity",Use the linked disease illness script and localizing findings.,Interpret key absent findings in clinical context.,false,Step 1; Step 2 CK; Step 3,Internal Medicine; Surgery; Family Medicine; Pediatrics; Neurology; Emergency Medicine,partially_source_supported
DPR-MSK-178,DIS-MSK-AVASCULARNECROSISOFT,PRS-MSK-020,source_checked,needs_medical_review,common,typical,common,variable,all ages as clinically relevant,not specific,"outpatient, emergency, or inpatient according to acuity",Use the linked disease illness script and localizing findings.,Interpret key absent findings in clinical context.,false,Step 1; Step 2 CK; Step 3,Internal Medicine; Surgery; Family Medicine; Pediatrics; Neurology; Emergency Medicine,partially_source_supported
DPR-MSK-179,DIS-MSK-LEGGCALVÉPERTHESDISE,PRS-MSK-020,source_checked,needs_medical_review,common,typical,common,variable,all ages as clinically relevant,not specific,"outpatient, emergency, or inpatient according to acuity",Use the linked disease illness script and localizing findings.,Interpret key absent findings in clinical context.,false,Step 1; Step 2 CK; Step 3,Internal Medicine; Surgery; Family Medicine; Pediatrics; Neurology; Emergency Medicine,partially_source_supported
DPR-MSK-180,DIS-MSK-KIENBÖCKDISEASE,PRS-MSK-020,source_checked,needs_medical_review,common,typical,common,variable,all ages as clinically relevant,not specific,"outpatient, emergency, or inpatient according to acuity",Use the linked disease illness script and localizing findings.,Interpret key absent findings in clinical context.,false,Step 1; Step 2 CK; Step 3,Internal Medicine; Surgery; Family Medicine; Pediatrics; Neurology; Emergency Medicine,partially_source_supported
DPR-MSK-181,DIS-MSK-OSTEOCHONDRITISDISSE,PRS-MSK-020,source_checked,needs_medical_review,common,typical,common,variable,all ages as clinically relevant,not specific,"outpatient, emergency, or inpatient according to acuity",Use the linked disease illness script and localizing findings.,Interpret key absent findings in clinical context.,false,Step 1; Step 2 CK; Step 3,Internal Medicine; Surgery; Family Medicine; Pediatrics; Neurology; Emergency Medicine,partially_source_supported
DPR-MSK-182,DIS-MSK-SLIPPEDCAPITALFEMORA,PRS-MSK-012,source_checked,needs_medical_review,common,typical,common,variable,all ages as clinically relevant,not specific,"outpatient, emergency, or inpatient according to acuity",Use the linked disease illness script and localizing findings.,Interpret key absent findings in clinical context.,false,Step 1; Step 2 CK; Step 3,Internal Medicine; Surgery; Family Medicine; Pediatrics; Neurology; Emergency Medicine,partially_source_supported
DPR-MSK-183,DIS-MSK-TRANSIENTSYNOVITIS,PRS-MSK-012,source_checked,needs_medical_review,common,typical,common,variable,all ages as clinically relevant,not specific,"outpatient, emergency, or inpatient according to acuity",Use the linked disease illness script and localizing findings.,Interpret key absent findings in clinical context.,false,Step 1; Step 2 CK; Step 3,Internal Medicine; Surgery; Family Medicine; Pediatrics; Neurology; Emergency Medicine,partially_source_supported
DPR-MSK-184,DIS-MSK-PEDIATRICSEPTICARTHR,PRS-MSK-012,source_checked,needs_medical_review,common,typical,common,variable,all ages as clinically relevant,not specific,"outpatient, emergency, or inpatient according to acuity",Use the linked disease illness script and localizing findings.,Interpret key absent findings in clinical context.,false,Step 1; Step 2 CK; Step 3,Internal Medicine; Surgery; Family Medicine; Pediatrics; Neurology; Emergency Medicine,partially_source_supported
DPR-MSK-185,DIS-MSK-SCOLIOSIS,PRS-MSK-012,source_checked,needs_medical_review,common,typical,common,variable,all ages as clinically relevant,not specific,"outpatient, emergency, or inpatient according to acuity",Use the linked disease illness script and localizing findings.,Interpret key absent findings in clinical context.,false,Step 1; Step 2 CK; Step 3,Internal Medicine; Surgery; Family Medicine; Pediatrics; Neurology; Emergency Medicine,partially_source_supported
DPR-MSK-186,DIS-MSK-CLUBFOOT,PRS-MSK-012,source_checked,needs_medical_review,common,typical,common,variable,all ages as clinically relevant,not specific,"outpatient, emergency, or inpatient according to acuity",Use the linked disease illness script and localizing findings.,Interpret key absent findings in clinical context.,false,Step 1; Step 2 CK; Step 3,Internal Medicine; Surgery; Family Medicine; Pediatrics; Neurology; Emergency Medicine,partially_source_supported
DPR-MSK-187,DIS-MSK-METATARSUSADDUCTUS,PRS-MSK-012,source_checked,needs_medical_review,common,typical,common,variable,all ages as clinically relevant,not specific,"outpatient, emergency, or inpatient according to acuity",Use the linked disease illness script and localizing findings.,Interpret key absent findings in clinical context.,false,Step 1; Step 2 CK; Step 3,Internal Medicine; Surgery; Family Medicine; Pediatrics; Neurology; Emergency Medicine,partially_source_supported
DPR-MSK-188,DIS-MSK-BLOUNTDISEASE,PRS-MSK-012,source_checked,needs_medical_review,common,typical,common,variable,all ages as clinically relevant,not specific,"outpatient, emergency, or inpatient according to acuity",Use the linked disease illness script and localizing findings.,Interpret key absent findings in clinical context.,false,Step 1; Step 2 CK; Step 3,Internal Medicine; Surgery; Family Medicine; Pediatrics; Neurology; Emergency Medicine,partially_source_supported
DPR-MSK-189,DIS-MSK-LIMBLENGTHDISCREPANC,PRS-MSK-012,source_checked,needs_medical_review,common,typical,common,variable,all ages as clinically relevant,not specific,"outpatient, emergency, or inpatient according to acuity",Use the linked disease illness script and localizing findings.,Interpret key absent findings in clinical context.,false,Step 1; Step 2 CK; Step 3,Internal Medicine; Surgery; Family Medicine; Pediatrics; Neurology; Emergency Medicine,partially_source_supported
DPR-MSK-190,DIS-MSK-SALTERHARRISIFRACTUR,PRS-MSK-012,source_checked,needs_medical_review,common,typical,common,variable,all ages as clinically relevant,not specific,"outpatient, emergency, or inpatient according to acuity",Use the linked disease illness script and localizing findings.,Interpret key absent findings in clinical context.,false,Step 1; Step 2 CK; Step 3,Internal Medicine; Surgery; Family Medicine; Pediatrics; Neurology; Emergency Medicine,partially_source_supported
DPR-MSK-191,DIS-MSK-SALTERHARRISIIFRACTU,PRS-MSK-012,source_checked,needs_medical_review,common,typical,common,variable,all ages as clinically relevant,not specific,"outpatient, emergency, or inpatient according to acuity",Use the linked disease illness script and localizing findings.,Interpret key absent findings in clinical context.,false,Step 1; Step 2 CK; Step 3,Internal Medicine; Surgery; Family Medicine; Pediatrics; Neurology; Emergency Medicine,partially_source_supported
DPR-MSK-192,DIS-MSK-SALTERHARRISIIIFRACT,PRS-MSK-012,source_checked,needs_medical_review,common,typical,common,variable,all ages as clinically relevant,not specific,"outpatient, emergency, or inpatient according to acuity",Use the linked disease illness script and localizing findings.,Interpret key absent findings in clinical context.,false,Step 1; Step 2 CK; Step 3,Internal Medicine; Surgery; Family Medicine; Pediatrics; Neurology; Emergency Medicine,partially_source_supported
DPR-MSK-193,DIS-MSK-SALTERHARRISIVFRACTU,PRS-MSK-012,source_checked,needs_medical_review,common,typical,common,variable,all ages as clinically relevant,not specific,"outpatient, emergency, or inpatient according to acuity",Use the linked disease illness script and localizing findings.,Interpret key absent findings in clinical context.,false,Step 1; Step 2 CK; Step 3,Internal Medicine; Surgery; Family Medicine; Pediatrics; Neurology; Emergency Medicine,partially_source_supported
DPR-MSK-194,DIS-MSK-SALTERHARRISVFRACTUR,PRS-MSK-012,source_checked,needs_medical_review,common,typical,common,variable,all ages as clinically relevant,not specific,"outpatient, emergency, or inpatient according to acuity",Use the linked disease illness script and localizing findings.,Interpret key absent findings in clinical context.,false,Step 1; Step 2 CK; Step 3,Internal Medicine; Surgery; Family Medicine; Pediatrics; Neurology; Emergency Medicine,partially_source_supported
DPR-MSK-195,DIS-MSK-NONACCIDENTALTRAUMAF,PRS-MSK-012,source_checked,needs_medical_review,common,typical,common,variable,all ages as clinically relevant,not specific,"outpatient, emergency, or inpatient according to acuity",Use the linked disease illness script and localizing findings.,Interpret key absent findings in clinical context.,false,Step 1; Step 2 CK; Step 3,Internal Medicine; Surgery; Family Medicine; Pediatrics; Neurology; Emergency Medicine,partially_source_supported
DPR-MSK-196,DIS-MSK-ACUTEMECHANICALLOWBA,PRS-NEUR-055,source_checked,needs_medical_review,common,typical,common,variable,all ages as clinically relevant,not specific,"outpatient, emergency, or inpatient according to acuity",Use the linked disease illness script and localizing findings.,Interpret key absent findings in clinical context.,false,Step 1; Step 2 CK; Step 3,Internal Medicine; Surgery; Family Medicine; Pediatrics; Neurology; Emergency Medicine,partially_source_supported
DPR-MSK-197,DIS-MSK-LUMBARSTRAIN,PRS-NEUR-055,source_checked,needs_medical_review,common,typical,common,variable,all ages as clinically relevant,not specific,"outpatient, emergency, or inpatient according to acuity",Use the linked disease illness script and localizing findings.,Interpret key absent findings in clinical context.,false,Step 1; Step 2 CK; Step 3,Internal Medicine; Surgery; Family Medicine; Pediatrics; Neurology; Emergency Medicine,partially_source_supported
DPR-MSK-198,DIS-MSK-VERTEBRALCOMPRESSION,PRS-NEUR-055,source_checked,needs_medical_review,common,typical,common,variable,all ages as clinically relevant,not specific,"outpatient, emergency, or inpatient according to acuity",Use the linked disease illness script and localizing findings.,Interpret key absent findings in clinical context.,false,Step 1; Step 2 CK; Step 3,Internal Medicine; Surgery; Family Medicine; Pediatrics; Neurology; Emergency Medicine,partially_source_supported
DPR-MSK-199,DIS-MSK-KYPHOSIS,PRS-NEUR-055,source_checked,needs_medical_review,common,typical,common,variable,all ages as clinically relevant,not specific,"outpatient, emergency, or inpatient according to acuity",Use the linked disease illness script and localizing findings.,Interpret key absent findings in clinical context.,false,Step 1; Step 2 CK; Step 3,Internal Medicine; Surgery; Family Medicine; Pediatrics; Neurology; Emergency Medicine,partially_source_supported
DPR-MSK-200,DIS-MSK-SCHEUERMANNDISEASE,PRS-NEUR-055,source_checked,needs_medical_review,common,typical,common,variable,all ages as clinically relevant,not specific,"outpatient, emergency, or inpatient according to acuity",Use the linked disease illness script and localizing findings.,Interpret key absent findings in clinical context.,false,Step 1; Step 2 CK; Step 3,Internal Medicine; Surgery; Family Medicine; Pediatrics; Neurology; Emergency Medicine,partially_source_supported
DPR-MSK-201,DIS-MSK-CAUDAEQUINASYNDROME,PRS-NEUR-055,source_checked,needs_medical_review,common,typical,common,variable,all ages as clinically relevant,not specific,"outpatient, emergency, or inpatient according to acuity",Use the linked disease illness script and localizing findings.,Interpret key absent findings in clinical context.,false,Step 1; Step 2 CK; Step 3,Internal Medicine; Surgery; Family Medicine; Pediatrics; Neurology; Emergency Medicine,partially_source_supported
DPR-MSK-202,DIS-MSK-CONUSMEDULLARISSYNDR,PRS-NEUR-055,source_checked,needs_medical_review,common,typical,common,variable,all ages as clinically relevant,not specific,"outpatient, emergency, or inpatient according to acuity",Use the linked disease illness script and localizing findings.,Interpret key absent findings in clinical context.,false,Step 1; Step 2 CK; Step 3,Internal Medicine; Surgery; Family Medicine; Pediatrics; Neurology; Emergency Medicine,partially_source_supported
DPR-MSK-203,DIS-MSK-SPINALCORDCOMPRESSIO,PRS-NEUR-055,source_checked,needs_medical_review,common,typical,common,variable,all ages as clinically relevant,not specific,"outpatient, emergency, or inpatient according to acuity",Use the linked disease illness script and localizing findings.,Interpret key absent findings in clinical context.,false,Step 1; Step 2 CK; Step 3,Internal Medicine; Surgery; Family Medicine; Pediatrics; Neurology; Emergency Medicine,partially_source_supported
DPR-MSK-204,DIS-MSK-SPINALEPIDURALABSCES,PRS-NEUR-055,source_checked,needs_medical_review,common,typical,common,variable,all ages as clinically relevant,not specific,"outpatient, emergency, or inpatient according to acuity",Use the linked disease illness script and localizing findings.,Interpret key absent findings in clinical context.,false,Step 1; Step 2 CK; Step 3,Internal Medicine; Surgery; Family Medicine; Pediatrics; Neurology; Emergency Medicine,partially_source_supported
DPR-MSK-205,DIS-MSK-OSTEOCHONDROMA,PRS-MSK-021,source_checked,needs_medical_review,common,typical,common,variable,all ages as clinically relevant,not specific,"outpatient, emergency, or inpatient according to acuity",Use the linked disease illness script and localizing findings.,Interpret key absent findings in clinical context.,false,Step 1; Step 2 CK; Step 3,Internal Medicine; Surgery; Family Medicine; Pediatrics; Neurology; Emergency Medicine,partially_source_supported
DPR-MSK-206,DIS-MSK-OSTEOIDOSTEOMA,PRS-MSK-021,source_checked,needs_medical_review,common,typical,common,variable,all ages as clinically relevant,not specific,"outpatient, emergency, or inpatient according to acuity",Use the linked disease illness script and localizing findings.,Interpret key absent findings in clinical context.,false,Step 1; Step 2 CK; Step 3,Internal Medicine; Surgery; Family Medicine; Pediatrics; Neurology; Emergency Medicine,partially_source_supported
DPR-MSK-207,DIS-MSK-ENCHONDROMA,PRS-MSK-021,source_checked,needs_medical_review,common,typical,common,variable,all ages as clinically relevant,not specific,"outpatient, emergency, or inpatient according to acuity",Use the linked disease illness script and localizing findings.,Interpret key absent findings in clinical context.,false,Step 1; Step 2 CK; Step 3,Internal Medicine; Surgery; Family Medicine; Pediatrics; Neurology; Emergency Medicine,partially_source_supported
DPR-MSK-208,DIS-MSK-GIANTCELLTUMOROFBONE,PRS-MSK-021,source_checked,needs_medical_review,common,typical,common,variable,all ages as clinically relevant,not specific,"outpatient, emergency, or inpatient according to acuity",Use the linked disease illness script and localizing findings.,Interpret key absent findings in clinical context.,false,Step 1; Step 2 CK; Step 3,Internal Medicine; Surgery; Family Medicine; Pediatrics; Neurology; Emergency Medicine,partially_source_supported
DPR-MSK-209,DIS-MSK-UNICAMERALBONECYST,PRS-MSK-021,source_checked,needs_medical_review,common,typical,common,variable,all ages as clinically relevant,not specific,"outpatient, emergency, or inpatient according to acuity",Use the linked disease illness script and localizing findings.,Interpret key absent findings in clinical context.,false,Step 1; Step 2 CK; Step 3,Internal Medicine; Surgery; Family Medicine; Pediatrics; Neurology; Emergency Medicine,partially_source_supported
DPR-MSK-210,DIS-MSK-OSTEOSARCOMA,PRS-MSK-021,source_checked,needs_medical_review,common,typical,common,variable,all ages as clinically relevant,not specific,"outpatient, emergency, or inpatient according to acuity",Use the linked disease illness script and localizing findings.,Interpret key absent findings in clinical context.,false,Step 1; Step 2 CK; Step 3,Internal Medicine; Surgery; Family Medicine; Pediatrics; Neurology; Emergency Medicine,partially_source_supported
DPR-MSK-211,DIS-MSK-EWINGSARCOMA,PRS-MSK-021,source_checked,needs_medical_review,common,typical,common,variable,all ages as clinically relevant,not specific,"outpatient, emergency, or inpatient according to acuity",Use the linked disease illness script and localizing findings.,Interpret key absent findings in clinical context.,false,Step 1; Step 2 CK; Step 3,Internal Medicine; Surgery; Family Medicine; Pediatrics; Neurology; Emergency Medicine,partially_source_supported
DPR-MSK-212,DIS-MSK-CHONDROSARCOMA,PRS-MSK-021,source_checked,needs_medical_review,common,typical,common,variable,all ages as clinically relevant,not specific,"outpatient, emergency, or inpatient according to acuity",Use the linked disease illness script and localizing findings.,Interpret key absent findings in clinical context.,false,Step 1; Step 2 CK; Step 3,Internal Medicine; Surgery; Family Medicine; Pediatrics; Neurology; Emergency Medicine,partially_source_supported
DPR-MSK-213,DIS-MSK-MULTIPLEMYELOMABONED,PRS-MSK-021,source_checked,needs_medical_review,common,typical,common,variable,all ages as clinically relevant,not specific,"outpatient, emergency, or inpatient according to acuity",Use the linked disease illness script and localizing findings.,Interpret key absent findings in clinical context.,false,Step 1; Step 2 CK; Step 3,Internal Medicine; Surgery; Family Medicine; Pediatrics; Neurology; Emergency Medicine,partially_source_supported
DPR-MSK-214,DIS-MSK-BONEMETASTASIS,PRS-MSK-021,source_checked,needs_medical_review,common,typical,common,variable,all ages as clinically relevant,not specific,"outpatient, emergency, or inpatient according to acuity",Use the linked disease illness script and localizing findings.,Interpret key absent findings in clinical context.,false,Step 1; Step 2 CK; Step 3,Internal Medicine; Surgery; Family Medicine; Pediatrics; Neurology; Emergency Medicine,partially_source_supported
DPR-MSK-215,DIS-MSK-LIPOMA,PRS-MSK-021,source_checked,needs_medical_review,common,typical,common,variable,all ages as clinically relevant,not specific,"outpatient, emergency, or inpatient according to acuity",Use the linked disease illness script and localizing findings.,Interpret key absent findings in clinical context.,false,Step 1; Step 2 CK; Step 3,Internal Medicine; Surgery; Family Medicine; Pediatrics; Neurology; Emergency Medicine,partially_source_supported
DPR-MSK-216,DIS-MSK-LIPOSARCOMA,PRS-MSK-021,source_checked,needs_medical_review,common,typical,common,variable,all ages as clinically relevant,not specific,"outpatient, emergency, or inpatient according to acuity",Use the linked disease illness script and localizing findings.,Interpret key absent findings in clinical context.,false,Step 1; Step 2 CK; Step 3,Internal Medicine; Surgery; Family Medicine; Pediatrics; Neurology; Emergency Medicine,partially_source_supported
DPR-MSK-217,DIS-MSK-RHABDOMYOSARCOMA,PRS-MSK-021,source_checked,needs_medical_review,common,typical,common,variable,all ages as clinically relevant,not specific,"outpatient, emergency, or inpatient according to acuity",Use the linked disease illness script and localizing findings.,Interpret key absent findings in clinical context.,false,Step 1; Step 2 CK; Step 3,Internal Medicine; Surgery; Family Medicine; Pediatrics; Neurology; Emergency Medicine,partially_source_supported
DPR-MSK-218,DIS-MSK-SYNOVIALSARCOMA,PRS-MSK-021,source_checked,needs_medical_review,common,typical,common,variable,all ages as clinically relevant,not specific,"outpatient, emergency, or inpatient according to acuity",Use the linked disease illness script and localizing findings.,Interpret key absent findings in clinical context.,false,Step 1; Step 2 CK; Step 3,Internal Medicine; Surgery; Family Medicine; Pediatrics; Neurology; Emergency Medicine,partially_source_supported
DPR-MSK-219,DIS-MSK-GANGLIONCYST,PRS-MSK-021,source_checked,needs_medical_review,common,typical,common,variable,all ages as clinically relevant,not specific,"outpatient, emergency, or inpatient according to acuity",Use the linked disease illness script and localizing findings.,Interpret key absent findings in clinical context.,false,Step 1; Step 2 CK; Step 3,Internal Medicine; Surgery; Family Medicine; Pediatrics; Neurology; Emergency Medicine,partially_source_supported
DPR-MSK-220,DIS-MSK-BAKERCYST,PRS-MSK-021,source_checked,needs_medical_review,common,typical,common,variable,all ages as clinically relevant,not specific,"outpatient, emergency, or inpatient according to acuity",Use the linked disease illness script and localizing findings.,Interpret key absent findings in clinical context.,false,Step 1; Step 2 CK; Step 3,Internal Medicine; Surgery; Family Medicine; Pediatrics; Neurology; Emergency Medicine,partially_source_supported
DPR-MSK-221,DIS-MSK-FIBROMYALGIA,PRS-MSK-019,source_checked,needs_medical_review,common,typical,common,variable,all ages as clinically relevant,not specific,"outpatient, emergency, or inpatient according to acuity",Use the linked disease illness script and localizing findings.,Interpret key absent findings in clinical context.,false,Step 1; Step 2 CK; Step 3,Internal Medicine; Surgery; Family Medicine; Pediatrics; Neurology; Emergency Medicine,partially_source_supported
DPR-MSK-222,DIS-MSK-COMPLEXREGIONALPAINS,PRS-MSK-019,source_checked,needs_medical_review,common,typical,common,variable,all ages as clinically relevant,not specific,"outpatient, emergency, or inpatient according to acuity",Use the linked disease illness script and localizing findings.,Interpret key absent findings in clinical context.,false,Step 1; Step 2 CK; Step 3,Internal Medicine; Surgery; Family Medicine; Pediatrics; Neurology; Emergency Medicine,partially_source_supported
DPR-MSK-223,DIS-MSK-MYOFASCIALPAINSYNDRO,PRS-MSK-019,source_checked,needs_medical_review,common,typical,common,variable,all ages as clinically relevant,not specific,"outpatient, emergency, or inpatient according to acuity",Use the linked disease illness script and localizing findings.,Interpret key absent findings in clinical context.,false,Step 1; Step 2 CK; Step 3,Internal Medicine; Surgery; Family Medicine; Pediatrics; Neurology; Emergency Medicine,partially_source_supported
DPR-MSK-224,DIS-MSK-PHANTOMLIMBPAIN,PRS-MSK-019,source_checked,needs_medical_review,common,typical,common,variable,all ages as clinically relevant,not specific,"outpatient, emergency, or inpatient according to acuity",Use the linked disease illness script and localizing findings.,Interpret key absent findings in clinical context.,false,Step 1; Step 2 CK; Step 3,Internal Medicine; Surgery; Family Medicine; Pediatrics; Neurology; Emergency Medicine,partially_source_supported
DPR-MSK-225,DIS-MSK-CARPALTUNNELSYNDROME,PRS-MSK-019,source_checked,needs_medical_review,common,typical,common,variable,all ages as clinically relevant,not specific,"outpatient, emergency, or inpatient according to acuity",Use the linked disease illness script and localizing findings.,Interpret key absent findings in clinical context.,false,Step 1; Step 2 CK; Step 3,Internal Medicine; Surgery; Family Medicine; Pediatrics; Neurology; Emergency Medicine,partially_source_supported
DPR-MSK-226,DIS-MSK-CUBITALTUNNELSYNDROM,PRS-MSK-019,source_checked,needs_medical_review,common,typical,common,variable,all ages as clinically relevant,not specific,"outpatient, emergency, or inpatient according to acuity",Use the linked disease illness script and localizing findings.,Interpret key absent findings in clinical context.,false,Step 1; Step 2 CK; Step 3,Internal Medicine; Surgery; Family Medicine; Pediatrics; Neurology; Emergency Medicine,partially_source_supported
DPR-MSK-227,DIS-MSK-TARSALTUNNELSYNDROME,PRS-MSK-019,source_checked,needs_medical_review,common,typical,common,variable,all ages as clinically relevant,not specific,"outpatient, emergency, or inpatient according to acuity",Use the linked disease illness script and localizing findings.,Interpret key absent findings in clinical context.,false,Step 1; Step 2 CK; Step 3,Internal Medicine; Surgery; Family Medicine; Pediatrics; Neurology; Emergency Medicine,partially_source_supported
DPR-MSK-228,DIS-MSK-CHARCOTARTHROPATHY,PRS-MSK-019,source_checked,needs_medical_review,common,typical,common,variable,all ages as clinically relevant,not specific,"outpatient, emergency, or inpatient according to acuity",Use the linked disease illness script and localizing findings.,Interpret key absent findings in clinical context.,false,Step 1; Step 2 CK; Step 3,Internal Medicine; Surgery; Family Medicine; Pediatrics; Neurology; Emergency Medicine,partially_source_supported
DPR-MSK-229,DIS-MSK-METATARSALGIA,PRS-MSK-019,source_checked,needs_medical_review,common,typical,common,variable,all ages as clinically relevant,not specific,"outpatient, emergency, or inpatient according to acuity",Use the linked disease illness script and localizing findings.,Interpret key absent findings in clinical context.,false,Step 1; Step 2 CK; Step 3,Internal Medicine; Surgery; Family Medicine; Pediatrics; Neurology; Emergency Medicine,partially_source_supported
DPR-MSK-230,DIS-MSK-TROCHANTERICPAINSYND,PRS-MSK-019,source_checked,needs_medical_review,common,typical,common,variable,all ages as clinically relevant,not specific,"outpatient, emergency, or inpatient according to acuity",Use the linked disease illness script and localizing findings.,Interpret key absent findings in clinical context.,false,Step 1; Step 2 CK; Step 3,Internal Medicine; Surgery; Family Medicine; Pediatrics; Neurology; Emergency Medicine,partially_source_supported
DPR-NEUR-0534,DIS-NEUR-001,PRS-NEUR-051,source_checked,needs_medical_review,classic,typical,common,high,adult or pediatric context as indicated,consider pregnancy-specific differential and medication context,"emergency, inpatient, or outpatient according to onset and stability",Time course and localizing examination findings support this neurologic pathway.,Absence of localizing or systemic findings should redirect the differential without false reassurance.,true,Step 1; Step 2 CK; Step 3,Neurology; Internal Medicine; Pediatrics; Emergency Medicine,partially_source_supported
DPR-NEUR-0535,DIS-NEUR-001,PRS-NEUR-APHASIA,source_checked,needs_medical_review,common,typical,common,high,adult or pediatric context as indicated,consider pregnancy-specific differential and medication context,"emergency, inpatient, or outpatient according to onset and stability",Time course and localizing examination findings support this neurologic pathway.,Absence of localizing or systemic findings should redirect the differential without false reassurance.,true,Step 1; Step 2 CK; Step 3,Neurology; Internal Medicine; Pediatrics; Emergency Medicine,partially_source_supported
DPR-NEUR-0536,DIS-NEUR-001,PRS-NEUR-DYSARTHRIA,source_checked,needs_medical_review,common,typical,common,high,adult or pediatric context as indicated,consider pregnancy-specific differential and medication context,"emergency, inpatient, or outpatient according to onset and stability",Time course and localizing examination findings support this neurologic pathway.,Absence of localizing or systemic findings should redirect the differential without false reassurance.,true,Step 1; Step 2 CK; Step 3,Neurology; Internal Medicine; Pediatrics; Emergency Medicine,partially_source_supported
DPR-NEUR-0537,DIS-N-0061,PRS-NEUR-063,source_checked,needs_medical_review,classic,typical,common,high,adult or pediatric context as indicated,consider pregnancy-specific differential and medication context,"emergency, inpatient, or outpatient according to onset and stability",Time course and localizing examination findings support this neurologic pathway.,Absence of localizing or systemic findings should redirect the differential without false reassurance.,true,Step 1; Step 2 CK; Step 3,Neurology; Internal Medicine; Pediatrics; Emergency Medicine,partially_source_supported
DPR-NEUR-0538,DIS-N-0061,PRS-NEUR-RECURRENTSEIZURE,source_checked,needs_medical_review,common,typical,common,high,adult or pediatric context as indicated,consider pregnancy-specific differential and medication context,"emergency, inpatient, or outpatient according to onset and stability",Time course and localizing examination findings support this neurologic pathway.,Absence of localizing or systemic findings should redirect the differential without false reassurance.,true,Step 1; Step 2 CK; Step 3,Neurology; Internal Medicine; Pediatrics; Emergency Medicine,partially_source_supported
DPR-NEUR-0539,DIS-N-0061,PRS-NEUR-070,source_checked,needs_medical_review,common,typical,common,high,adult or pediatric context as indicated,consider pregnancy-specific differential and medication context,"emergency, inpatient, or outpatient according to onset and stability",Time course and localizing examination findings support this neurologic pathway.,Absence of localizing or systemic findings should redirect the differential without false reassurance.,true,Step 1; Step 2 CK; Step 3,Neurology; Internal Medicine; Pediatrics; Emergency Medicine,partially_source_supported
DPR-NEUR-0540,DIS-N-0063,PRS-006,source_checked,needs_medical_review,classic,typical,common,high,adult or pediatric context as indicated,consider pregnancy-specific differential and medication context,"emergency, inpatient, or outpatient according to onset and stability",Time course and localizing examination findings support this neurologic pathway.,Absence of localizing or systemic findings should redirect the differential without false reassurance.,true,Step 1; Step 2 CK; Step 3,Neurology; Internal Medicine; Pediatrics; Emergency Medicine,partially_source_supported
DPR-NEUR-0541,DIS-N-0063,PRS-007,source_checked,needs_medical_review,common,typical,common,high,adult or pediatric context as indicated,consider pregnancy-specific differential and medication context,"emergency, inpatient, or outpatient according to onset and stability",Time course and localizing examination findings support this neurologic pathway.,Absence of localizing or systemic findings should redirect the differential without false reassurance.,true,Step 1; Step 2 CK; Step 3,Neurology; Internal Medicine; Pediatrics; Emergency Medicine,partially_source_supported
DPR-NEUR-0542,DIS-N-0063,PRS-NEUR-063,source_checked,needs_medical_review,common,typical,common,high,adult or pediatric context as indicated,consider pregnancy-specific differential and medication context,"emergency, inpatient, or outpatient according to onset and stability",Time course and localizing examination findings support this neurologic pathway.,Absence of localizing or systemic findings should redirect the differential without false reassurance.,true,Step 1; Step 2 CK; Step 3,Neurology; Internal Medicine; Pediatrics; Emergency Medicine,partially_source_supported
DPR-NEUR-0543,DIS-N-0069,PRS-NEUR-067,source_checked,needs_medical_review,classic,typical,common,variable,adult or pediatric context as indicated,consider pregnancy-specific differential and medication context,"emergency, inpatient, or outpatient according to onset and stability",Time course and localizing examination findings support this neurologic pathway.,Absence of localizing or systemic findings should redirect the differential without false reassurance.,false,Step 1; Step 2 CK; Step 3,Neurology; Internal Medicine; Pediatrics; Emergency Medicine,partially_source_supported
DPR-NEUR-0544,DIS-N-0069,PRS-NEUR-DELIRIUM,source_checked,needs_medical_review,common,typical,common,variable,adult or pediatric context as indicated,consider pregnancy-specific differential and medication context,"emergency, inpatient, or outpatient according to onset and stability",Time course and localizing examination findings support this neurologic pathway.,Absence of localizing or systemic findings should redirect the differential without false reassurance.,false,Step 1; Step 2 CK; Step 3,Neurology; Internal Medicine; Pediatrics; Emergency Medicine,partially_source_supported
DPR-NEUR-0545,DIS-N-0069,PRS-NEUR-056,source_checked,needs_medical_review,common,typical,common,variable,adult or pediatric context as indicated,consider pregnancy-specific differential and medication context,"emergency, inpatient, or outpatient according to onset and stability",Time course and localizing examination findings support this neurologic pathway.,Absence of localizing or systemic findings should redirect the differential without false reassurance.,false,Step 1; Step 2 CK; Step 3,Neurology; Internal Medicine; Pediatrics; Emergency Medicine,partially_source_supported
DPR-NEUR-0546,DIS-N-0058,PRS-NEUR-051,source_checked,needs_medical_review,classic,typical,common,high,adult or pediatric context as indicated,consider pregnancy-specific differential and medication context,"emergency, inpatient, or outpatient according to onset and stability",Time course and localizing examination findings support this neurologic pathway.,Absence of localizing or systemic findings should redirect the differential without false reassurance.,true,Step 1; Step 2 CK; Step 3,Neurology; Internal Medicine; Pediatrics; Emergency Medicine,partially_source_supported
DPR-NEUR-0547,DIS-N-0058,PRS-NEUR-APHASIA,source_checked,needs_medical_review,common,typical,common,high,adult or pediatric context as indicated,consider pregnancy-specific differential and medication context,"emergency, inpatient, or outpatient according to onset and stability",Time course and localizing examination findings support this neurologic pathway.,Absence of localizing or systemic findings should redirect the differential without false reassurance.,true,Step 1; Step 2 CK; Step 3,Neurology; Internal Medicine; Pediatrics; Emergency Medicine,partially_source_supported
DPR-NEUR-0548,DIS-N-0058,PRS-NEUR-DYSARTHRIA,source_checked,needs_medical_review,common,typical,common,high,adult or pediatric context as indicated,consider pregnancy-specific differential and medication context,"emergency, inpatient, or outpatient according to onset and stability",Time course and localizing examination findings support this neurologic pathway.,Absence of localizing or systemic findings should redirect the differential without false reassurance.,true,Step 1; Step 2 CK; Step 3,Neurology; Internal Medicine; Pediatrics; Emergency Medicine,partially_source_supported
DPR-NEUR-0549,DIS-NEUR-006,PRS-NEUR-051,source_checked,needs_medical_review,classic,typical,common,high,adult or pediatric context as indicated,consider pregnancy-specific differential and medication context,"emergency, inpatient, or outpatient according to onset and stability",Time course and localizing examination findings support this neurologic pathway.,Absence of localizing or systemic findings should redirect the differential without false reassurance.,true,Step 1; Step 2 CK; Step 3,Neurology; Internal Medicine; Pediatrics; Emergency Medicine,partially_source_supported
DPR-NEUR-0550,DIS-NEUR-006,PRS-NEUR-APHASIA,source_checked,needs_medical_review,common,typical,common,high,adult or pediatric context as indicated,consider pregnancy-specific differential and medication context,"emergency, inpatient, or outpatient according to onset and stability",Time course and localizing examination findings support this neurologic pathway.,Absence of localizing or systemic findings should redirect the differential without false reassurance.,true,Step 1; Step 2 CK; Step 3,Neurology; Internal Medicine; Pediatrics; Emergency Medicine,partially_source_supported
DPR-NEUR-0551,DIS-NEUR-006,PRS-NEUR-DYSARTHRIA,source_checked,needs_medical_review,common,typical,common,high,adult or pediatric context as indicated,consider pregnancy-specific differential and medication context,"emergency, inpatient, or outpatient according to onset and stability",Time course and localizing examination findings support this neurologic pathway.,Absence of localizing or systemic findings should redirect the differential without false reassurance.,true,Step 1; Step 2 CK; Step 3,Neurology; Internal Medicine; Pediatrics; Emergency Medicine,partially_source_supported
DPR-NEUR-0552,DIS-NEUR-007,PRS-NEUR-051,source_checked,needs_medical_review,classic,typical,common,high,adult or pediatric context as indicated,consider pregnancy-specific differential and medication context,"emergency, inpatient, or outpatient according to onset and stability",Time course and localizing examination findings support this neurologic pathway.,Absence of localizing or systemic findings should redirect the differential without false reassurance.,true,Step 1; Step 2 CK; Step 3,Neurology; Internal Medicine; Pediatrics; Emergency Medicine,partially_source_supported
DPR-NEUR-0553,DIS-NEUR-007,PRS-NEUR-APHASIA,source_checked,needs_medical_review,common,typical,common,high,adult or pediatric context as indicated,consider pregnancy-specific differential and medication context,"emergency, inpatient, or outpatient according to onset and stability",Time course and localizing examination findings support this neurologic pathway.,Absence of localizing or systemic findings should redirect the differential without false reassurance.,true,Step 1; Step 2 CK; Step 3,Neurology; Internal Medicine; Pediatrics; Emergency Medicine,partially_source_supported
DPR-NEUR-0554,DIS-NEUR-007,PRS-NEUR-DYSARTHRIA,source_checked,needs_medical_review,common,typical,common,high,adult or pediatric context as indicated,consider pregnancy-specific differential and medication context,"emergency, inpatient, or outpatient according to onset and stability",Time course and localizing examination findings support this neurologic pathway.,Absence of localizing or systemic findings should redirect the differential without false reassurance.,true,Step 1; Step 2 CK; Step 3,Neurology; Internal Medicine; Pediatrics; Emergency Medicine,partially_source_supported
DPR-NEUR-0555,DIS-NEUR-008,PRS-NEUR-067,source_checked,needs_medical_review,classic,typical,common,high,adult or pediatric context as indicated,consider pregnancy-specific differential and medication context,"emergency, inpatient, or outpatient according to onset and stability",Time course and localizing examination findings support this neurologic pathway.,Absence of localizing or systemic findings should redirect the differential without false reassurance.,true,Step 1; Step 2 CK; Step 3,Neurology; Internal Medicine; Pediatrics; Emergency Medicine,partially_source_supported
DPR-NEUR-0556,DIS-NEUR-008,PRS-NEUR-DELIRIUM,source_checked,needs_medical_review,common,typical,common,high,adult or pediatric context as indicated,consider pregnancy-specific differential and medication context,"emergency, inpatient, or outpatient according to onset and stability",Time course and localizing examination findings support this neurologic pathway.,Absence of localizing or systemic findings should redirect the differential without false reassurance.,true,Step 1; Step 2 CK; Step 3,Neurology; Internal Medicine; Pediatrics; Emergency Medicine,partially_source_supported
DPR-NEUR-0557,DIS-NEUR-008,PRS-NEUR-056,source_checked,needs_medical_review,common,typical,common,high,adult or pediatric context as indicated,consider pregnancy-specific differential and medication context,"emergency, inpatient, or outpatient according to onset and stability",Time course and localizing examination findings support this neurologic pathway.,Absence of localizing or systemic findings should redirect the differential without false reassurance.,true,Step 1; Step 2 CK; Step 3,Neurology; Internal Medicine; Pediatrics; Emergency Medicine,partially_source_supported
DPR-NEUR-0558,DIS-NEUR-009,PRS-NEUR-051,source_checked,needs_medical_review,classic,typical,common,high,adult or pediatric context as indicated,consider pregnancy-specific differential and medication context,"emergency, inpatient, or outpatient according to onset and stability",Time course and localizing examination findings support this neurologic pathway.,Absence of localizing or systemic findings should redirect the differential without false reassurance.,true,Step 1; Step 2 CK; Step 3,Neurology; Internal Medicine; Pediatrics; Emergency Medicine,partially_source_supported
DPR-NEUR-0559,DIS-NEUR-009,PRS-NEUR-APHASIA,source_checked,needs_medical_review,common,typical,common,high,adult or pediatric context as indicated,consider pregnancy-specific differential and medication context,"emergency, inpatient, or outpatient according to onset and stability",Time course and localizing examination findings support this neurologic pathway.,Absence of localizing or systemic findings should redirect the differential without false reassurance.,true,Step 1; Step 2 CK; Step 3,Neurology; Internal Medicine; Pediatrics; Emergency Medicine,partially_source_supported
DPR-NEUR-0560,DIS-NEUR-009,PRS-NEUR-DYSARTHRIA,source_checked,needs_medical_review,common,typical,common,high,adult or pediatric context as indicated,consider pregnancy-specific differential and medication context,"emergency, inpatient, or outpatient according to onset and stability",Time course and localizing examination findings support this neurologic pathway.,Absence of localizing or systemic findings should redirect the differential without false reassurance.,true,Step 1; Step 2 CK; Step 3,Neurology; Internal Medicine; Pediatrics; Emergency Medicine,partially_source_supported
DPR-NEUR-0561,DIS-NEUR-010,PRS-NEUR-051,source_checked,needs_medical_review,classic,typical,common,high,adult or pediatric context as indicated,consider pregnancy-specific differential and medication context,"emergency, inpatient, or outpatient according to onset and stability",Time course and localizing examination findings support this neurologic pathway.,Absence of localizing or systemic findings should redirect the differential without false reassurance.,true,Step 1; Step 2 CK; Step 3,Neurology; Internal Medicine; Pediatrics; Emergency Medicine,partially_source_supported
DPR-NEUR-0562,DIS-NEUR-010,PRS-NEUR-APHASIA,source_checked,needs_medical_review,common,typical,common,high,adult or pediatric context as indicated,consider pregnancy-specific differential and medication context,"emergency, inpatient, or outpatient according to onset and stability",Time course and localizing examination findings support this neurologic pathway.,Absence of localizing or systemic findings should redirect the differential without false reassurance.,true,Step 1; Step 2 CK; Step 3,Neurology; Internal Medicine; Pediatrics; Emergency Medicine,partially_source_supported
DPR-NEUR-0563,DIS-NEUR-010,PRS-NEUR-DYSARTHRIA,source_checked,needs_medical_review,common,typical,common,high,adult or pediatric context as indicated,consider pregnancy-specific differential and medication context,"emergency, inpatient, or outpatient according to onset and stability",Time course and localizing examination findings support this neurologic pathway.,Absence of localizing or systemic findings should redirect the differential without false reassurance.,true,Step 1; Step 2 CK; Step 3,Neurology; Internal Medicine; Pediatrics; Emergency Medicine,partially_source_supported
DPR-NEUR-0564,DIS-NEUR-011,PRS-NEUR-067,source_checked,needs_medical_review,classic,typical,common,high,adult or pediatric context as indicated,consider pregnancy-specific differential and medication context,"emergency, inpatient, or outpatient according to onset and stability",Time course and localizing examination findings support this neurologic pathway.,Absence of localizing or systemic findings should redirect the differential without false reassurance.,true,Step 1; Step 2 CK; Step 3,Neurology; Internal Medicine; Pediatrics; Emergency Medicine,partially_source_supported
DPR-NEUR-0565,DIS-NEUR-011,PRS-NEUR-DELIRIUM,source_checked,needs_medical_review,common,typical,common,high,adult or pediatric context as indicated,consider pregnancy-specific differential and medication context,"emergency, inpatient, or outpatient according to onset and stability",Time course and localizing examination findings support this neurologic pathway.,Absence of localizing or systemic findings should redirect the differential without false reassurance.,true,Step 1; Step 2 CK; Step 3,Neurology; Internal Medicine; Pediatrics; Emergency Medicine,partially_source_supported
DPR-NEUR-0566,DIS-NEUR-011,PRS-NEUR-056,source_checked,needs_medical_review,common,typical,common,high,adult or pediatric context as indicated,consider pregnancy-specific differential and medication context,"emergency, inpatient, or outpatient according to onset and stability",Time course and localizing examination findings support this neurologic pathway.,Absence of localizing or systemic findings should redirect the differential without false reassurance.,true,Step 1; Step 2 CK; Step 3,Neurology; Internal Medicine; Pediatrics; Emergency Medicine,partially_source_supported
DPR-NEUR-0567,DIS-N-0059,PRS-NEUR-051,source_checked,needs_medical_review,classic,typical,common,high,adult or pediatric context as indicated,consider pregnancy-specific differential and medication context,"emergency, inpatient, or outpatient according to onset and stability",Time course and localizing examination findings support this neurologic pathway.,Absence of localizing or systemic findings should redirect the differential without false reassurance.,true,Step 1; Step 2 CK; Step 3,Neurology; Internal Medicine; Pediatrics; Emergency Medicine,partially_source_supported
DPR-NEUR-0568,DIS-N-0059,PRS-NEUR-APHASIA,source_checked,needs_medical_review,common,typical,common,high,adult or pediatric context as indicated,consider pregnancy-specific differential and medication context,"emergency, inpatient, or outpatient according to onset and stability",Time course and localizing examination findings support this neurologic pathway.,Absence of localizing or systemic findings should redirect the differential without false reassurance.,true,Step 1; Step 2 CK; Step 3,Neurology; Internal Medicine; Pediatrics; Emergency Medicine,partially_source_supported
DPR-NEUR-0569,DIS-N-0059,PRS-NEUR-DYSARTHRIA,source_checked,needs_medical_review,common,typical,common,high,adult or pediatric context as indicated,consider pregnancy-specific differential and medication context,"emergency, inpatient, or outpatient according to onset and stability",Time course and localizing examination findings support this neurologic pathway.,Absence of localizing or systemic findings should redirect the differential without false reassurance.,true,Step 1; Step 2 CK; Step 3,Neurology; Internal Medicine; Pediatrics; Emergency Medicine,partially_source_supported
DPR-NEUR-0570,DIS-N-0060,PRS-NEUR-051,source_checked,needs_medical_review,classic,typical,common,high,adult or pediatric context as indicated,consider pregnancy-specific differential and medication context,"emergency, inpatient, or outpatient according to onset and stability",Time course and localizing examination findings support this neurologic pathway.,Absence of localizing or systemic findings should redirect the differential without false reassurance.,true,Step 1; Step 2 CK; Step 3,Neurology; Internal Medicine; Pediatrics; Emergency Medicine,partially_source_supported
DPR-NEUR-0571,DIS-N-0060,PRS-NEUR-APHASIA,source_checked,needs_medical_review,common,typical,common,high,adult or pediatric context as indicated,consider pregnancy-specific differential and medication context,"emergency, inpatient, or outpatient according to onset and stability",Time course and localizing examination findings support this neurologic pathway.,Absence of localizing or systemic findings should redirect the differential without false reassurance.,true,Step 1; Step 2 CK; Step 3,Neurology; Internal Medicine; Pediatrics; Emergency Medicine,partially_source_supported
DPR-NEUR-0572,DIS-N-0060,PRS-NEUR-DYSARTHRIA,source_checked,needs_medical_review,common,typical,common,high,adult or pediatric context as indicated,consider pregnancy-specific differential and medication context,"emergency, inpatient, or outpatient according to onset and stability",Time course and localizing examination findings support this neurologic pathway.,Absence of localizing or systemic findings should redirect the differential without false reassurance.,true,Step 1; Step 2 CK; Step 3,Neurology; Internal Medicine; Pediatrics; Emergency Medicine,partially_source_supported
DPR-NEUR-0573,DIS-NEUR-014,PRS-NEUR-067,source_checked,needs_medical_review,classic,typical,common,high,adult or pediatric context as indicated,consider pregnancy-specific differential and medication context,"emergency, inpatient, or outpatient according to onset and stability",Time course and localizing examination findings support this neurologic pathway.,Absence of localizing or systemic findings should redirect the differential without false reassurance.,true,Step 1; Step 2 CK; Step 3,Neurology; Internal Medicine; Pediatrics; Emergency Medicine,partially_source_supported
DPR-NEUR-0574,DIS-NEUR-014,PRS-NEUR-DELIRIUM,source_checked,needs_medical_review,common,typical,common,high,adult or pediatric context as indicated,consider pregnancy-specific differential and medication context,"emergency, inpatient, or outpatient according to onset and stability",Time course and localizing examination findings support this neurologic pathway.,Absence of localizing or systemic findings should redirect the differential without false reassurance.,true,Step 1; Step 2 CK; Step 3,Neurology; Internal Medicine; Pediatrics; Emergency Medicine,partially_source_supported
DPR-NEUR-0575,DIS-NEUR-014,PRS-NEUR-056,source_checked,needs_medical_review,common,typical,common,high,adult or pediatric context as indicated,consider pregnancy-specific differential and medication context,"emergency, inpatient, or outpatient according to onset and stability",Time course and localizing examination findings support this neurologic pathway.,Absence of localizing or systemic findings should redirect the differential without false reassurance.,true,Step 1; Step 2 CK; Step 3,Neurology; Internal Medicine; Pediatrics; Emergency Medicine,partially_source_supported
DPR-NEUR-0576,DIS-NEUR-015,PRS-NEUR-067,source_checked,needs_medical_review,classic,typical,common,high,adult or pediatric context as indicated,consider pregnancy-specific differential and medication context,"emergency, inpatient, or outpatient according to onset and stability",Time course and localizing examination findings support this neurologic pathway.,Absence of localizing or systemic findings should redirect the differential without false reassurance.,true,Step 1; Step 2 CK; Step 3,Neurology; Internal Medicine; Pediatrics; Emergency Medicine,partially_source_supported
DPR-NEUR-0577,DIS-NEUR-015,PRS-NEUR-DELIRIUM,source_checked,needs_medical_review,common,typical,common,high,adult or pediatric context as indicated,consider pregnancy-specific differential and medication context,"emergency, inpatient, or outpatient according to onset and stability",Time course and localizing examination findings support this neurologic pathway.,Absence of localizing or systemic findings should redirect the differential without false reassurance.,true,Step 1; Step 2 CK; Step 3,Neurology; Internal Medicine; Pediatrics; Emergency Medicine,partially_source_supported
DPR-NEUR-0578,DIS-NEUR-015,PRS-NEUR-056,source_checked,needs_medical_review,common,typical,common,high,adult or pediatric context as indicated,consider pregnancy-specific differential and medication context,"emergency, inpatient, or outpatient according to onset and stability",Time course and localizing examination findings support this neurologic pathway.,Absence of localizing or systemic findings should redirect the differential without false reassurance.,true,Step 1; Step 2 CK; Step 3,Neurology; Internal Medicine; Pediatrics; Emergency Medicine,partially_source_supported
DPR-NEUR-0579,DIS-NEUR-016,PRS-NEUR-051,source_checked,needs_medical_review,classic,typical,common,high,adult or pediatric context as indicated,consider pregnancy-specific differential and medication context,"emergency, inpatient, or outpatient according to onset and stability",Time course and localizing examination findings support this neurologic pathway.,Absence of localizing or systemic findings should redirect the differential without false reassurance.,true,Step 1; Step 2 CK; Step 3,Neurology; Internal Medicine; Pediatrics; Emergency Medicine,partially_source_supported
DPR-NEUR-0580,DIS-NEUR-016,PRS-NEUR-APHASIA,source_checked,needs_medical_review,common,typical,common,high,adult or pediatric context as indicated,consider pregnancy-specific differential and medication context,"emergency, inpatient, or outpatient according to onset and stability",Time course and localizing examination findings support this neurologic pathway.,Absence of localizing or systemic findings should redirect the differential without false reassurance.,true,Step 1; Step 2 CK; Step 3,Neurology; Internal Medicine; Pediatrics; Emergency Medicine,partially_source_supported
DPR-NEUR-0581,DIS-NEUR-016,PRS-NEUR-DYSARTHRIA,source_checked,needs_medical_review,common,typical,common,high,adult or pediatric context as indicated,consider pregnancy-specific differential and medication context,"emergency, inpatient, or outpatient according to onset and stability",Time course and localizing examination findings support this neurologic pathway.,Absence of localizing or systemic findings should redirect the differential without false reassurance.,true,Step 1; Step 2 CK; Step 3,Neurology; Internal Medicine; Pediatrics; Emergency Medicine,partially_source_supported
DPR-NEUR-0582,DIS-NEUR-017,PRS-NEUR-051,source_checked,needs_medical_review,classic,typical,common,high,adult or pediatric context as indicated,consider pregnancy-specific differential and medication context,"emergency, inpatient, or outpatient according to onset and stability",Time course and localizing examination findings support this neurologic pathway.,Absence of localizing or systemic findings should redirect the differential without false reassurance.,true,Step 1; Step 2 CK; Step 3,Neurology; Internal Medicine; Pediatrics; Emergency Medicine,partially_source_supported
DPR-NEUR-0583,DIS-NEUR-017,PRS-NEUR-APHASIA,source_checked,needs_medical_review,common,typical,common,high,adult or pediatric context as indicated,consider pregnancy-specific differential and medication context,"emergency, inpatient, or outpatient according to onset and stability",Time course and localizing examination findings support this neurologic pathway.,Absence of localizing or systemic findings should redirect the differential without false reassurance.,true,Step 1; Step 2 CK; Step 3,Neurology; Internal Medicine; Pediatrics; Emergency Medicine,partially_source_supported
DPR-NEUR-0584,DIS-NEUR-017,PRS-NEUR-DYSARTHRIA,source_checked,needs_medical_review,common,typical,common,high,adult or pediatric context as indicated,consider pregnancy-specific differential and medication context,"emergency, inpatient, or outpatient according to onset and stability",Time course and localizing examination findings support this neurologic pathway.,Absence of localizing or systemic findings should redirect the differential without false reassurance.,true,Step 1; Step 2 CK; Step 3,Neurology; Internal Medicine; Pediatrics; Emergency Medicine,partially_source_supported
DPR-NEUR-0585,DIS-NEUR-018,PRS-NEUR-067,source_checked,needs_medical_review,classic,typical,common,high,adult or pediatric context as indicated,consider pregnancy-specific differential and medication context,"emergency, inpatient, or outpatient according to onset and stability",Time course and localizing examination findings support this neurologic pathway.,Absence of localizing or systemic findings should redirect the differential without false reassurance.,true,Step 1; Step 2 CK; Step 3,Neurology; Internal Medicine; Pediatrics; Emergency Medicine,partially_source_supported
DPR-NEUR-0586,DIS-NEUR-018,PRS-NEUR-DELIRIUM,source_checked,needs_medical_review,common,typical,common,high,adult or pediatric context as indicated,consider pregnancy-specific differential and medication context,"emergency, inpatient, or outpatient according to onset and stability",Time course and localizing examination findings support this neurologic pathway.,Absence of localizing or systemic findings should redirect the differential without false reassurance.,true,Step 1; Step 2 CK; Step 3,Neurology; Internal Medicine; Pediatrics; Emergency Medicine,partially_source_supported
DPR-NEUR-0587,DIS-NEUR-018,PRS-NEUR-056,source_checked,needs_medical_review,common,typical,common,high,adult or pediatric context as indicated,consider pregnancy-specific differential and medication context,"emergency, inpatient, or outpatient according to onset and stability",Time course and localizing examination findings support this neurologic pathway.,Absence of localizing or systemic findings should redirect the differential without false reassurance.,true,Step 1; Step 2 CK; Step 3,Neurology; Internal Medicine; Pediatrics; Emergency Medicine,partially_source_supported
DPR-NEUR-0588,DIS-NEUR-019,PRS-NEUR-051,source_checked,needs_medical_review,classic,typical,common,high,adult or pediatric context as indicated,consider pregnancy-specific differential and medication context,"emergency, inpatient, or outpatient according to onset and stability",Time course and localizing examination findings support this neurologic pathway.,Absence of localizing or systemic findings should redirect the differential without false reassurance.,true,Step 1; Step 2 CK; Step 3,Neurology; Internal Medicine; Pediatrics; Emergency Medicine,partially_source_supported
DPR-NEUR-0589,DIS-NEUR-019,PRS-NEUR-APHASIA,source_checked,needs_medical_review,common,typical,common,high,adult or pediatric context as indicated,consider pregnancy-specific differential and medication context,"emergency, inpatient, or outpatient according to onset and stability",Time course and localizing examination findings support this neurologic pathway.,Absence of localizing or systemic findings should redirect the differential without false reassurance.,true,Step 1; Step 2 CK; Step 3,Neurology; Internal Medicine; Pediatrics; Emergency Medicine,partially_source_supported
DPR-NEUR-0590,DIS-NEUR-019,PRS-NEUR-DYSARTHRIA,source_checked,needs_medical_review,common,typical,common,high,adult or pediatric context as indicated,consider pregnancy-specific differential and medication context,"emergency, inpatient, or outpatient according to onset and stability",Time course and localizing examination findings support this neurologic pathway.,Absence of localizing or systemic findings should redirect the differential without false reassurance.,true,Step 1; Step 2 CK; Step 3,Neurology; Internal Medicine; Pediatrics; Emergency Medicine,partially_source_supported
DPR-NEUR-0591,DIS-NEUR-020,PRS-NEUR-051,source_checked,needs_medical_review,classic,typical,common,high,adult or pediatric context as indicated,consider pregnancy-specific differential and medication context,"emergency, inpatient, or outpatient according to onset and stability",Time course and localizing examination findings support this neurologic pathway.,Absence of localizing or systemic findings should redirect the differential without false reassurance.,true,Step 1; Step 2 CK; Step 3,Neurology; Internal Medicine; Pediatrics; Emergency Medicine,partially_source_supported
DPR-NEUR-0592,DIS-NEUR-020,PRS-NEUR-APHASIA,source_checked,needs_medical_review,common,typical,common,high,adult or pediatric context as indicated,consider pregnancy-specific differential and medication context,"emergency, inpatient, or outpatient according to onset and stability",Time course and localizing examination findings support this neurologic pathway.,Absence of localizing or systemic findings should redirect the differential without false reassurance.,true,Step 1; Step 2 CK; Step 3,Neurology; Internal Medicine; Pediatrics; Emergency Medicine,partially_source_supported
DPR-NEUR-0593,DIS-NEUR-020,PRS-NEUR-DYSARTHRIA,source_checked,needs_medical_review,common,typical,common,high,adult or pediatric context as indicated,consider pregnancy-specific differential and medication context,"emergency, inpatient, or outpatient according to onset and stability",Time course and localizing examination findings support this neurologic pathway.,Absence of localizing or systemic findings should redirect the differential without false reassurance.,true,Step 1; Step 2 CK; Step 3,Neurology; Internal Medicine; Pediatrics; Emergency Medicine,partially_source_supported
DPR-NEUR-0594,DIS-NEUR-021,PRS-NEUR-067,source_checked,needs_medical_review,classic,typical,common,high,adult or pediatric context as indicated,consider pregnancy-specific differential and medication context,"emergency, inpatient, or outpatient according to onset and stability",Time course and localizing examination findings support this neurologic pathway.,Absence of localizing or systemic findings should redirect the differential without false reassurance.,true,Step 1; Step 2 CK; Step 3,Neurology; Internal Medicine; Pediatrics; Emergency Medicine,partially_source_supported
DPR-NEUR-0595,DIS-NEUR-021,PRS-NEUR-DELIRIUM,source_checked,needs_medical_review,common,typical,common,high,adult or pediatric context as indicated,consider pregnancy-specific differential and medication context,"emergency, inpatient, or outpatient according to onset and stability",Time course and localizing examination findings support this neurologic pathway.,Absence of localizing or systemic findings should redirect the differential without false reassurance.,true,Step 1; Step 2 CK; Step 3,Neurology; Internal Medicine; Pediatrics; Emergency Medicine,partially_source_supported
DPR-NEUR-0596,DIS-NEUR-021,PRS-NEUR-056,source_checked,needs_medical_review,common,typical,common,high,adult or pediatric context as indicated,consider pregnancy-specific differential and medication context,"emergency, inpatient, or outpatient according to onset and stability",Time course and localizing examination findings support this neurologic pathway.,Absence of localizing or systemic findings should redirect the differential without false reassurance.,true,Step 1; Step 2 CK; Step 3,Neurology; Internal Medicine; Pediatrics; Emergency Medicine,partially_source_supported
DPR-NEUR-0597,DIS-NEUR-022,PRS-NEUR-051,source_checked,needs_medical_review,classic,typical,common,high,adult or pediatric context as indicated,consider pregnancy-specific differential and medication context,"emergency, inpatient, or outpatient according to onset and stability",Time course and localizing examination findings support this neurologic pathway.,Absence of localizing or systemic findings should redirect the differential without false reassurance.,true,Step 1; Step 2 CK; Step 3,Neurology; Internal Medicine; Pediatrics; Emergency Medicine,partially_source_supported
DPR-NEUR-0598,DIS-NEUR-022,PRS-NEUR-APHASIA,source_checked,needs_medical_review,common,typical,common,high,adult or pediatric context as indicated,consider pregnancy-specific differential and medication context,"emergency, inpatient, or outpatient according to onset and stability",Time course and localizing examination findings support this neurologic pathway.,Absence of localizing or systemic findings should redirect the differential without false reassurance.,true,Step 1; Step 2 CK; Step 3,Neurology; Internal Medicine; Pediatrics; Emergency Medicine,partially_source_supported
DPR-NEUR-0599,DIS-NEUR-022,PRS-NEUR-DYSARTHRIA,source_checked,needs_medical_review,common,typical,common,high,adult or pediatric context as indicated,consider pregnancy-specific differential and medication context,"emergency, inpatient, or outpatient according to onset and stability",Time course and localizing examination findings support this neurologic pathway.,Absence of localizing or systemic findings should redirect the differential without false reassurance.,true,Step 1; Step 2 CK; Step 3,Neurology; Internal Medicine; Pediatrics; Emergency Medicine,partially_source_supported
DPR-NEUR-0600,DIS-NEUR-023,PRS-NEUR-067,source_checked,needs_medical_review,classic,typical,common,high,adult or pediatric context as indicated,consider pregnancy-specific differential and medication context,"emergency, inpatient, or outpatient according to onset and stability",Time course and localizing examination findings support this neurologic pathway.,Absence of localizing or systemic findings should redirect the differential without false reassurance.,true,Step 1; Step 2 CK; Step 3,Neurology; Internal Medicine; Pediatrics; Emergency Medicine,partially_source_supported
DPR-NEUR-0601,DIS-NEUR-023,PRS-NEUR-DELIRIUM,source_checked,needs_medical_review,common,typical,common,high,adult or pediatric context as indicated,consider pregnancy-specific differential and medication context,"emergency, inpatient, or outpatient according to onset and stability",Time course and localizing examination findings support this neurologic pathway.,Absence of localizing or systemic findings should redirect the differential without false reassurance.,true,Step 1; Step 2 CK; Step 3,Neurology; Internal Medicine; Pediatrics; Emergency Medicine,partially_source_supported
DPR-NEUR-0602,DIS-NEUR-023,PRS-NEUR-056,source_checked,needs_medical_review,common,typical,common,high,adult or pediatric context as indicated,consider pregnancy-specific differential and medication context,"emergency, inpatient, or outpatient according to onset and stability",Time course and localizing examination findings support this neurologic pathway.,Absence of localizing or systemic findings should redirect the differential without false reassurance.,true,Step 1; Step 2 CK; Step 3,Neurology; Internal Medicine; Pediatrics; Emergency Medicine,partially_source_supported
DPR-NEUR-0603,DIS-NEUR-024,PRS-006,source_checked,needs_medical_review,classic,typical,common,high,adult or pediatric context as indicated,consider pregnancy-specific differential and medication context,"emergency, inpatient, or outpatient according to onset and stability",Time course and localizing examination findings support this neurologic pathway.,Absence of localizing or systemic findings should redirect the differential without false reassurance.,true,Step 1; Step 2 CK; Step 3,Neurology; Internal Medicine; Pediatrics; Emergency Medicine,partially_source_supported
DPR-NEUR-0604,DIS-NEUR-024,PRS-007,source_checked,needs_medical_review,common,typical,common,high,adult or pediatric context as indicated,consider pregnancy-specific differential and medication context,"emergency, inpatient, or outpatient according to onset and stability",Time course and localizing examination findings support this neurologic pathway.,Absence of localizing or systemic findings should redirect the differential without false reassurance.,true,Step 1; Step 2 CK; Step 3,Neurology; Internal Medicine; Pediatrics; Emergency Medicine,partially_source_supported
DPR-NEUR-0605,DIS-NEUR-024,PRS-NEUR-063,source_checked,needs_medical_review,common,typical,common,high,adult or pediatric context as indicated,consider pregnancy-specific differential and medication context,"emergency, inpatient, or outpatient according to onset and stability",Time course and localizing examination findings support this neurologic pathway.,Absence of localizing or systemic findings should redirect the differential without false reassurance.,true,Step 1; Step 2 CK; Step 3,Neurology; Internal Medicine; Pediatrics; Emergency Medicine,partially_source_supported
DPR-NEUR-0606,DIS-NEUR-025,PRS-NEUR-051,source_checked,needs_medical_review,classic,typical,common,variable,adult or pediatric context as indicated,consider pregnancy-specific differential and medication context,"emergency, inpatient, or outpatient according to onset and stability",Time course and localizing examination findings support this neurologic pathway.,Absence of localizing or systemic findings should redirect the differential without false reassurance.,false,Step 1; Step 2 CK; Step 3,Neurology; Internal Medicine; Pediatrics; Emergency Medicine,partially_source_supported
DPR-NEUR-0607,DIS-NEUR-025,PRS-NEUR-APHASIA,source_checked,needs_medical_review,common,typical,common,variable,adult or pediatric context as indicated,consider pregnancy-specific differential and medication context,"emergency, inpatient, or outpatient according to onset and stability",Time course and localizing examination findings support this neurologic pathway.,Absence of localizing or systemic findings should redirect the differential without false reassurance.,false,Step 1; Step 2 CK; Step 3,Neurology; Internal Medicine; Pediatrics; Emergency Medicine,partially_source_supported
DPR-NEUR-0608,DIS-NEUR-025,PRS-NEUR-DYSARTHRIA,source_checked,needs_medical_review,common,typical,common,variable,adult or pediatric context as indicated,consider pregnancy-specific differential and medication context,"emergency, inpatient, or outpatient according to onset and stability",Time course and localizing examination findings support this neurologic pathway.,Absence of localizing or systemic findings should redirect the differential without false reassurance.,false,Step 1; Step 2 CK; Step 3,Neurology; Internal Medicine; Pediatrics; Emergency Medicine,partially_source_supported
DPR-NEUR-0609,DIS-NEUR-026,PRS-NEUR-051,source_checked,needs_medical_review,classic,typical,common,high,adult or pediatric context as indicated,consider pregnancy-specific differential and medication context,"emergency, inpatient, or outpatient according to onset and stability",Time course and localizing examination findings support this neurologic pathway.,Absence of localizing or systemic findings should redirect the differential without false reassurance.,true,Step 1; Step 2 CK; Step 3,Neurology; Internal Medicine; Pediatrics; Emergency Medicine,partially_source_supported
DPR-NEUR-0610,DIS-NEUR-026,PRS-NEUR-APHASIA,source_checked,needs_medical_review,common,typical,common,high,adult or pediatric context as indicated,consider pregnancy-specific differential and medication context,"emergency, inpatient, or outpatient according to onset and stability",Time course and localizing examination findings support this neurologic pathway.,Absence of localizing or systemic findings should redirect the differential without false reassurance.,true,Step 1; Step 2 CK; Step 3,Neurology; Internal Medicine; Pediatrics; Emergency Medicine,partially_source_supported
DPR-NEUR-0611,DIS-NEUR-026,PRS-NEUR-DYSARTHRIA,source_checked,needs_medical_review,common,typical,common,high,adult or pediatric context as indicated,consider pregnancy-specific differential and medication context,"emergency, inpatient, or outpatient according to onset and stability",Time course and localizing examination findings support this neurologic pathway.,Absence of localizing or systemic findings should redirect the differential without false reassurance.,true,Step 1; Step 2 CK; Step 3,Neurology; Internal Medicine; Pediatrics; Emergency Medicine,partially_source_supported
DPR-NEUR-0612,DIS-NEUR-027,PRS-NEUR-051,source_checked,needs_medical_review,classic,typical,common,high,adult or pediatric context as indicated,consider pregnancy-specific differential and medication context,"emergency, inpatient, or outpatient according to onset and stability",Time course and localizing examination findings support this neurologic pathway.,Absence of localizing or systemic findings should redirect the differential without false reassurance.,true,Step 1; Step 2 CK; Step 3,Neurology; Internal Medicine; Pediatrics; Emergency Medicine,partially_source_supported
DPR-NEUR-0613,DIS-NEUR-027,PRS-NEUR-APHASIA,source_checked,needs_medical_review,common,typical,common,high,adult or pediatric context as indicated,consider pregnancy-specific differential and medication context,"emergency, inpatient, or outpatient according to onset and stability",Time course and localizing examination findings support this neurologic pathway.,Absence of localizing or systemic findings should redirect the differential without false reassurance.,true,Step 1; Step 2 CK; Step 3,Neurology; Internal Medicine; Pediatrics; Emergency Medicine,partially_source_supported
DPR-NEUR-0614,DIS-NEUR-027,PRS-NEUR-DYSARTHRIA,source_checked,needs_medical_review,common,typical,common,high,adult or pediatric context as indicated,consider pregnancy-specific differential and medication context,"emergency, inpatient, or outpatient according to onset and stability",Time course and localizing examination findings support this neurologic pathway.,Absence of localizing or systemic findings should redirect the differential without false reassurance.,true,Step 1; Step 2 CK; Step 3,Neurology; Internal Medicine; Pediatrics; Emergency Medicine,partially_source_supported
DPR-NEUR-0615,DIS-NEUR-028,PRS-NEUR-051,source_checked,needs_medical_review,classic,typical,common,high,adult or pediatric context as indicated,consider pregnancy-specific differential and medication context,"emergency, inpatient, or outpatient according to onset and stability",Time course and localizing examination findings support this neurologic pathway.,Absence of localizing or systemic findings should redirect the differential without false reassurance.,true,Step 1; Step 2 CK; Step 3,Neurology; Internal Medicine; Pediatrics; Emergency Medicine,partially_source_supported
DPR-NEUR-0616,DIS-NEUR-028,PRS-NEUR-APHASIA,source_checked,needs_medical_review,common,typical,common,high,adult or pediatric context as indicated,consider pregnancy-specific differential and medication context,"emergency, inpatient, or outpatient according to onset and stability",Time course and localizing examination findings support this neurologic pathway.,Absence of localizing or systemic findings should redirect the differential without false reassurance.,true,Step 1; Step 2 CK; Step 3,Neurology; Internal Medicine; Pediatrics; Emergency Medicine,partially_source_supported
DPR-NEUR-0617,DIS-NEUR-028,PRS-NEUR-DYSARTHRIA,source_checked,needs_medical_review,common,typical,common,high,adult or pediatric context as indicated,consider pregnancy-specific differential and medication context,"emergency, inpatient, or outpatient according to onset and stability",Time course and localizing examination findings support this neurologic pathway.,Absence of localizing or systemic findings should redirect the differential without false reassurance.,true,Step 1; Step 2 CK; Step 3,Neurology; Internal Medicine; Pediatrics; Emergency Medicine,partially_source_supported
DPR-NEUR-0618,DIS-NEUR-029,PRS-NEUR-051,source_checked,needs_medical_review,classic,typical,common,high,adult or pediatric context as indicated,consider pregnancy-specific differential and medication context,"emergency, inpatient, or outpatient according to onset and stability",Time course and localizing examination findings support this neurologic pathway.,Absence of localizing or systemic findings should redirect the differential without false reassurance.,true,Step 1; Step 2 CK; Step 3,Neurology; Internal Medicine; Pediatrics; Emergency Medicine,partially_source_supported
DPR-NEUR-0619,DIS-NEUR-029,PRS-NEUR-APHASIA,source_checked,needs_medical_review,common,typical,common,high,adult or pediatric context as indicated,consider pregnancy-specific differential and medication context,"emergency, inpatient, or outpatient according to onset and stability",Time course and localizing examination findings support this neurologic pathway.,Absence of localizing or systemic findings should redirect the differential without false reassurance.,true,Step 1; Step 2 CK; Step 3,Neurology; Internal Medicine; Pediatrics; Emergency Medicine,partially_source_supported
DPR-NEUR-0620,DIS-NEUR-029,PRS-NEUR-DYSARTHRIA,source_checked,needs_medical_review,common,typical,common,high,adult or pediatric context as indicated,consider pregnancy-specific differential and medication context,"emergency, inpatient, or outpatient according to onset and stability",Time course and localizing examination findings support this neurologic pathway.,Absence of localizing or systemic findings should redirect the differential without false reassurance.,true,Step 1; Step 2 CK; Step 3,Neurology; Internal Medicine; Pediatrics; Emergency Medicine,partially_source_supported
DPR-NEUR-0621,DIS-NEUR-030,PRS-NEUR-067,source_checked,needs_medical_review,classic,typical,common,high,adult or pediatric context as indicated,consider pregnancy-specific differential and medication context,"emergency, inpatient, or outpatient according to onset and stability",Time course and localizing examination findings support this neurologic pathway.,Absence of localizing or systemic findings should redirect the differential without false reassurance.,true,Step 1; Step 2 CK; Step 3,Neurology; Internal Medicine; Pediatrics; Emergency Medicine,partially_source_supported
DPR-NEUR-0622,DIS-NEUR-030,PRS-NEUR-DELIRIUM,source_checked,needs_medical_review,common,typical,common,high,adult or pediatric context as indicated,consider pregnancy-specific differential and medication context,"emergency, inpatient, or outpatient according to onset and stability",Time course and localizing examination findings support this neurologic pathway.,Absence of localizing or systemic findings should redirect the differential without false reassurance.,true,Step 1; Step 2 CK; Step 3,Neurology; Internal Medicine; Pediatrics; Emergency Medicine,partially_source_supported
DPR-NEUR-0623,DIS-NEUR-030,PRS-NEUR-056,source_checked,needs_medical_review,common,typical,common,high,adult or pediatric context as indicated,consider pregnancy-specific differential and medication context,"emergency, inpatient, or outpatient according to onset and stability",Time course and localizing examination findings support this neurologic pathway.,Absence of localizing or systemic findings should redirect the differential without false reassurance.,true,Step 1; Step 2 CK; Step 3,Neurology; Internal Medicine; Pediatrics; Emergency Medicine,partially_source_supported
DPR-NEUR-0624,DIS-NEUR-031,PRS-NEUR-067,source_checked,needs_medical_review,classic,typical,common,high,adult or pediatric context as indicated,consider pregnancy-specific differential and medication context,"emergency, inpatient, or outpatient according to onset and stability",Time course and localizing examination findings support this neurologic pathway.,Absence of localizing or systemic findings should redirect the differential without false reassurance.,true,Step 1; Step 2 CK; Step 3,Neurology; Internal Medicine; Pediatrics; Emergency Medicine,partially_source_supported
DPR-NEUR-0625,DIS-NEUR-031,PRS-NEUR-DELIRIUM,source_checked,needs_medical_review,common,typical,common,high,adult or pediatric context as indicated,consider pregnancy-specific differential and medication context,"emergency, inpatient, or outpatient according to onset and stability",Time course and localizing examination findings support this neurologic pathway.,Absence of localizing or systemic findings should redirect the differential without false reassurance.,true,Step 1; Step 2 CK; Step 3,Neurology; Internal Medicine; Pediatrics; Emergency Medicine,partially_source_supported
DPR-NEUR-0626,DIS-NEUR-031,PRS-NEUR-056,source_checked,needs_medical_review,common,typical,common,high,adult or pediatric context as indicated,consider pregnancy-specific differential and medication context,"emergency, inpatient, or outpatient according to onset and stability",Time course and localizing examination findings support this neurologic pathway.,Absence of localizing or systemic findings should redirect the differential without false reassurance.,true,Step 1; Step 2 CK; Step 3,Neurology; Internal Medicine; Pediatrics; Emergency Medicine,partially_source_supported
DPR-NEUR-0627,DIS-NEUR-032,PRS-NEUR-067,source_checked,needs_medical_review,classic,typical,common,high,adult or pediatric context as indicated,consider pregnancy-specific differential and medication context,"emergency, inpatient, or outpatient according to onset and stability",Time course and localizing examination findings support this neurologic pathway.,Absence of localizing or systemic findings should redirect the differential without false reassurance.,true,Step 1; Step 2 CK; Step 3,Neurology; Internal Medicine; Pediatrics; Emergency Medicine,partially_source_supported
DPR-NEUR-0628,DIS-NEUR-032,PRS-NEUR-DELIRIUM,source_checked,needs_medical_review,common,typical,common,high,adult or pediatric context as indicated,consider pregnancy-specific differential and medication context,"emergency, inpatient, or outpatient according to onset and stability",Time course and localizing examination findings support this neurologic pathway.,Absence of localizing or systemic findings should redirect the differential without false reassurance.,true,Step 1; Step 2 CK; Step 3,Neurology; Internal Medicine; Pediatrics; Emergency Medicine,partially_source_supported
DPR-NEUR-0629,DIS-NEUR-032,PRS-NEUR-056,source_checked,needs_medical_review,common,typical,common,high,adult or pediatric context as indicated,consider pregnancy-specific differential and medication context,"emergency, inpatient, or outpatient according to onset and stability",Time course and localizing examination findings support this neurologic pathway.,Absence of localizing or systemic findings should redirect the differential without false reassurance.,true,Step 1; Step 2 CK; Step 3,Neurology; Internal Medicine; Pediatrics; Emergency Medicine,partially_source_supported
DPR-NEUR-0630,DIS-NEUR-033,PRS-NEUR-051,source_checked,needs_medical_review,classic,typical,common,high,adult or pediatric context as indicated,consider pregnancy-specific differential and medication context,"emergency, inpatient, or outpatient according to onset and stability",Time course and localizing examination findings support this neurologic pathway.,Absence of localizing or systemic findings should redirect the differential without false reassurance.,true,Step 1; Step 2 CK; Step 3,Neurology; Internal Medicine; Pediatrics; Emergency Medicine,partially_source_supported
DPR-NEUR-0631,DIS-NEUR-033,PRS-NEUR-APHASIA,source_checked,needs_medical_review,common,typical,common,high,adult or pediatric context as indicated,consider pregnancy-specific differential and medication context,"emergency, inpatient, or outpatient according to onset and stability",Time course and localizing examination findings support this neurologic pathway.,Absence of localizing or systemic findings should redirect the differential without false reassurance.,true,Step 1; Step 2 CK; Step 3,Neurology; Internal Medicine; Pediatrics; Emergency Medicine,partially_source_supported
DPR-NEUR-0632,DIS-NEUR-033,PRS-NEUR-DYSARTHRIA,source_checked,needs_medical_review,common,typical,common,high,adult or pediatric context as indicated,consider pregnancy-specific differential and medication context,"emergency, inpatient, or outpatient according to onset and stability",Time course and localizing examination findings support this neurologic pathway.,Absence of localizing or systemic findings should redirect the differential without false reassurance.,true,Step 1; Step 2 CK; Step 3,Neurology; Internal Medicine; Pediatrics; Emergency Medicine,partially_source_supported
DPR-NEUR-0633,DIS-NEUR-034,PRS-NEUR-063,source_checked,needs_medical_review,classic,typical,common,high,adult or pediatric context as indicated,consider pregnancy-specific differential and medication context,"emergency, inpatient, or outpatient according to onset and stability",Time course and localizing examination findings support this neurologic pathway.,Absence of localizing or systemic findings should redirect the differential without false reassurance.,true,Step 1; Step 2 CK; Step 3,Neurology; Internal Medicine; Pediatrics; Emergency Medicine,partially_source_supported
DPR-NEUR-0634,DIS-NEUR-034,PRS-NEUR-RECURRENTSEIZURE,source_checked,needs_medical_review,common,typical,common,high,adult or pediatric context as indicated,consider pregnancy-specific differential and medication context,"emergency, inpatient, or outpatient according to onset and stability",Time course and localizing examination findings support this neurologic pathway.,Absence of localizing or systemic findings should redirect the differential without false reassurance.,true,Step 1; Step 2 CK; Step 3,Neurology; Internal Medicine; Pediatrics; Emergency Medicine,partially_source_supported
DPR-NEUR-0635,DIS-NEUR-034,PRS-NEUR-070,source_checked,needs_medical_review,common,typical,common,high,adult or pediatric context as indicated,consider pregnancy-specific differential and medication context,"emergency, inpatient, or outpatient according to onset and stability",Time course and localizing examination findings support this neurologic pathway.,Absence of localizing or systemic findings should redirect the differential without false reassurance.,true,Step 1; Step 2 CK; Step 3,Neurology; Internal Medicine; Pediatrics; Emergency Medicine,partially_source_supported
DPR-NEUR-0636,DIS-NEUR-035,PRS-NEUR-063,source_checked,needs_medical_review,classic,typical,common,high,adult or pediatric context as indicated,consider pregnancy-specific differential and medication context,"emergency, inpatient, or outpatient according to onset and stability",Time course and localizing examination findings support this neurologic pathway.,Absence of localizing or systemic findings should redirect the differential without false reassurance.,true,Step 1; Step 2 CK; Step 3,Neurology; Internal Medicine; Pediatrics; Emergency Medicine,partially_source_supported
DPR-NEUR-0637,DIS-NEUR-035,PRS-NEUR-RECURRENTSEIZURE,source_checked,needs_medical_review,common,typical,common,high,adult or pediatric context as indicated,consider pregnancy-specific differential and medication context,"emergency, inpatient, or outpatient according to onset and stability",Time course and localizing examination findings support this neurologic pathway.,Absence of localizing or systemic findings should redirect the differential without false reassurance.,true,Step 1; Step 2 CK; Step 3,Neurology; Internal Medicine; Pediatrics; Emergency Medicine,partially_source_supported
DPR-NEUR-0638,DIS-NEUR-035,PRS-NEUR-070,source_checked,needs_medical_review,common,typical,common,high,adult or pediatric context as indicated,consider pregnancy-specific differential and medication context,"emergency, inpatient, or outpatient according to onset and stability",Time course and localizing examination findings support this neurologic pathway.,Absence of localizing or systemic findings should redirect the differential without false reassurance.,true,Step 1; Step 2 CK; Step 3,Neurology; Internal Medicine; Pediatrics; Emergency Medicine,partially_source_supported
DPR-NEUR-0639,DIS-NEUR-036,PRS-NEUR-063,source_checked,needs_medical_review,classic,typical,common,high,adult or pediatric context as indicated,consider pregnancy-specific differential and medication context,"emergency, inpatient, or outpatient according to onset and stability",Time course and localizing examination findings support this neurologic pathway.,Absence of localizing or systemic findings should redirect the differential without false reassurance.,true,Step 1; Step 2 CK; Step 3,Neurology; Internal Medicine; Pediatrics; Emergency Medicine,partially_source_supported
DPR-NEUR-0640,DIS-NEUR-036,PRS-NEUR-RECURRENTSEIZURE,source_checked,needs_medical_review,common,typical,common,high,adult or pediatric context as indicated,consider pregnancy-specific differential and medication context,"emergency, inpatient, or outpatient according to onset and stability",Time course and localizing examination findings support this neurologic pathway.,Absence of localizing or systemic findings should redirect the differential without false reassurance.,true,Step 1; Step 2 CK; Step 3,Neurology; Internal Medicine; Pediatrics; Emergency Medicine,partially_source_supported
DPR-NEUR-0641,DIS-NEUR-036,PRS-NEUR-070,source_checked,needs_medical_review,common,typical,common,high,adult or pediatric context as indicated,consider pregnancy-specific differential and medication context,"emergency, inpatient, or outpatient according to onset and stability",Time course and localizing examination findings support this neurologic pathway.,Absence of localizing or systemic findings should redirect the differential without false reassurance.,true,Step 1; Step 2 CK; Step 3,Neurology; Internal Medicine; Pediatrics; Emergency Medicine,partially_source_supported
DPR-NEUR-0642,DIS-NEUR-037,PRS-NEUR-063,source_checked,needs_medical_review,classic,typical,common,high,adult or pediatric context as indicated,consider pregnancy-specific differential and medication context,"emergency, inpatient, or outpatient according to onset and stability",Time course and localizing examination findings support this neurologic pathway.,Absence of localizing or systemic findings should redirect the differential without false reassurance.,true,Step 1; Step 2 CK; Step 3,Neurology; Internal Medicine; Pediatrics; Emergency Medicine,partially_source_supported
DPR-NEUR-0643,DIS-NEUR-037,PRS-NEUR-RECURRENTSEIZURE,source_checked,needs_medical_review,common,typical,common,high,adult or pediatric context as indicated,consider pregnancy-specific differential and medication context,"emergency, inpatient, or outpatient according to onset and stability",Time course and localizing examination findings support this neurologic pathway.,Absence of localizing or systemic findings should redirect the differential without false reassurance.,true,Step 1; Step 2 CK; Step 3,Neurology; Internal Medicine; Pediatrics; Emergency Medicine,partially_source_supported
DPR-NEUR-0644,DIS-NEUR-037,PRS-NEUR-070,source_checked,needs_medical_review,common,typical,common,high,adult or pediatric context as indicated,consider pregnancy-specific differential and medication context,"emergency, inpatient, or outpatient according to onset and stability",Time course and localizing examination findings support this neurologic pathway.,Absence of localizing or systemic findings should redirect the differential without false reassurance.,true,Step 1; Step 2 CK; Step 3,Neurology; Internal Medicine; Pediatrics; Emergency Medicine,partially_source_supported
DPR-NEUR-0645,DIS-NEUR-038,PRS-NEUR-063,source_checked,needs_medical_review,classic,typical,common,high,adult or pediatric context as indicated,consider pregnancy-specific differential and medication context,"emergency, inpatient, or outpatient according to onset and stability",Time course and localizing examination findings support this neurologic pathway.,Absence of localizing or systemic findings should redirect the differential without false reassurance.,true,Step 1; Step 2 CK; Step 3,Neurology; Internal Medicine; Pediatrics; Emergency Medicine,partially_source_supported
DPR-NEUR-0646,DIS-NEUR-038,PRS-NEUR-RECURRENTSEIZURE,source_checked,needs_medical_review,common,typical,common,high,adult or pediatric context as indicated,consider pregnancy-specific differential and medication context,"emergency, inpatient, or outpatient according to onset and stability",Time course and localizing examination findings support this neurologic pathway.,Absence of localizing or systemic findings should redirect the differential without false reassurance.,true,Step 1; Step 2 CK; Step 3,Neurology; Internal Medicine; Pediatrics; Emergency Medicine,partially_source_supported
DPR-NEUR-0647,DIS-NEUR-038,PRS-NEUR-070,source_checked,needs_medical_review,common,typical,common,high,adult or pediatric context as indicated,consider pregnancy-specific differential and medication context,"emergency, inpatient, or outpatient according to onset and stability",Time course and localizing examination findings support this neurologic pathway.,Absence of localizing or systemic findings should redirect the differential without false reassurance.,true,Step 1; Step 2 CK; Step 3,Neurology; Internal Medicine; Pediatrics; Emergency Medicine,partially_source_supported
DPR-NEUR-0648,DIS-NEUR-039,PRS-NEUR-063,source_checked,needs_medical_review,classic,typical,common,high,adult or pediatric context as indicated,consider pregnancy-specific differential and medication context,"emergency, inpatient, or outpatient according to onset and stability",Time course and localizing examination findings support this neurologic pathway.,Absence of localizing or systemic findings should redirect the differential without false reassurance.,true,Step 1; Step 2 CK; Step 3,Neurology; Internal Medicine; Pediatrics; Emergency Medicine,partially_source_supported
DPR-NEUR-0649,DIS-NEUR-039,PRS-NEUR-RECURRENTSEIZURE,source_checked,needs_medical_review,common,typical,common,high,adult or pediatric context as indicated,consider pregnancy-specific differential and medication context,"emergency, inpatient, or outpatient according to onset and stability",Time course and localizing examination findings support this neurologic pathway.,Absence of localizing or systemic findings should redirect the differential without false reassurance.,true,Step 1; Step 2 CK; Step 3,Neurology; Internal Medicine; Pediatrics; Emergency Medicine,partially_source_supported
DPR-NEUR-0650,DIS-NEUR-039,PRS-NEUR-070,source_checked,needs_medical_review,common,typical,common,high,adult or pediatric context as indicated,consider pregnancy-specific differential and medication context,"emergency, inpatient, or outpatient according to onset and stability",Time course and localizing examination findings support this neurologic pathway.,Absence of localizing or systemic findings should redirect the differential without false reassurance.,true,Step 1; Step 2 CK; Step 3,Neurology; Internal Medicine; Pediatrics; Emergency Medicine,partially_source_supported
DPR-NEUR-0651,DIS-NEUR-040,PRS-NEUR-063,source_checked,needs_medical_review,classic,typical,common,high,adult or pediatric context as indicated,consider pregnancy-specific differential and medication context,"emergency, inpatient, or outpatient according to onset and stability",Time course and localizing examination findings support this neurologic pathway.,Absence of localizing or systemic findings should redirect the differential without false reassurance.,true,Step 1; Step 2 CK; Step 3,Neurology; Internal Medicine; Pediatrics; Emergency Medicine,partially_source_supported
DPR-NEUR-0652,DIS-NEUR-040,PRS-NEUR-RECURRENTSEIZURE,source_checked,needs_medical_review,common,typical,common,high,adult or pediatric context as indicated,consider pregnancy-specific differential and medication context,"emergency, inpatient, or outpatient according to onset and stability",Time course and localizing examination findings support this neurologic pathway.,Absence of localizing or systemic findings should redirect the differential without false reassurance.,true,Step 1; Step 2 CK; Step 3,Neurology; Internal Medicine; Pediatrics; Emergency Medicine,partially_source_supported
DPR-NEUR-0653,DIS-NEUR-040,PRS-NEUR-070,source_checked,needs_medical_review,common,typical,common,high,adult or pediatric context as indicated,consider pregnancy-specific differential and medication context,"emergency, inpatient, or outpatient according to onset and stability",Time course and localizing examination findings support this neurologic pathway.,Absence of localizing or systemic findings should redirect the differential without false reassurance.,true,Step 1; Step 2 CK; Step 3,Neurology; Internal Medicine; Pediatrics; Emergency Medicine,partially_source_supported
DPR-NEUR-0654,DIS-NEUR-041,PRS-NEUR-063,source_checked,needs_medical_review,classic,typical,common,high,adult or pediatric context as indicated,consider pregnancy-specific differential and medication context,"emergency, inpatient, or outpatient according to onset and stability",Time course and localizing examination findings support this neurologic pathway.,Absence of localizing or systemic findings should redirect the differential without false reassurance.,true,Step 1; Step 2 CK; Step 3,Neurology; Internal Medicine; Pediatrics; Emergency Medicine,partially_source_supported
DPR-NEUR-0655,DIS-NEUR-041,PRS-NEUR-RECURRENTSEIZURE,source_checked,needs_medical_review,common,typical,common,high,adult or pediatric context as indicated,consider pregnancy-specific differential and medication context,"emergency, inpatient, or outpatient according to onset and stability",Time course and localizing examination findings support this neurologic pathway.,Absence of localizing or systemic findings should redirect the differential without false reassurance.,true,Step 1; Step 2 CK; Step 3,Neurology; Internal Medicine; Pediatrics; Emergency Medicine,partially_source_supported
DPR-NEUR-0656,DIS-NEUR-041,PRS-NEUR-070,source_checked,needs_medical_review,common,typical,common,high,adult or pediatric context as indicated,consider pregnancy-specific differential and medication context,"emergency, inpatient, or outpatient according to onset and stability",Time course and localizing examination findings support this neurologic pathway.,Absence of localizing or systemic findings should redirect the differential without false reassurance.,true,Step 1; Step 2 CK; Step 3,Neurology; Internal Medicine; Pediatrics; Emergency Medicine,partially_source_supported
DPR-NEUR-0657,DIS-NEUR-042,PRS-NEUR-063,source_checked,needs_medical_review,classic,typical,common,high,adult or pediatric context as indicated,consider pregnancy-specific differential and medication context,"emergency, inpatient, or outpatient according to onset and stability",Time course and localizing examination findings support this neurologic pathway.,Absence of localizing or systemic findings should redirect the differential without false reassurance.,true,Step 1; Step 2 CK; Step 3,Neurology; Internal Medicine; Pediatrics; Emergency Medicine,partially_source_supported
DPR-NEUR-0658,DIS-NEUR-042,PRS-NEUR-RECURRENTSEIZURE,source_checked,needs_medical_review,common,typical,common,high,adult or pediatric context as indicated,consider pregnancy-specific differential and medication context,"emergency, inpatient, or outpatient according to onset and stability",Time course and localizing examination findings support this neurologic pathway.,Absence of localizing or systemic findings should redirect the differential without false reassurance.,true,Step 1; Step 2 CK; Step 3,Neurology; Internal Medicine; Pediatrics; Emergency Medicine,partially_source_supported
DPR-NEUR-0659,DIS-NEUR-042,PRS-NEUR-070,source_checked,needs_medical_review,common,typical,common,high,adult or pediatric context as indicated,consider pregnancy-specific differential and medication context,"emergency, inpatient, or outpatient according to onset and stability",Time course and localizing examination findings support this neurologic pathway.,Absence of localizing or systemic findings should redirect the differential without false reassurance.,true,Step 1; Step 2 CK; Step 3,Neurology; Internal Medicine; Pediatrics; Emergency Medicine,partially_source_supported
DPR-NEUR-0660,DIS-P-0113,PRS-NEUR-063,source_checked,needs_medical_review,classic,typical,common,high,adult or pediatric context as indicated,consider pregnancy-specific differential and medication context,"emergency, inpatient, or outpatient according to onset and stability",Time course and localizing examination findings support this neurologic pathway.,Absence of localizing or systemic findings should redirect the differential without false reassurance.,true,Step 1; Step 2 CK; Step 3,Neurology; Internal Medicine; Pediatrics; Emergency Medicine,partially_source_supported
DPR-NEUR-0661,DIS-P-0113,PRS-NEUR-RECURRENTSEIZURE,source_checked,needs_medical_review,common,typical,common,high,adult or pediatric context as indicated,consider pregnancy-specific differential and medication context,"emergency, inpatient, or outpatient according to onset and stability",Time course and localizing examination findings support this neurologic pathway.,Absence of localizing or systemic findings should redirect the differential without false reassurance.,true,Step 1; Step 2 CK; Step 3,Neurology; Internal Medicine; Pediatrics; Emergency Medicine,partially_source_supported
DPR-NEUR-0662,DIS-P-0113,PRS-NEUR-070,source_checked,needs_medical_review,common,typical,common,high,adult or pediatric context as indicated,consider pregnancy-specific differential and medication context,"emergency, inpatient, or outpatient according to onset and stability",Time course and localizing examination findings support this neurologic pathway.,Absence of localizing or systemic findings should redirect the differential without false reassurance.,true,Step 1; Step 2 CK; Step 3,Neurology; Internal Medicine; Pediatrics; Emergency Medicine,partially_source_supported
DPR-NEUR-0663,DIS-N-0062,PRS-NEUR-063,source_checked,needs_medical_review,classic,typical,common,high,adult or pediatric context as indicated,consider pregnancy-specific differential and medication context,"emergency, inpatient, or outpatient according to onset and stability",Time course and localizing examination findings support this neurologic pathway.,Absence of localizing or systemic findings should redirect the differential without false reassurance.,true,Step 1; Step 2 CK; Step 3,Neurology; Internal Medicine; Pediatrics; Emergency Medicine,partially_source_supported
DPR-NEUR-0664,DIS-N-0062,PRS-NEUR-RECURRENTSEIZURE,source_checked,needs_medical_review,common,typical,common,high,adult or pediatric context as indicated,consider pregnancy-specific differential and medication context,"emergency, inpatient, or outpatient according to onset and stability",Time course and localizing examination findings support this neurologic pathway.,Absence of localizing or systemic findings should redirect the differential without false reassurance.,true,Step 1; Step 2 CK; Step 3,Neurology; Internal Medicine; Pediatrics; Emergency Medicine,partially_source_supported
DPR-NEUR-0665,DIS-N-0062,PRS-NEUR-070,source_checked,needs_medical_review,common,typical,common,high,adult or pediatric context as indicated,consider pregnancy-specific differential and medication context,"emergency, inpatient, or outpatient according to onset and stability",Time course and localizing examination findings support this neurologic pathway.,Absence of localizing or systemic findings should redirect the differential without false reassurance.,true,Step 1; Step 2 CK; Step 3,Neurology; Internal Medicine; Pediatrics; Emergency Medicine,partially_source_supported
DPR-NEUR-0666,DIS-NEUR-045,PRS-NEUR-063,source_checked,needs_medical_review,classic,typical,common,high,adult or pediatric context as indicated,consider pregnancy-specific differential and medication context,"emergency, inpatient, or outpatient according to onset and stability",Time course and localizing examination findings support this neurologic pathway.,Absence of localizing or systemic findings should redirect the differential without false reassurance.,true,Step 1; Step 2 CK; Step 3,Neurology; Internal Medicine; Pediatrics; Emergency Medicine,partially_source_supported
DPR-NEUR-0667,DIS-NEUR-045,PRS-NEUR-RECURRENTSEIZURE,source_checked,needs_medical_review,common,typical,common,high,adult or pediatric context as indicated,consider pregnancy-specific differential and medication context,"emergency, inpatient, or outpatient according to onset and stability",Time course and localizing examination findings support this neurologic pathway.,Absence of localizing or systemic findings should redirect the differential without false reassurance.,true,Step 1; Step 2 CK; Step 3,Neurology; Internal Medicine; Pediatrics; Emergency Medicine,partially_source_supported
DPR-NEUR-0668,DIS-NEUR-045,PRS-NEUR-070,source_checked,needs_medical_review,common,typical,common,high,adult or pediatric context as indicated,consider pregnancy-specific differential and medication context,"emergency, inpatient, or outpatient according to onset and stability",Time course and localizing examination findings support this neurologic pathway.,Absence of localizing or systemic findings should redirect the differential without false reassurance.,true,Step 1; Step 2 CK; Step 3,Neurology; Internal Medicine; Pediatrics; Emergency Medicine,partially_source_supported
DPR-NEUR-0669,DIS-NEUR-046,PRS-NEUR-063,source_checked,needs_medical_review,classic,typical,common,high,adult or pediatric context as indicated,consider pregnancy-specific differential and medication context,"emergency, inpatient, or outpatient according to onset and stability",Time course and localizing examination findings support this neurologic pathway.,Absence of localizing or systemic findings should redirect the differential without false reassurance.,true,Step 1; Step 2 CK; Step 3,Neurology; Internal Medicine; Pediatrics; Emergency Medicine,partially_source_supported
DPR-NEUR-0670,DIS-NEUR-046,PRS-NEUR-RECURRENTSEIZURE,source_checked,needs_medical_review,common,typical,common,high,adult or pediatric context as indicated,consider pregnancy-specific differential and medication context,"emergency, inpatient, or outpatient according to onset and stability",Time course and localizing examination findings support this neurologic pathway.,Absence of localizing or systemic findings should redirect the differential without false reassurance.,true,Step 1; Step 2 CK; Step 3,Neurology; Internal Medicine; Pediatrics; Emergency Medicine,partially_source_supported
DPR-NEUR-0671,DIS-NEUR-046,PRS-NEUR-070,source_checked,needs_medical_review,common,typical,common,high,adult or pediatric context as indicated,consider pregnancy-specific differential and medication context,"emergency, inpatient, or outpatient according to onset and stability",Time course and localizing examination findings support this neurologic pathway.,Absence of localizing or systemic findings should redirect the differential without false reassurance.,true,Step 1; Step 2 CK; Step 3,Neurology; Internal Medicine; Pediatrics; Emergency Medicine,partially_source_supported
DPR-NEUR-0672,DIS-NEUR-047,PRS-NEUR-063,source_checked,needs_medical_review,classic,typical,common,high,adult or pediatric context as indicated,consider pregnancy-specific differential and medication context,"emergency, inpatient, or outpatient according to onset and stability",Time course and localizing examination findings support this neurologic pathway.,Absence of localizing or systemic findings should redirect the differential without false reassurance.,true,Step 1; Step 2 CK; Step 3,Neurology; Internal Medicine; Pediatrics; Emergency Medicine,partially_source_supported
DPR-NEUR-0673,DIS-NEUR-047,PRS-NEUR-RECURRENTSEIZURE,source_checked,needs_medical_review,common,typical,common,high,adult or pediatric context as indicated,consider pregnancy-specific differential and medication context,"emergency, inpatient, or outpatient according to onset and stability",Time course and localizing examination findings support this neurologic pathway.,Absence of localizing or systemic findings should redirect the differential without false reassurance.,true,Step 1; Step 2 CK; Step 3,Neurology; Internal Medicine; Pediatrics; Emergency Medicine,partially_source_supported
DPR-NEUR-0674,DIS-NEUR-047,PRS-NEUR-070,source_checked,needs_medical_review,common,typical,common,high,adult or pediatric context as indicated,consider pregnancy-specific differential and medication context,"emergency, inpatient, or outpatient according to onset and stability",Time course and localizing examination findings support this neurologic pathway.,Absence of localizing or systemic findings should redirect the differential without false reassurance.,true,Step 1; Step 2 CK; Step 3,Neurology; Internal Medicine; Pediatrics; Emergency Medicine,partially_source_supported
DPR-NEUR-0675,DIS-NEUR-048,PRS-NEUR-063,source_checked,needs_medical_review,classic,typical,common,high,adult or pediatric context as indicated,consider pregnancy-specific differential and medication context,"emergency, inpatient, or outpatient according to onset and stability",Time course and localizing examination findings support this neurologic pathway.,Absence of localizing or systemic findings should redirect the differential without false reassurance.,true,Step 1; Step 2 CK; Step 3,Neurology; Internal Medicine; Pediatrics; Emergency Medicine,partially_source_supported
DPR-NEUR-0676,DIS-NEUR-048,PRS-NEUR-RECURRENTSEIZURE,source_checked,needs_medical_review,common,typical,common,high,adult or pediatric context as indicated,consider pregnancy-specific differential and medication context,"emergency, inpatient, or outpatient according to onset and stability",Time course and localizing examination findings support this neurologic pathway.,Absence of localizing or systemic findings should redirect the differential without false reassurance.,true,Step 1; Step 2 CK; Step 3,Neurology; Internal Medicine; Pediatrics; Emergency Medicine,partially_source_supported
DPR-NEUR-0677,DIS-NEUR-048,PRS-NEUR-070,source_checked,needs_medical_review,common,typical,common,high,adult or pediatric context as indicated,consider pregnancy-specific differential and medication context,"emergency, inpatient, or outpatient according to onset and stability",Time course and localizing examination findings support this neurologic pathway.,Absence of localizing or systemic findings should redirect the differential without false reassurance.,true,Step 1; Step 2 CK; Step 3,Neurology; Internal Medicine; Pediatrics; Emergency Medicine,partially_source_supported
DPR-NEUR-0678,DIS-NEUR-049,PRS-NEUR-063,source_checked,needs_medical_review,classic,typical,common,high,adult or pediatric context as indicated,consider pregnancy-specific differential and medication context,"emergency, inpatient, or outpatient according to onset and stability",Time course and localizing examination findings support this neurologic pathway.,Absence of localizing or systemic findings should redirect the differential without false reassurance.,true,Step 1; Step 2 CK; Step 3,Neurology; Internal Medicine; Pediatrics; Emergency Medicine,partially_source_supported
DPR-NEUR-0679,DIS-NEUR-049,PRS-NEUR-RECURRENTSEIZURE,source_checked,needs_medical_review,common,typical,common,high,adult or pediatric context as indicated,consider pregnancy-specific differential and medication context,"emergency, inpatient, or outpatient according to onset and stability",Time course and localizing examination findings support this neurologic pathway.,Absence of localizing or systemic findings should redirect the differential without false reassurance.,true,Step 1; Step 2 CK; Step 3,Neurology; Internal Medicine; Pediatrics; Emergency Medicine,partially_source_supported
DPR-NEUR-0680,DIS-NEUR-049,PRS-NEUR-070,source_checked,needs_medical_review,common,typical,common,high,adult or pediatric context as indicated,consider pregnancy-specific differential and medication context,"emergency, inpatient, or outpatient according to onset and stability",Time course and localizing examination findings support this neurologic pathway.,Absence of localizing or systemic findings should redirect the differential without false reassurance.,true,Step 1; Step 2 CK; Step 3,Neurology; Internal Medicine; Pediatrics; Emergency Medicine,partially_source_supported
DPR-NEUR-0681,DIS-NEUR-050,PRS-NEUR-067,source_checked,needs_medical_review,classic,typical,common,high,adult or pediatric context as indicated,consider pregnancy-specific differential and medication context,"emergency, inpatient, or outpatient according to onset and stability",Time course and localizing examination findings support this neurologic pathway.,Absence of localizing or systemic findings should redirect the differential without false reassurance.,true,Step 1; Step 2 CK; Step 3,Neurology; Internal Medicine; Pediatrics; Emergency Medicine,partially_source_supported
DPR-NEUR-0682,DIS-NEUR-050,PRS-NEUR-DELIRIUM,source_checked,needs_medical_review,common,typical,common,high,adult or pediatric context as indicated,consider pregnancy-specific differential and medication context,"emergency, inpatient, or outpatient according to onset and stability",Time course and localizing examination findings support this neurologic pathway.,Absence of localizing or systemic findings should redirect the differential without false reassurance.,true,Step 1; Step 2 CK; Step 3,Neurology; Internal Medicine; Pediatrics; Emergency Medicine,partially_source_supported
DPR-NEUR-0683,DIS-NEUR-050,PRS-NEUR-056,source_checked,needs_medical_review,common,typical,common,high,adult or pediatric context as indicated,consider pregnancy-specific differential and medication context,"emergency, inpatient, or outpatient according to onset and stability",Time course and localizing examination findings support this neurologic pathway.,Absence of localizing or systemic findings should redirect the differential without false reassurance.,true,Step 1; Step 2 CK; Step 3,Neurology; Internal Medicine; Pediatrics; Emergency Medicine,partially_source_supported
DPR-NEUR-0684,DIS-NEUR-051,PRS-NEUR-067,source_checked,needs_medical_review,classic,typical,common,high,adult or pediatric context as indicated,consider pregnancy-specific differential and medication context,"emergency, inpatient, or outpatient according to onset and stability",Time course and localizing examination findings support this neurologic pathway.,Absence of localizing or systemic findings should redirect the differential without false reassurance.,true,Step 1; Step 2 CK; Step 3,Neurology; Internal Medicine; Pediatrics; Emergency Medicine,partially_source_supported
DPR-NEUR-0685,DIS-NEUR-051,PRS-NEUR-DELIRIUM,source_checked,needs_medical_review,common,typical,common,high,adult or pediatric context as indicated,consider pregnancy-specific differential and medication context,"emergency, inpatient, or outpatient according to onset and stability",Time course and localizing examination findings support this neurologic pathway.,Absence of localizing or systemic findings should redirect the differential without false reassurance.,true,Step 1; Step 2 CK; Step 3,Neurology; Internal Medicine; Pediatrics; Emergency Medicine,partially_source_supported
DPR-NEUR-0686,DIS-NEUR-051,PRS-NEUR-056,source_checked,needs_medical_review,common,typical,common,high,adult or pediatric context as indicated,consider pregnancy-specific differential and medication context,"emergency, inpatient, or outpatient according to onset and stability",Time course and localizing examination findings support this neurologic pathway.,Absence of localizing or systemic findings should redirect the differential without false reassurance.,true,Step 1; Step 2 CK; Step 3,Neurology; Internal Medicine; Pediatrics; Emergency Medicine,partially_source_supported
DPR-NEUR-0687,DIS-NEUR-052,PRS-NEUR-067,source_checked,needs_medical_review,classic,typical,common,high,adult or pediatric context as indicated,consider pregnancy-specific differential and medication context,"emergency, inpatient, or outpatient according to onset and stability",Time course and localizing examination findings support this neurologic pathway.,Absence of localizing or systemic findings should redirect the differential without false reassurance.,true,Step 1; Step 2 CK; Step 3,Neurology; Internal Medicine; Pediatrics; Emergency Medicine,partially_source_supported
DPR-NEUR-0688,DIS-NEUR-052,PRS-NEUR-DELIRIUM,source_checked,needs_medical_review,common,typical,common,high,adult or pediatric context as indicated,consider pregnancy-specific differential and medication context,"emergency, inpatient, or outpatient according to onset and stability",Time course and localizing examination findings support this neurologic pathway.,Absence of localizing or systemic findings should redirect the differential without false reassurance.,true,Step 1; Step 2 CK; Step 3,Neurology; Internal Medicine; Pediatrics; Emergency Medicine,partially_source_supported
DPR-NEUR-0689,DIS-NEUR-052,PRS-NEUR-056,source_checked,needs_medical_review,common,typical,common,high,adult or pediatric context as indicated,consider pregnancy-specific differential and medication context,"emergency, inpatient, or outpatient according to onset and stability",Time course and localizing examination findings support this neurologic pathway.,Absence of localizing or systemic findings should redirect the differential without false reassurance.,true,Step 1; Step 2 CK; Step 3,Neurology; Internal Medicine; Pediatrics; Emergency Medicine,partially_source_supported
DPR-NEUR-0690,DIS-NEUR-053,PRS-007,source_checked,needs_medical_review,classic,typical,common,variable,adult or pediatric context as indicated,consider pregnancy-specific differential and medication context,"emergency, inpatient, or outpatient according to onset and stability",Time course and localizing examination findings support this neurologic pathway.,Absence of localizing or systemic findings should redirect the differential without false reassurance.,false,Step 1; Step 2 CK; Step 3,Neurology; Internal Medicine; Pediatrics; Emergency Medicine,partially_source_supported
DPR-NEUR-0691,DIS-NEUR-053,PRS-NEUR-071,source_checked,needs_medical_review,common,typical,common,variable,adult or pediatric context as indicated,consider pregnancy-specific differential and medication context,"emergency, inpatient, or outpatient according to onset and stability",Time course and localizing examination findings support this neurologic pathway.,Absence of localizing or systemic findings should redirect the differential without false reassurance.,false,Step 1; Step 2 CK; Step 3,Neurology; Internal Medicine; Pediatrics; Emergency Medicine,partially_source_supported
DPR-NEUR-0692,DIS-NEUR-053,PRS-NEUR-PROGRESSIVEHEADACHE,source_checked,needs_medical_review,common,typical,common,variable,adult or pediatric context as indicated,consider pregnancy-specific differential and medication context,"emergency, inpatient, or outpatient according to onset and stability",Time course and localizing examination findings support this neurologic pathway.,Absence of localizing or systemic findings should redirect the differential without false reassurance.,false,Step 1; Step 2 CK; Step 3,Neurology; Internal Medicine; Pediatrics; Emergency Medicine,partially_source_supported
DPR-NEUR-0693,DIS-NEUR-054,PRS-007,source_checked,needs_medical_review,classic,typical,common,variable,adult or pediatric context as indicated,consider pregnancy-specific differential and medication context,"emergency, inpatient, or outpatient according to onset and stability",Time course and localizing examination findings support this neurologic pathway.,Absence of localizing or systemic findings should redirect the differential without false reassurance.,false,Step 1; Step 2 CK; Step 3,Neurology; Internal Medicine; Pediatrics; Emergency Medicine,partially_source_supported
DPR-NEUR-0694,DIS-NEUR-054,PRS-NEUR-071,source_checked,needs_medical_review,common,typical,common,variable,adult or pediatric context as indicated,consider pregnancy-specific differential and medication context,"emergency, inpatient, or outpatient according to onset and stability",Time course and localizing examination findings support this neurologic pathway.,Absence of localizing or systemic findings should redirect the differential without false reassurance.,false,Step 1; Step 2 CK; Step 3,Neurology; Internal Medicine; Pediatrics; Emergency Medicine,partially_source_supported
DPR-NEUR-0695,DIS-NEUR-054,PRS-NEUR-PROGRESSIVEHEADACHE,source_checked,needs_medical_review,common,typical,common,variable,adult or pediatric context as indicated,consider pregnancy-specific differential and medication context,"emergency, inpatient, or outpatient according to onset and stability",Time course and localizing examination findings support this neurologic pathway.,Absence of localizing or systemic findings should redirect the differential without false reassurance.,false,Step 1; Step 2 CK; Step 3,Neurology; Internal Medicine; Pediatrics; Emergency Medicine,partially_source_supported
DPR-NEUR-0696,DIS-NEUR-055,PRS-007,source_checked,needs_medical_review,classic,typical,common,variable,adult or pediatric context as indicated,consider pregnancy-specific differential and medication context,"emergency, inpatient, or outpatient according to onset and stability",Time course and localizing examination findings support this neurologic pathway.,Absence of localizing or systemic findings should redirect the differential without false reassurance.,false,Step 1; Step 2 CK; Step 3,Neurology; Internal Medicine; Pediatrics; Emergency Medicine,partially_source_supported
DPR-NEUR-0697,DIS-NEUR-055,PRS-NEUR-071,source_checked,needs_medical_review,common,typical,common,variable,adult or pediatric context as indicated,consider pregnancy-specific differential and medication context,"emergency, inpatient, or outpatient according to onset and stability",Time course and localizing examination findings support this neurologic pathway.,Absence of localizing or systemic findings should redirect the differential without false reassurance.,false,Step 1; Step 2 CK; Step 3,Neurology; Internal Medicine; Pediatrics; Emergency Medicine,partially_source_supported
DPR-NEUR-0698,DIS-NEUR-055,PRS-NEUR-PROGRESSIVEHEADACHE,source_checked,needs_medical_review,common,typical,common,variable,adult or pediatric context as indicated,consider pregnancy-specific differential and medication context,"emergency, inpatient, or outpatient according to onset and stability",Time course and localizing examination findings support this neurologic pathway.,Absence of localizing or systemic findings should redirect the differential without false reassurance.,false,Step 1; Step 2 CK; Step 3,Neurology; Internal Medicine; Pediatrics; Emergency Medicine,partially_source_supported
DPR-NEUR-0699,DIS-NEUR-056,PRS-007,source_checked,needs_medical_review,classic,typical,common,variable,adult or pediatric context as indicated,consider pregnancy-specific differential and medication context,"emergency, inpatient, or outpatient according to onset and stability",Time course and localizing examination findings support this neurologic pathway.,Absence of localizing or systemic findings should redirect the differential without false reassurance.,false,Step 1; Step 2 CK; Step 3,Neurology; Internal Medicine; Pediatrics; Emergency Medicine,partially_source_supported
DPR-NEUR-0700,DIS-NEUR-056,PRS-NEUR-071,source_checked,needs_medical_review,common,typical,common,variable,adult or pediatric context as indicated,consider pregnancy-specific differential and medication context,"emergency, inpatient, or outpatient according to onset and stability",Time course and localizing examination findings support this neurologic pathway.,Absence of localizing or systemic findings should redirect the differential without false reassurance.,false,Step 1; Step 2 CK; Step 3,Neurology; Internal Medicine; Pediatrics; Emergency Medicine,partially_source_supported
DPR-NEUR-0701,DIS-NEUR-056,PRS-NEUR-PROGRESSIVEHEADACHE,source_checked,needs_medical_review,common,typical,common,variable,adult or pediatric context as indicated,consider pregnancy-specific differential and medication context,"emergency, inpatient, or outpatient according to onset and stability",Time course and localizing examination findings support this neurologic pathway.,Absence of localizing or systemic findings should redirect the differential without false reassurance.,false,Step 1; Step 2 CK; Step 3,Neurology; Internal Medicine; Pediatrics; Emergency Medicine,partially_source_supported
DPR-NEUR-0702,DIS-NEUR-057,PRS-007,source_checked,needs_medical_review,classic,typical,common,variable,adult or pediatric context as indicated,consider pregnancy-specific differential and medication context,"emergency, inpatient, or outpatient according to onset and stability",Time course and localizing examination findings support this neurologic pathway.,Absence of localizing or systemic findings should redirect the differential without false reassurance.,false,Step 1; Step 2 CK; Step 3,Neurology; Internal Medicine; Pediatrics; Emergency Medicine,partially_source_supported
DPR-NEUR-0703,DIS-NEUR-057,PRS-NEUR-071,source_checked,needs_medical_review,common,typical,common,variable,adult or pediatric context as indicated,consider pregnancy-specific differential and medication context,"emergency, inpatient, or outpatient according to onset and stability",Time course and localizing examination findings support this neurologic pathway.,Absence of localizing or systemic findings should redirect the differential without false reassurance.,false,Step 1; Step 2 CK; Step 3,Neurology; Internal Medicine; Pediatrics; Emergency Medicine,partially_source_supported
DPR-NEUR-0704,DIS-NEUR-057,PRS-NEUR-PROGRESSIVEHEADACHE,source_checked,needs_medical_review,common,typical,common,variable,adult or pediatric context as indicated,consider pregnancy-specific differential and medication context,"emergency, inpatient, or outpatient according to onset and stability",Time course and localizing examination findings support this neurologic pathway.,Absence of localizing or systemic findings should redirect the differential without false reassurance.,false,Step 1; Step 2 CK; Step 3,Neurology; Internal Medicine; Pediatrics; Emergency Medicine,partially_source_supported
DPR-NEUR-0705,DIS-NEUR-058,PRS-NEUR-067,source_checked,needs_medical_review,classic,typical,common,variable,adult or pediatric context as indicated,consider pregnancy-specific differential and medication context,"emergency, inpatient, or outpatient according to onset and stability",Time course and localizing examination findings support this neurologic pathway.,Absence of localizing or systemic findings should redirect the differential without false reassurance.,false,Step 1; Step 2 CK; Step 3,Neurology; Internal Medicine; Pediatrics; Emergency Medicine,partially_source_supported
DPR-NEUR-0706,DIS-NEUR-058,PRS-NEUR-DELIRIUM,source_checked,needs_medical_review,common,typical,common,variable,adult or pediatric context as indicated,consider pregnancy-specific differential and medication context,"emergency, inpatient, or outpatient according to onset and stability",Time course and localizing examination findings support this neurologic pathway.,Absence of localizing or systemic findings should redirect the differential without false reassurance.,false,Step 1; Step 2 CK; Step 3,Neurology; Internal Medicine; Pediatrics; Emergency Medicine,partially_source_supported
DPR-NEUR-0707,DIS-NEUR-058,PRS-NEUR-056,source_checked,needs_medical_review,common,typical,common,variable,adult or pediatric context as indicated,consider pregnancy-specific differential and medication context,"emergency, inpatient, or outpatient according to onset and stability",Time course and localizing examination findings support this neurologic pathway.,Absence of localizing or systemic findings should redirect the differential without false reassurance.,false,Step 1; Step 2 CK; Step 3,Neurology; Internal Medicine; Pediatrics; Emergency Medicine,partially_source_supported
DPR-NEUR-0708,DIS-NEUR-059,PRS-007,source_checked,needs_medical_review,classic,typical,common,variable,adult or pediatric context as indicated,consider pregnancy-specific differential and medication context,"emergency, inpatient, or outpatient according to onset and stability",Time course and localizing examination findings support this neurologic pathway.,Absence of localizing or systemic findings should redirect the differential without false reassurance.,false,Step 1; Step 2 CK; Step 3,Neurology; Internal Medicine; Pediatrics; Emergency Medicine,partially_source_supported
DPR-NEUR-0709,DIS-NEUR-059,PRS-NEUR-071,source_checked,needs_medical_review,common,typical,common,variable,adult or pediatric context as indicated,consider pregnancy-specific differential and medication context,"emergency, inpatient, or outpatient according to onset and stability",Time course and localizing examination findings support this neurologic pathway.,Absence of localizing or systemic findings should redirect the differential without false reassurance.,false,Step 1; Step 2 CK; Step 3,Neurology; Internal Medicine; Pediatrics; Emergency Medicine,partially_source_supported
DPR-NEUR-0710,DIS-NEUR-059,PRS-NEUR-PROGRESSIVEHEADACHE,source_checked,needs_medical_review,common,typical,common,variable,adult or pediatric context as indicated,consider pregnancy-specific differential and medication context,"emergency, inpatient, or outpatient according to onset and stability",Time course and localizing examination findings support this neurologic pathway.,Absence of localizing or systemic findings should redirect the differential without false reassurance.,false,Step 1; Step 2 CK; Step 3,Neurology; Internal Medicine; Pediatrics; Emergency Medicine,partially_source_supported
DPR-NEUR-0711,DIS-NEUR-061,PRS-007,source_checked,needs_medical_review,classic,typical,common,variable,adult or pediatric context as indicated,consider pregnancy-specific differential and medication context,"emergency, inpatient, or outpatient according to onset and stability",Time course and localizing examination findings support this neurologic pathway.,Absence of localizing or systemic findings should redirect the differential without false reassurance.,false,Step 1; Step 2 CK; Step 3,Neurology; Internal Medicine; Pediatrics; Emergency Medicine,partially_source_supported
DPR-NEUR-0712,DIS-NEUR-061,PRS-NEUR-071,source_checked,needs_medical_review,common,typical,common,variable,adult or pediatric context as indicated,consider pregnancy-specific differential and medication context,"emergency, inpatient, or outpatient according to onset and stability",Time course and localizing examination findings support this neurologic pathway.,Absence of localizing or systemic findings should redirect the differential without false reassurance.,false,Step 1; Step 2 CK; Step 3,Neurology; Internal Medicine; Pediatrics; Emergency Medicine,partially_source_supported
DPR-NEUR-0713,DIS-NEUR-061,PRS-NEUR-PROGRESSIVEHEADACHE,source_checked,needs_medical_review,common,typical,common,variable,adult or pediatric context as indicated,consider pregnancy-specific differential and medication context,"emergency, inpatient, or outpatient according to onset and stability",Time course and localizing examination findings support this neurologic pathway.,Absence of localizing or systemic findings should redirect the differential without false reassurance.,false,Step 1; Step 2 CK; Step 3,Neurology; Internal Medicine; Pediatrics; Emergency Medicine,partially_source_supported
DPR-NEUR-0714,DIS-NEUR-062,PRS-006,source_checked,needs_medical_review,classic,typical,common,high,adult or pediatric context as indicated,consider pregnancy-specific differential and medication context,"emergency, inpatient, or outpatient according to onset and stability",Time course and localizing examination findings support this neurologic pathway.,Absence of localizing or systemic findings should redirect the differential without false reassurance.,true,Step 1; Step 2 CK; Step 3,Neurology; Internal Medicine; Pediatrics; Emergency Medicine,partially_source_supported
DPR-NEUR-0715,DIS-NEUR-062,PRS-007,source_checked,needs_medical_review,common,typical,common,high,adult or pediatric context as indicated,consider pregnancy-specific differential and medication context,"emergency, inpatient, or outpatient according to onset and stability",Time course and localizing examination findings support this neurologic pathway.,Absence of localizing or systemic findings should redirect the differential without false reassurance.,true,Step 1; Step 2 CK; Step 3,Neurology; Internal Medicine; Pediatrics; Emergency Medicine,partially_source_supported
DPR-NEUR-0716,DIS-NEUR-062,PRS-NEUR-063,source_checked,needs_medical_review,common,typical,common,high,adult or pediatric context as indicated,consider pregnancy-specific differential and medication context,"emergency, inpatient, or outpatient according to onset and stability",Time course and localizing examination findings support this neurologic pathway.,Absence of localizing or systemic findings should redirect the differential without false reassurance.,true,Step 1; Step 2 CK; Step 3,Neurology; Internal Medicine; Pediatrics; Emergency Medicine,partially_source_supported
DPR-NEUR-0717,DIS-NEUR-063,PRS-006,source_checked,needs_medical_review,classic,typical,common,high,adult or pediatric context as indicated,consider pregnancy-specific differential and medication context,"emergency, inpatient, or outpatient according to onset and stability",Time course and localizing examination findings support this neurologic pathway.,Absence of localizing or systemic findings should redirect the differential without false reassurance.,true,Step 1; Step 2 CK; Step 3,Neurology; Internal Medicine; Pediatrics; Emergency Medicine,partially_source_supported
DPR-NEUR-0718,DIS-NEUR-063,PRS-007,source_checked,needs_medical_review,common,typical,common,high,adult or pediatric context as indicated,consider pregnancy-specific differential and medication context,"emergency, inpatient, or outpatient according to onset and stability",Time course and localizing examination findings support this neurologic pathway.,Absence of localizing or systemic findings should redirect the differential without false reassurance.,true,Step 1; Step 2 CK; Step 3,Neurology; Internal Medicine; Pediatrics; Emergency Medicine,partially_source_supported
DPR-NEUR-0719,DIS-NEUR-063,PRS-NEUR-063,source_checked,needs_medical_review,common,typical,common,high,adult or pediatric context as indicated,consider pregnancy-specific differential and medication context,"emergency, inpatient, or outpatient according to onset and stability",Time course and localizing examination findings support this neurologic pathway.,Absence of localizing or systemic findings should redirect the differential without false reassurance.,true,Step 1; Step 2 CK; Step 3,Neurology; Internal Medicine; Pediatrics; Emergency Medicine,partially_source_supported
DPR-NEUR-0720,DIS-NEUR-064,PRS-006,source_checked,needs_medical_review,classic,typical,common,high,adult or pediatric context as indicated,consider pregnancy-specific differential and medication context,"emergency, inpatient, or outpatient according to onset and stability",Time course and localizing examination findings support this neurologic pathway.,Absence of localizing or systemic findings should redirect the differential without false reassurance.,true,Step 1; Step 2 CK; Step 3,Neurology; Internal Medicine; Pediatrics; Emergency Medicine,partially_source_supported
DPR-NEUR-0721,DIS-NEUR-064,PRS-007,source_checked,needs_medical_review,common,typical,common,high,adult or pediatric context as indicated,consider pregnancy-specific differential and medication context,"emergency, inpatient, or outpatient according to onset and stability",Time course and localizing examination findings support this neurologic pathway.,Absence of localizing or systemic findings should redirect the differential without false reassurance.,true,Step 1; Step 2 CK; Step 3,Neurology; Internal Medicine; Pediatrics; Emergency Medicine,partially_source_supported
DPR-NEUR-0722,DIS-NEUR-064,PRS-NEUR-063,source_checked,needs_medical_review,common,typical,common,high,adult or pediatric context as indicated,consider pregnancy-specific differential and medication context,"emergency, inpatient, or outpatient according to onset and stability",Time course and localizing examination findings support this neurologic pathway.,Absence of localizing or systemic findings should redirect the differential without false reassurance.,true,Step 1; Step 2 CK; Step 3,Neurology; Internal Medicine; Pediatrics; Emergency Medicine,partially_source_supported
DPR-NEUR-0723,DIS-NEUR-065,PRS-006,source_checked,needs_medical_review,classic,typical,common,high,adult or pediatric context as indicated,consider pregnancy-specific differential and medication context,"emergency, inpatient, or outpatient according to onset and stability",Time course and localizing examination findings support this neurologic pathway.,Absence of localizing or systemic findings should redirect the differential without false reassurance.,true,Step 1; Step 2 CK; Step 3,Neurology; Internal Medicine; Pediatrics; Emergency Medicine,partially_source_supported
DPR-NEUR-0724,DIS-NEUR-065,PRS-007,source_checked,needs_medical_review,common,typical,common,high,adult or pediatric context as indicated,consider pregnancy-specific differential and medication context,"emergency, inpatient, or outpatient according to onset and stability",Time course and localizing examination findings support this neurologic pathway.,Absence of localizing or systemic findings should redirect the differential without false reassurance.,true,Step 1; Step 2 CK; Step 3,Neurology; Internal Medicine; Pediatrics; Emergency Medicine,partially_source_supported
DPR-NEUR-0725,DIS-NEUR-065,PRS-NEUR-063,source_checked,needs_medical_review,common,typical,common,high,adult or pediatric context as indicated,consider pregnancy-specific differential and medication context,"emergency, inpatient, or outpatient according to onset and stability",Time course and localizing examination findings support this neurologic pathway.,Absence of localizing or systemic findings should redirect the differential without false reassurance.,true,Step 1; Step 2 CK; Step 3,Neurology; Internal Medicine; Pediatrics; Emergency Medicine,partially_source_supported
DPR-NEUR-0726,DIS-N-0064,PRS-006,source_checked,needs_medical_review,classic,typical,common,high,adult or pediatric context as indicated,consider pregnancy-specific differential and medication context,"emergency, inpatient, or outpatient according to onset and stability",Time course and localizing examination findings support this neurologic pathway.,Absence of localizing or systemic findings should redirect the differential without false reassurance.,true,Step 1; Step 2 CK; Step 3,Neurology; Internal Medicine; Pediatrics; Emergency Medicine,partially_source_supported
DPR-NEUR-0727,DIS-N-0064,PRS-007,source_checked,needs_medical_review,common,typical,common,high,adult or pediatric context as indicated,consider pregnancy-specific differential and medication context,"emergency, inpatient, or outpatient according to onset and stability",Time course and localizing examination findings support this neurologic pathway.,Absence of localizing or systemic findings should redirect the differential without false reassurance.,true,Step 1; Step 2 CK; Step 3,Neurology; Internal Medicine; Pediatrics; Emergency Medicine,partially_source_supported
DPR-NEUR-0728,DIS-N-0064,PRS-NEUR-063,source_checked,needs_medical_review,common,typical,common,high,adult or pediatric context as indicated,consider pregnancy-specific differential and medication context,"emergency, inpatient, or outpatient according to onset and stability",Time course and localizing examination findings support this neurologic pathway.,Absence of localizing or systemic findings should redirect the differential without false reassurance.,true,Step 1; Step 2 CK; Step 3,Neurology; Internal Medicine; Pediatrics; Emergency Medicine,partially_source_supported
DPR-NEUR-0729,DIS-NEUR-067,PRS-006,source_checked,needs_medical_review,classic,typical,common,high,adult or pediatric context as indicated,consider pregnancy-specific differential and medication context,"emergency, inpatient, or outpatient according to onset and stability",Time course and localizing examination findings support this neurologic pathway.,Absence of localizing or systemic findings should redirect the differential without false reassurance.,true,Step 1; Step 2 CK; Step 3,Neurology; Internal Medicine; Pediatrics; Emergency Medicine,partially_source_supported
DPR-NEUR-0730,DIS-NEUR-067,PRS-007,source_checked,needs_medical_review,common,typical,common,high,adult or pediatric context as indicated,consider pregnancy-specific differential and medication context,"emergency, inpatient, or outpatient according to onset and stability",Time course and localizing examination findings support this neurologic pathway.,Absence of localizing or systemic findings should redirect the differential without false reassurance.,true,Step 1; Step 2 CK; Step 3,Neurology; Internal Medicine; Pediatrics; Emergency Medicine,partially_source_supported
DPR-NEUR-0731,DIS-NEUR-067,PRS-NEUR-063,source_checked,needs_medical_review,common,typical,common,high,adult or pediatric context as indicated,consider pregnancy-specific differential and medication context,"emergency, inpatient, or outpatient according to onset and stability",Time course and localizing examination findings support this neurologic pathway.,Absence of localizing or systemic findings should redirect the differential without false reassurance.,true,Step 1; Step 2 CK; Step 3,Neurology; Internal Medicine; Pediatrics; Emergency Medicine,partially_source_supported
DPR-NEUR-0732,DIS-NEUR-068,PRS-006,source_checked,needs_medical_review,classic,typical,common,high,adult or pediatric context as indicated,consider pregnancy-specific differential and medication context,"emergency, inpatient, or outpatient according to onset and stability",Time course and localizing examination findings support this neurologic pathway.,Absence of localizing or systemic findings should redirect the differential without false reassurance.,true,Step 1; Step 2 CK; Step 3,Neurology; Internal Medicine; Pediatrics; Emergency Medicine,partially_source_supported
DPR-NEUR-0733,DIS-NEUR-068,PRS-007,source_checked,needs_medical_review,common,typical,common,high,adult or pediatric context as indicated,consider pregnancy-specific differential and medication context,"emergency, inpatient, or outpatient according to onset and stability",Time course and localizing examination findings support this neurologic pathway.,Absence of localizing or systemic findings should redirect the differential without false reassurance.,true,Step 1; Step 2 CK; Step 3,Neurology; Internal Medicine; Pediatrics; Emergency Medicine,partially_source_supported
DPR-NEUR-0734,DIS-NEUR-068,PRS-NEUR-063,source_checked,needs_medical_review,common,typical,common,high,adult or pediatric context as indicated,consider pregnancy-specific differential and medication context,"emergency, inpatient, or outpatient according to onset and stability",Time course and localizing examination findings support this neurologic pathway.,Absence of localizing or systemic findings should redirect the differential without false reassurance.,true,Step 1; Step 2 CK; Step 3,Neurology; Internal Medicine; Pediatrics; Emergency Medicine,partially_source_supported
DPR-NEUR-0735,DIS-NEUR-070,PRS-006,source_checked,needs_medical_review,classic,typical,common,high,adult or pediatric context as indicated,consider pregnancy-specific differential and medication context,"emergency, inpatient, or outpatient according to onset and stability",Time course and localizing examination findings support this neurologic pathway.,Absence of localizing or systemic findings should redirect the differential without false reassurance.,true,Step 1; Step 2 CK; Step 3,Neurology; Internal Medicine; Pediatrics; Emergency Medicine,partially_source_supported
DPR-NEUR-0736,DIS-NEUR-070,PRS-007,source_checked,needs_medical_review,common,typical,common,high,adult or pediatric context as indicated,consider pregnancy-specific differential and medication context,"emergency, inpatient, or outpatient according to onset and stability",Time course and localizing examination findings support this neurologic pathway.,Absence of localizing or systemic findings should redirect the differential without false reassurance.,true,Step 1; Step 2 CK; Step 3,Neurology; Internal Medicine; Pediatrics; Emergency Medicine,partially_source_supported
DPR-NEUR-0737,DIS-NEUR-070,PRS-NEUR-063,source_checked,needs_medical_review,common,typical,common,high,adult or pediatric context as indicated,consider pregnancy-specific differential and medication context,"emergency, inpatient, or outpatient according to onset and stability",Time course and localizing examination findings support this neurologic pathway.,Absence of localizing or systemic findings should redirect the differential without false reassurance.,true,Step 1; Step 2 CK; Step 3,Neurology; Internal Medicine; Pediatrics; Emergency Medicine,partially_source_supported
DPR-NEUR-0738,DIS-NEUR-071,PRS-006,source_checked,needs_medical_review,classic,typical,common,high,adult or pediatric context as indicated,consider pregnancy-specific differential and medication context,"emergency, inpatient, or outpatient according to onset and stability",Time course and localizing examination findings support this neurologic pathway.,Absence of localizing or systemic findings should redirect the differential without false reassurance.,true,Step 1; Step 2 CK; Step 3,Neurology; Internal Medicine; Pediatrics; Emergency Medicine,partially_source_supported
DPR-NEUR-0739,DIS-NEUR-071,PRS-007,source_checked,needs_medical_review,common,typical,common,high,adult or pediatric context as indicated,consider pregnancy-specific differential and medication context,"emergency, inpatient, or outpatient according to onset and stability",Time course and localizing examination findings support this neurologic pathway.,Absence of localizing or systemic findings should redirect the differential without false reassurance.,true,Step 1; Step 2 CK; Step 3,Neurology; Internal Medicine; Pediatrics; Emergency Medicine,partially_source_supported
DPR-NEUR-0740,DIS-NEUR-071,PRS-NEUR-063,source_checked,needs_medical_review,common,typical,common,high,adult or pediatric context as indicated,consider pregnancy-specific differential and medication context,"emergency, inpatient, or outpatient according to onset and stability",Time course and localizing examination findings support this neurologic pathway.,Absence of localizing or systemic findings should redirect the differential without false reassurance.,true,Step 1; Step 2 CK; Step 3,Neurology; Internal Medicine; Pediatrics; Emergency Medicine,partially_source_supported
DPR-NEUR-0741,DIS-N-0065,PRS-NEUR-074,source_checked,needs_medical_review,classic,typical,common,variable,adult or pediatric context as indicated,consider pregnancy-specific differential and medication context,"emergency, inpatient, or outpatient according to onset and stability",Time course and localizing examination findings support this neurologic pathway.,Absence of localizing or systemic findings should redirect the differential without false reassurance.,false,Step 1; Step 2 CK; Step 3,Neurology; Internal Medicine; Pediatrics; Emergency Medicine,partially_source_supported
DPR-NEUR-0742,DIS-N-0065,PRS-NEUR-SENSORYLEVEL,source_checked,needs_medical_review,common,typical,common,variable,adult or pediatric context as indicated,consider pregnancy-specific differential and medication context,"emergency, inpatient, or outpatient according to onset and stability",Time course and localizing examination findings support this neurologic pathway.,Absence of localizing or systemic findings should redirect the differential without false reassurance.,false,Step 1; Step 2 CK; Step 3,Neurology; Internal Medicine; Pediatrics; Emergency Medicine,partially_source_supported
DPR-NEUR-0743,DIS-N-0065,PRS-021,source_checked,needs_medical_review,common,typical,common,variable,adult or pediatric context as indicated,consider pregnancy-specific differential and medication context,"emergency, inpatient, or outpatient according to onset and stability",Time course and localizing examination findings support this neurologic pathway.,Absence of localizing or systemic findings should redirect the differential without false reassurance.,false,Step 1; Step 2 CK; Step 3,Neurology; Internal Medicine; Pediatrics; Emergency Medicine,partially_source_supported
DPR-NEUR-0744,DIS-NEUR-073,PRS-NEUR-067,source_checked,needs_medical_review,classic,typical,common,variable,adult or pediatric context as indicated,consider pregnancy-specific differential and medication context,"emergency, inpatient, or outpatient according to onset and stability",Time course and localizing examination findings support this neurologic pathway.,Absence of localizing or systemic findings should redirect the differential without false reassurance.,false,Step 1; Step 2 CK; Step 3,Neurology; Internal Medicine; Pediatrics; Emergency Medicine,partially_source_supported
DPR-NEUR-0745,DIS-NEUR-073,PRS-NEUR-DELIRIUM,source_checked,needs_medical_review,common,typical,common,variable,adult or pediatric context as indicated,consider pregnancy-specific differential and medication context,"emergency, inpatient, or outpatient according to onset and stability",Time course and localizing examination findings support this neurologic pathway.,Absence of localizing or systemic findings should redirect the differential without false reassurance.,false,Step 1; Step 2 CK; Step 3,Neurology; Internal Medicine; Pediatrics; Emergency Medicine,partially_source_supported
DPR-NEUR-0746,DIS-NEUR-073,PRS-NEUR-056,source_checked,needs_medical_review,common,typical,common,variable,adult or pediatric context as indicated,consider pregnancy-specific differential and medication context,"emergency, inpatient, or outpatient according to onset and stability",Time course and localizing examination findings support this neurologic pathway.,Absence of localizing or systemic findings should redirect the differential without false reassurance.,false,Step 1; Step 2 CK; Step 3,Neurology; Internal Medicine; Pediatrics; Emergency Medicine,partially_source_supported
DPR-NEUR-0747,DIS-NEUR-074,PRS-NEUR-074,source_checked,needs_medical_review,classic,typical,common,variable,adult or pediatric context as indicated,consider pregnancy-specific differential and medication context,"emergency, inpatient, or outpatient according to onset and stability",Time course and localizing examination findings support this neurologic pathway.,Absence of localizing or systemic findings should redirect the differential without false reassurance.,false,Step 1; Step 2 CK; Step 3,Neurology; Internal Medicine; Pediatrics; Emergency Medicine,partially_source_supported
DPR-NEUR-0748,DIS-NEUR-074,PRS-NEUR-SENSORYLEVEL,source_checked,needs_medical_review,common,typical,common,variable,adult or pediatric context as indicated,consider pregnancy-specific differential and medication context,"emergency, inpatient, or outpatient according to onset and stability",Time course and localizing examination findings support this neurologic pathway.,Absence of localizing or systemic findings should redirect the differential without false reassurance.,false,Step 1; Step 2 CK; Step 3,Neurology; Internal Medicine; Pediatrics; Emergency Medicine,partially_source_supported
DPR-NEUR-0749,DIS-NEUR-074,PRS-021,source_checked,needs_medical_review,common,typical,common,variable,adult or pediatric context as indicated,consider pregnancy-specific differential and medication context,"emergency, inpatient, or outpatient according to onset and stability",Time course and localizing examination findings support this neurologic pathway.,Absence of localizing or systemic findings should redirect the differential without false reassurance.,false,Step 1; Step 2 CK; Step 3,Neurology; Internal Medicine; Pediatrics; Emergency Medicine,partially_source_supported
DPR-NEUR-0750,DIS-NEUR-075,PRS-NEUR-074,source_checked,needs_medical_review,classic,typical,common,variable,adult or pediatric context as indicated,consider pregnancy-specific differential and medication context,"emergency, inpatient, or outpatient according to onset and stability",Time course and localizing examination findings support this neurologic pathway.,Absence of localizing or systemic findings should redirect the differential without false reassurance.,false,Step 1; Step 2 CK; Step 3,Neurology; Internal Medicine; Pediatrics; Emergency Medicine,partially_source_supported
DPR-NEUR-0751,DIS-NEUR-075,PRS-NEUR-SENSORYLEVEL,source_checked,needs_medical_review,common,typical,common,variable,adult or pediatric context as indicated,consider pregnancy-specific differential and medication context,"emergency, inpatient, or outpatient according to onset and stability",Time course and localizing examination findings support this neurologic pathway.,Absence of localizing or systemic findings should redirect the differential without false reassurance.,false,Step 1; Step 2 CK; Step 3,Neurology; Internal Medicine; Pediatrics; Emergency Medicine,partially_source_supported
DPR-NEUR-0752,DIS-NEUR-075,PRS-021,source_checked,needs_medical_review,common,typical,common,variable,adult or pediatric context as indicated,consider pregnancy-specific differential and medication context,"emergency, inpatient, or outpatient according to onset and stability",Time course and localizing examination findings support this neurologic pathway.,Absence of localizing or systemic findings should redirect the differential without false reassurance.,false,Step 1; Step 2 CK; Step 3,Neurology; Internal Medicine; Pediatrics; Emergency Medicine,partially_source_supported
DPR-NEUR-0753,DIS-NEUR-076,PRS-006,source_checked,needs_medical_review,classic,typical,common,variable,adult or pediatric context as indicated,consider pregnancy-specific differential and medication context,"emergency, inpatient, or outpatient according to onset and stability",Time course and localizing examination findings support this neurologic pathway.,Absence of localizing or systemic findings should redirect the differential without false reassurance.,false,Step 1; Step 2 CK; Step 3,Neurology; Internal Medicine; Pediatrics; Emergency Medicine,partially_source_supported
DPR-NEUR-0754,DIS-NEUR-076,PRS-007,source_checked,needs_medical_review,common,typical,common,variable,adult or pediatric context as indicated,consider pregnancy-specific differential and medication context,"emergency, inpatient, or outpatient according to onset and stability",Time course and localizing examination findings support this neurologic pathway.,Absence of localizing or systemic findings should redirect the differential without false reassurance.,false,Step 1; Step 2 CK; Step 3,Neurology; Internal Medicine; Pediatrics; Emergency Medicine,partially_source_supported
DPR-NEUR-0755,DIS-NEUR-076,PRS-NEUR-063,source_checked,needs_medical_review,common,typical,common,variable,adult or pediatric context as indicated,consider pregnancy-specific differential and medication context,"emergency, inpatient, or outpatient according to onset and stability",Time course and localizing examination findings support this neurologic pathway.,Absence of localizing or systemic findings should redirect the differential without false reassurance.,false,Step 1; Step 2 CK; Step 3,Neurology; Internal Medicine; Pediatrics; Emergency Medicine,partially_source_supported
DPR-NEUR-0756,DIS-NEUR-077,PRS-NEUR-074,source_checked,needs_medical_review,classic,typical,common,variable,adult or pediatric context as indicated,consider pregnancy-specific differential and medication context,"emergency, inpatient, or outpatient according to onset and stability",Time course and localizing examination findings support this neurologic pathway.,Absence of localizing or systemic findings should redirect the differential without false reassurance.,false,Step 1; Step 2 CK; Step 3,Neurology; Internal Medicine; Pediatrics; Emergency Medicine,partially_source_supported
DPR-NEUR-0757,DIS-NEUR-077,PRS-NEUR-SENSORYLEVEL,source_checked,needs_medical_review,common,typical,common,variable,adult or pediatric context as indicated,consider pregnancy-specific differential and medication context,"emergency, inpatient, or outpatient according to onset and stability",Time course and localizing examination findings support this neurologic pathway.,Absence of localizing or systemic findings should redirect the differential without false reassurance.,false,Step 1; Step 2 CK; Step 3,Neurology; Internal Medicine; Pediatrics; Emergency Medicine,partially_source_supported
DPR-NEUR-0758,DIS-NEUR-077,PRS-021,source_checked,needs_medical_review,common,typical,common,variable,adult or pediatric context as indicated,consider pregnancy-specific differential and medication context,"emergency, inpatient, or outpatient according to onset and stability",Time course and localizing examination findings support this neurologic pathway.,Absence of localizing or systemic findings should redirect the differential without false reassurance.,false,Step 1; Step 2 CK; Step 3,Neurology; Internal Medicine; Pediatrics; Emergency Medicine,partially_source_supported
DPR-NEUR-0759,DIS-NEUR-078,PRS-NEUR-074,source_checked,needs_medical_review,classic,typical,common,variable,adult or pediatric context as indicated,consider pregnancy-specific differential and medication context,"emergency, inpatient, or outpatient according to onset and stability",Time course and localizing examination findings support this neurologic pathway.,Absence of localizing or systemic findings should redirect the differential without false reassurance.,false,Step 1; Step 2 CK; Step 3,Neurology; Internal Medicine; Pediatrics; Emergency Medicine,partially_source_supported
DPR-NEUR-0760,DIS-NEUR-078,PRS-NEUR-SENSORYLEVEL,source_checked,needs_medical_review,common,typical,common,variable,adult or pediatric context as indicated,consider pregnancy-specific differential and medication context,"emergency, inpatient, or outpatient according to onset and stability",Time course and localizing examination findings support this neurologic pathway.,Absence of localizing or systemic findings should redirect the differential without false reassurance.,false,Step 1; Step 2 CK; Step 3,Neurology; Internal Medicine; Pediatrics; Emergency Medicine,partially_source_supported
DPR-NEUR-0761,DIS-NEUR-078,PRS-021,source_checked,needs_medical_review,common,typical,common,variable,adult or pediatric context as indicated,consider pregnancy-specific differential and medication context,"emergency, inpatient, or outpatient according to onset and stability",Time course and localizing examination findings support this neurologic pathway.,Absence of localizing or systemic findings should redirect the differential without false reassurance.,false,Step 1; Step 2 CK; Step 3,Neurology; Internal Medicine; Pediatrics; Emergency Medicine,partially_source_supported
DPR-NEUR-0762,DIS-N-0068,PRS-NEUR-062,source_checked,needs_medical_review,classic,typical,common,variable,adult or pediatric context as indicated,consider pregnancy-specific differential and medication context,"emergency, inpatient, or outpatient according to onset and stability",Time course and localizing examination findings support this neurologic pathway.,Absence of localizing or systemic findings should redirect the differential without false reassurance.,false,Step 1; Step 2 CK; Step 3,Neurology; Internal Medicine; Pediatrics; Emergency Medicine,partially_source_supported
DPR-NEUR-0763,DIS-N-0068,PRS-NEUR-053,source_checked,needs_medical_review,common,typical,common,variable,adult or pediatric context as indicated,consider pregnancy-specific differential and medication context,"emergency, inpatient, or outpatient according to onset and stability",Time course and localizing examination findings support this neurologic pathway.,Absence of localizing or systemic findings should redirect the differential without false reassurance.,false,Step 1; Step 2 CK; Step 3,Neurology; Internal Medicine; Pediatrics; Emergency Medicine,partially_source_supported
DPR-NEUR-0764,DIS-N-0068,PRS-NEUR-RESPIRATORYWEAKNESS,source_checked,needs_medical_review,common,typical,common,variable,adult or pediatric context as indicated,consider pregnancy-specific differential and medication context,"emergency, inpatient, or outpatient according to onset and stability",Time course and localizing examination findings support this neurologic pathway.,Absence of localizing or systemic findings should redirect the differential without false reassurance.,false,Step 1; Step 2 CK; Step 3,Neurology; Internal Medicine; Pediatrics; Emergency Medicine,partially_source_supported
DPR-NEUR-0765,DIS-NEUR-080,PRS-NEUR-074,source_checked,needs_medical_review,classic,typical,common,variable,adult or pediatric context as indicated,consider pregnancy-specific differential and medication context,"emergency, inpatient, or outpatient according to onset and stability",Time course and localizing examination findings support this neurologic pathway.,Absence of localizing or systemic findings should redirect the differential without false reassurance.,false,Step 1; Step 2 CK; Step 3,Neurology; Internal Medicine; Pediatrics; Emergency Medicine,partially_source_supported
DPR-NEUR-0766,DIS-NEUR-080,PRS-NEUR-SENSORYLEVEL,source_checked,needs_medical_review,common,typical,common,variable,adult or pediatric context as indicated,consider pregnancy-specific differential and medication context,"emergency, inpatient, or outpatient according to onset and stability",Time course and localizing examination findings support this neurologic pathway.,Absence of localizing or systemic findings should redirect the differential without false reassurance.,false,Step 1; Step 2 CK; Step 3,Neurology; Internal Medicine; Pediatrics; Emergency Medicine,partially_source_supported
DPR-NEUR-0767,DIS-NEUR-080,PRS-021,source_checked,needs_medical_review,common,typical,common,variable,adult or pediatric context as indicated,consider pregnancy-specific differential and medication context,"emergency, inpatient, or outpatient according to onset and stability",Time course and localizing examination findings support this neurologic pathway.,Absence of localizing or systemic findings should redirect the differential without false reassurance.,false,Step 1; Step 2 CK; Step 3,Neurology; Internal Medicine; Pediatrics; Emergency Medicine,partially_source_supported
DPR-NEUR-0768,DIS-NEUR-081,PRS-006,source_checked,needs_medical_review,classic,typical,common,variable,adult or pediatric context as indicated,consider pregnancy-specific differential and medication context,"emergency, inpatient, or outpatient according to onset and stability",Time course and localizing examination findings support this neurologic pathway.,Absence of localizing or systemic findings should redirect the differential without false reassurance.,false,Step 1; Step 2 CK; Step 3,Neurology; Internal Medicine; Pediatrics; Emergency Medicine,partially_source_supported
DPR-NEUR-0769,DIS-NEUR-081,PRS-007,source_checked,needs_medical_review,common,typical,common,variable,adult or pediatric context as indicated,consider pregnancy-specific differential and medication context,"emergency, inpatient, or outpatient according to onset and stability",Time course and localizing examination findings support this neurologic pathway.,Absence of localizing or systemic findings should redirect the differential without false reassurance.,false,Step 1; Step 2 CK; Step 3,Neurology; Internal Medicine; Pediatrics; Emergency Medicine,partially_source_supported
DPR-NEUR-0770,DIS-NEUR-081,PRS-NEUR-063,source_checked,needs_medical_review,common,typical,common,variable,adult or pediatric context as indicated,consider pregnancy-specific differential and medication context,"emergency, inpatient, or outpatient according to onset and stability",Time course and localizing examination findings support this neurologic pathway.,Absence of localizing or systemic findings should redirect the differential without false reassurance.,false,Step 1; Step 2 CK; Step 3,Neurology; Internal Medicine; Pediatrics; Emergency Medicine,partially_source_supported
DPR-NEUR-0771,DIS-NEUR-082,PRS-006,source_checked,needs_medical_review,classic,typical,common,variable,adult or pediatric context as indicated,consider pregnancy-specific differential and medication context,"emergency, inpatient, or outpatient according to onset and stability",Time course and localizing examination findings support this neurologic pathway.,Absence of localizing or systemic findings should redirect the differential without false reassurance.,false,Step 1; Step 2 CK; Step 3,Neurology; Internal Medicine; Pediatrics; Emergency Medicine,partially_source_supported
DPR-NEUR-0772,DIS-NEUR-082,PRS-007,source_checked,needs_medical_review,common,typical,common,variable,adult or pediatric context as indicated,consider pregnancy-specific differential and medication context,"emergency, inpatient, or outpatient according to onset and stability",Time course and localizing examination findings support this neurologic pathway.,Absence of localizing or systemic findings should redirect the differential without false reassurance.,false,Step 1; Step 2 CK; Step 3,Neurology; Internal Medicine; Pediatrics; Emergency Medicine,partially_source_supported
DPR-NEUR-0773,DIS-NEUR-082,PRS-NEUR-063,source_checked,needs_medical_review,common,typical,common,variable,adult or pediatric context as indicated,consider pregnancy-specific differential and medication context,"emergency, inpatient, or outpatient according to onset and stability",Time course and localizing examination findings support this neurologic pathway.,Absence of localizing or systemic findings should redirect the differential without false reassurance.,false,Step 1; Step 2 CK; Step 3,Neurology; Internal Medicine; Pediatrics; Emergency Medicine,partially_source_supported
DPR-NEUR-0774,DIS-N-0066,PRS-NEUR-072,source_checked,needs_medical_review,classic,typical,common,variable,adult or pediatric context as indicated,consider pregnancy-specific differential and medication context,"emergency, inpatient, or outpatient according to onset and stability",Time course and localizing examination findings support this neurologic pathway.,Absence of localizing or systemic findings should redirect the differential without false reassurance.,false,Step 1; Step 2 CK; Step 3,Neurology; Internal Medicine; Pediatrics; Emergency Medicine,partially_source_supported
DPR-NEUR-0775,DIS-N-0066,PRS-NEUR-064,source_checked,needs_medical_review,common,typical,common,variable,adult or pediatric context as indicated,consider pregnancy-specific differential and medication context,"emergency, inpatient, or outpatient according to onset and stability",Time course and localizing examination findings support this neurologic pathway.,Absence of localizing or systemic findings should redirect the differential without false reassurance.,false,Step 1; Step 2 CK; Step 3,Neurology; Internal Medicine; Pediatrics; Emergency Medicine,partially_source_supported
DPR-NEUR-0776,DIS-N-0066,PRS-NEUR-DYSARTHRIA,source_checked,needs_medical_review,common,typical,common,variable,adult or pediatric context as indicated,consider pregnancy-specific differential and medication context,"emergency, inpatient, or outpatient according to onset and stability",Time course and localizing examination findings support this neurologic pathway.,Absence of localizing or systemic findings should redirect the differential without false reassurance.,false,Step 1; Step 2 CK; Step 3,Neurology; Internal Medicine; Pediatrics; Emergency Medicine,partially_source_supported
DPR-NEUR-0777,DIS-NEUR-084,PRS-NEUR-072,source_checked,needs_medical_review,classic,typical,common,variable,adult or pediatric context as indicated,consider pregnancy-specific differential and medication context,"emergency, inpatient, or outpatient according to onset and stability",Time course and localizing examination findings support this neurologic pathway.,Absence of localizing or systemic findings should redirect the differential without false reassurance.,false,Step 1; Step 2 CK; Step 3,Neurology; Internal Medicine; Pediatrics; Emergency Medicine,partially_source_supported
DPR-NEUR-0778,DIS-NEUR-084,PRS-NEUR-064,source_checked,needs_medical_review,common,typical,common,variable,adult or pediatric context as indicated,consider pregnancy-specific differential and medication context,"emergency, inpatient, or outpatient according to onset and stability",Time course and localizing examination findings support this neurologic pathway.,Absence of localizing or systemic findings should redirect the differential without false reassurance.,false,Step 1; Step 2 CK; Step 3,Neurology; Internal Medicine; Pediatrics; Emergency Medicine,partially_source_supported
DPR-NEUR-0779,DIS-NEUR-084,PRS-NEUR-DYSARTHRIA,source_checked,needs_medical_review,common,typical,common,variable,adult or pediatric context as indicated,consider pregnancy-specific differential and medication context,"emergency, inpatient, or outpatient according to onset and stability",Time course and localizing examination findings support this neurologic pathway.,Absence of localizing or systemic findings should redirect the differential without false reassurance.,false,Step 1; Step 2 CK; Step 3,Neurology; Internal Medicine; Pediatrics; Emergency Medicine,partially_source_supported
DPR-NEUR-0780,DIS-NEUR-085,PRS-NEUR-067,source_checked,needs_medical_review,classic,typical,common,variable,adult or pediatric context as indicated,consider pregnancy-specific differential and medication context,"emergency, inpatient, or outpatient according to onset and stability",Time course and localizing examination findings support this neurologic pathway.,Absence of localizing or systemic findings should redirect the differential without false reassurance.,false,Step 1; Step 2 CK; Step 3,Neurology; Internal Medicine; Pediatrics; Emergency Medicine,partially_source_supported
DPR-NEUR-0781,DIS-NEUR-085,PRS-NEUR-DELIRIUM,source_checked,needs_medical_review,common,typical,common,variable,adult or pediatric context as indicated,consider pregnancy-specific differential and medication context,"emergency, inpatient, or outpatient according to onset and stability",Time course and localizing examination findings support this neurologic pathway.,Absence of localizing or systemic findings should redirect the differential without false reassurance.,false,Step 1; Step 2 CK; Step 3,Neurology; Internal Medicine; Pediatrics; Emergency Medicine,partially_source_supported
DPR-NEUR-0782,DIS-NEUR-085,PRS-NEUR-056,source_checked,needs_medical_review,common,typical,common,variable,adult or pediatric context as indicated,consider pregnancy-specific differential and medication context,"emergency, inpatient, or outpatient according to onset and stability",Time course and localizing examination findings support this neurologic pathway.,Absence of localizing or systemic findings should redirect the differential without false reassurance.,false,Step 1; Step 2 CK; Step 3,Neurology; Internal Medicine; Pediatrics; Emergency Medicine,partially_source_supported
DPR-NEUR-0783,DIS-NEUR-086,PRS-NEUR-069,source_checked,needs_medical_review,classic,typical,common,variable,adult or pediatric context as indicated,consider pregnancy-specific differential and medication context,"emergency, inpatient, or outpatient according to onset and stability",Time course and localizing examination findings support this neurologic pathway.,Absence of localizing or systemic findings should redirect the differential without false reassurance.,false,Step 1; Step 2 CK; Step 3,Neurology; Internal Medicine; Pediatrics; Emergency Medicine,partially_source_supported
DPR-NEUR-0784,DIS-NEUR-086,PRS-NEUR-PARESTHESIA,source_checked,needs_medical_review,common,typical,common,variable,adult or pediatric context as indicated,consider pregnancy-specific differential and medication context,"emergency, inpatient, or outpatient according to onset and stability",Time course and localizing examination findings support this neurologic pathway.,Absence of localizing or systemic findings should redirect the differential without false reassurance.,false,Step 1; Step 2 CK; Step 3,Neurology; Internal Medicine; Pediatrics; Emergency Medicine,partially_source_supported
DPR-NEUR-0785,DIS-NEUR-086,PRS-021,source_checked,needs_medical_review,common,typical,common,variable,adult or pediatric context as indicated,consider pregnancy-specific differential and medication context,"emergency, inpatient, or outpatient according to onset and stability",Time course and localizing examination findings support this neurologic pathway.,Absence of localizing or systemic findings should redirect the differential without false reassurance.,false,Step 1; Step 2 CK; Step 3,Neurology; Internal Medicine; Pediatrics; Emergency Medicine,partially_source_supported
DPR-NEUR-0786,DIS-NEUR-087,PRS-NEUR-072,source_checked,needs_medical_review,classic,typical,common,variable,adult or pediatric context as indicated,consider pregnancy-specific differential and medication context,"emergency, inpatient, or outpatient according to onset and stability",Time course and localizing examination findings support this neurologic pathway.,Absence of localizing or systemic findings should redirect the differential without false reassurance.,false,Step 1; Step 2 CK; Step 3,Neurology; Internal Medicine; Pediatrics; Emergency Medicine,partially_source_supported
DPR-NEUR-0787,DIS-NEUR-087,PRS-NEUR-064,source_checked,needs_medical_review,common,typical,common,variable,adult or pediatric context as indicated,consider pregnancy-specific differential and medication context,"emergency, inpatient, or outpatient according to onset and stability",Time course and localizing examination findings support this neurologic pathway.,Absence of localizing or systemic findings should redirect the differential without false reassurance.,false,Step 1; Step 2 CK; Step 3,Neurology; Internal Medicine; Pediatrics; Emergency Medicine,partially_source_supported
DPR-NEUR-0788,DIS-NEUR-087,PRS-NEUR-DYSARTHRIA,source_checked,needs_medical_review,common,typical,common,variable,adult or pediatric context as indicated,consider pregnancy-specific differential and medication context,"emergency, inpatient, or outpatient according to onset and stability",Time course and localizing examination findings support this neurologic pathway.,Absence of localizing or systemic findings should redirect the differential without false reassurance.,false,Step 1; Step 2 CK; Step 3,Neurology; Internal Medicine; Pediatrics; Emergency Medicine,partially_source_supported
DPR-NEUR-0789,DIS-NEUR-088,PRS-NEUR-072,source_checked,needs_medical_review,classic,typical,common,variable,adult or pediatric context as indicated,consider pregnancy-specific differential and medication context,"emergency, inpatient, or outpatient according to onset and stability",Time course and localizing examination findings support this neurologic pathway.,Absence of localizing or systemic findings should redirect the differential without false reassurance.,false,Step 1; Step 2 CK; Step 3,Neurology; Internal Medicine; Pediatrics; Emergency Medicine,partially_source_supported
DPR-NEUR-0790,DIS-NEUR-088,PRS-NEUR-064,source_checked,needs_medical_review,common,typical,common,variable,adult or pediatric context as indicated,consider pregnancy-specific differential and medication context,"emergency, inpatient, or outpatient according to onset and stability",Time course and localizing examination findings support this neurologic pathway.,Absence of localizing or systemic findings should redirect the differential without false reassurance.,false,Step 1; Step 2 CK; Step 3,Neurology; Internal Medicine; Pediatrics; Emergency Medicine,partially_source_supported
DPR-NEUR-0791,DIS-NEUR-088,PRS-NEUR-DYSARTHRIA,source_checked,needs_medical_review,common,typical,common,variable,adult or pediatric context as indicated,consider pregnancy-specific differential and medication context,"emergency, inpatient, or outpatient according to onset and stability",Time course and localizing examination findings support this neurologic pathway.,Absence of localizing or systemic findings should redirect the differential without false reassurance.,false,Step 1; Step 2 CK; Step 3,Neurology; Internal Medicine; Pediatrics; Emergency Medicine,partially_source_supported
DPR-NEUR-0792,DIS-NEUR-089,PRS-NEUR-072,source_checked,needs_medical_review,classic,typical,common,variable,adult or pediatric context as indicated,consider pregnancy-specific differential and medication context,"emergency, inpatient, or outpatient according to onset and stability",Time course and localizing examination findings support this neurologic pathway.,Absence of localizing or systemic findings should redirect the differential without false reassurance.,false,Step 1; Step 2 CK; Step 3,Neurology; Internal Medicine; Pediatrics; Emergency Medicine,partially_source_supported
DPR-NEUR-0793,DIS-NEUR-089,PRS-NEUR-064,source_checked,needs_medical_review,common,typical,common,variable,adult or pediatric context as indicated,consider pregnancy-specific differential and medication context,"emergency, inpatient, or outpatient according to onset and stability",Time course and localizing examination findings support this neurologic pathway.,Absence of localizing or systemic findings should redirect the differential without false reassurance.,false,Step 1; Step 2 CK; Step 3,Neurology; Internal Medicine; Pediatrics; Emergency Medicine,partially_source_supported
DPR-NEUR-0794,DIS-NEUR-089,PRS-NEUR-DYSARTHRIA,source_checked,needs_medical_review,common,typical,common,variable,adult or pediatric context as indicated,consider pregnancy-specific differential and medication context,"emergency, inpatient, or outpatient according to onset and stability",Time course and localizing examination findings support this neurologic pathway.,Absence of localizing or systemic findings should redirect the differential without false reassurance.,false,Step 1; Step 2 CK; Step 3,Neurology; Internal Medicine; Pediatrics; Emergency Medicine,partially_source_supported
DPR-NEUR-0795,DIS-NEUR-090,PRS-NEUR-072,source_checked,needs_medical_review,classic,typical,common,variable,adult or pediatric context as indicated,consider pregnancy-specific differential and medication context,"emergency, inpatient, or outpatient according to onset and stability",Time course and localizing examination findings support this neurologic pathway.,Absence of localizing or systemic findings should redirect the differential without false reassurance.,false,Step 1; Step 2 CK; Step 3,Neurology; Internal Medicine; Pediatrics; Emergency Medicine,partially_source_supported
DPR-NEUR-0796,DIS-NEUR-090,PRS-NEUR-064,source_checked,needs_medical_review,common,typical,common,variable,adult or pediatric context as indicated,consider pregnancy-specific differential and medication context,"emergency, inpatient, or outpatient according to onset and stability",Time course and localizing examination findings support this neurologic pathway.,Absence of localizing or systemic findings should redirect the differential without false reassurance.,false,Step 1; Step 2 CK; Step 3,Neurology; Internal Medicine; Pediatrics; Emergency Medicine,partially_source_supported
DPR-NEUR-0797,DIS-NEUR-090,PRS-NEUR-DYSARTHRIA,source_checked,needs_medical_review,common,typical,common,variable,adult or pediatric context as indicated,consider pregnancy-specific differential and medication context,"emergency, inpatient, or outpatient according to onset and stability",Time course and localizing examination findings support this neurologic pathway.,Absence of localizing or systemic findings should redirect the differential without false reassurance.,false,Step 1; Step 2 CK; Step 3,Neurology; Internal Medicine; Pediatrics; Emergency Medicine,partially_source_supported
DPR-NEUR-0798,DIS-NEUR-091,PRS-NEUR-072,source_checked,needs_medical_review,classic,typical,common,variable,adult or pediatric context as indicated,consider pregnancy-specific differential and medication context,"emergency, inpatient, or outpatient according to onset and stability",Time course and localizing examination findings support this neurologic pathway.,Absence of localizing or systemic findings should redirect the differential without false reassurance.,false,Step 1; Step 2 CK; Step 3,Neurology; Internal Medicine; Pediatrics; Emergency Medicine,partially_source_supported
DPR-NEUR-0799,DIS-NEUR-091,PRS-NEUR-064,source_checked,needs_medical_review,common,typical,common,variable,adult or pediatric context as indicated,consider pregnancy-specific differential and medication context,"emergency, inpatient, or outpatient according to onset and stability",Time course and localizing examination findings support this neurologic pathway.,Absence of localizing or systemic findings should redirect the differential without false reassurance.,false,Step 1; Step 2 CK; Step 3,Neurology; Internal Medicine; Pediatrics; Emergency Medicine,partially_source_supported
DPR-NEUR-0800,DIS-NEUR-091,PRS-NEUR-DYSARTHRIA,source_checked,needs_medical_review,common,typical,common,variable,adult or pediatric context as indicated,consider pregnancy-specific differential and medication context,"emergency, inpatient, or outpatient according to onset and stability",Time course and localizing examination findings support this neurologic pathway.,Absence of localizing or systemic findings should redirect the differential without false reassurance.,false,Step 1; Step 2 CK; Step 3,Neurology; Internal Medicine; Pediatrics; Emergency Medicine,partially_source_supported
DPR-NEUR-0801,DIS-NEUR-092,PRS-NEUR-072,source_checked,needs_medical_review,classic,typical,common,variable,adult or pediatric context as indicated,consider pregnancy-specific differential and medication context,"emergency, inpatient, or outpatient according to onset and stability",Time course and localizing examination findings support this neurologic pathway.,Absence of localizing or systemic findings should redirect the differential without false reassurance.,false,Step 1; Step 2 CK; Step 3,Neurology; Internal Medicine; Pediatrics; Emergency Medicine,partially_source_supported
DPR-NEUR-0802,DIS-NEUR-092,PRS-NEUR-064,source_checked,needs_medical_review,common,typical,common,variable,adult or pediatric context as indicated,consider pregnancy-specific differential and medication context,"emergency, inpatient, or outpatient according to onset and stability",Time course and localizing examination findings support this neurologic pathway.,Absence of localizing or systemic findings should redirect the differential without false reassurance.,false,Step 1; Step 2 CK; Step 3,Neurology; Internal Medicine; Pediatrics; Emergency Medicine,partially_source_supported
DPR-NEUR-0803,DIS-NEUR-092,PRS-NEUR-DYSARTHRIA,source_checked,needs_medical_review,common,typical,common,variable,adult or pediatric context as indicated,consider pregnancy-specific differential and medication context,"emergency, inpatient, or outpatient according to onset and stability",Time course and localizing examination findings support this neurologic pathway.,Absence of localizing or systemic findings should redirect the differential without false reassurance.,false,Step 1; Step 2 CK; Step 3,Neurology; Internal Medicine; Pediatrics; Emergency Medicine,partially_source_supported
DPR-NEUR-0804,DIS-NEUR-093,PRS-NEUR-072,source_checked,needs_medical_review,classic,typical,common,variable,adult or pediatric context as indicated,consider pregnancy-specific differential and medication context,"emergency, inpatient, or outpatient according to onset and stability",Time course and localizing examination findings support this neurologic pathway.,Absence of localizing or systemic findings should redirect the differential without false reassurance.,false,Step 1; Step 2 CK; Step 3,Neurology; Internal Medicine; Pediatrics; Emergency Medicine,partially_source_supported
DPR-NEUR-0805,DIS-NEUR-093,PRS-NEUR-064,source_checked,needs_medical_review,common,typical,common,variable,adult or pediatric context as indicated,consider pregnancy-specific differential and medication context,"emergency, inpatient, or outpatient according to onset and stability",Time course and localizing examination findings support this neurologic pathway.,Absence of localizing or systemic findings should redirect the differential without false reassurance.,false,Step 1; Step 2 CK; Step 3,Neurology; Internal Medicine; Pediatrics; Emergency Medicine,partially_source_supported
DPR-NEUR-0806,DIS-NEUR-093,PRS-NEUR-DYSARTHRIA,source_checked,needs_medical_review,common,typical,common,variable,adult or pediatric context as indicated,consider pregnancy-specific differential and medication context,"emergency, inpatient, or outpatient according to onset and stability",Time course and localizing examination findings support this neurologic pathway.,Absence of localizing or systemic findings should redirect the differential without false reassurance.,false,Step 1; Step 2 CK; Step 3,Neurology; Internal Medicine; Pediatrics; Emergency Medicine,partially_source_supported
DPR-NEUR-0807,DIS-NEUR-094,PRS-NEUR-067,source_checked,needs_medical_review,classic,typical,common,variable,adult or pediatric context as indicated,consider pregnancy-specific differential and medication context,"emergency, inpatient, or outpatient according to onset and stability",Time course and localizing examination findings support this neurologic pathway.,Absence of localizing or systemic findings should redirect the differential without false reassurance.,false,Step 1; Step 2 CK; Step 3,Neurology; Internal Medicine; Pediatrics; Emergency Medicine,partially_source_supported
DPR-NEUR-0808,DIS-NEUR-094,PRS-NEUR-DELIRIUM,source_checked,needs_medical_review,common,typical,common,variable,adult or pediatric context as indicated,consider pregnancy-specific differential and medication context,"emergency, inpatient, or outpatient according to onset and stability",Time course and localizing examination findings support this neurologic pathway.,Absence of localizing or systemic findings should redirect the differential without false reassurance.,false,Step 1; Step 2 CK; Step 3,Neurology; Internal Medicine; Pediatrics; Emergency Medicine,partially_source_supported
DPR-NEUR-0809,DIS-NEUR-094,PRS-NEUR-056,source_checked,needs_medical_review,common,typical,common,variable,adult or pediatric context as indicated,consider pregnancy-specific differential and medication context,"emergency, inpatient, or outpatient according to onset and stability",Time course and localizing examination findings support this neurologic pathway.,Absence of localizing or systemic findings should redirect the differential without false reassurance.,false,Step 1; Step 2 CK; Step 3,Neurology; Internal Medicine; Pediatrics; Emergency Medicine,partially_source_supported
DPR-NEUR-0810,DIS-NEUR-095,PRS-NEUR-067,source_checked,needs_medical_review,classic,typical,common,variable,adult or pediatric context as indicated,consider pregnancy-specific differential and medication context,"emergency, inpatient, or outpatient according to onset and stability",Time course and localizing examination findings support this neurologic pathway.,Absence of localizing or systemic findings should redirect the differential without false reassurance.,false,Step 1; Step 2 CK; Step 3,Neurology; Internal Medicine; Pediatrics; Emergency Medicine,partially_source_supported
DPR-NEUR-0811,DIS-NEUR-095,PRS-NEUR-DELIRIUM,source_checked,needs_medical_review,common,typical,common,variable,adult or pediatric context as indicated,consider pregnancy-specific differential and medication context,"emergency, inpatient, or outpatient according to onset and stability",Time course and localizing examination findings support this neurologic pathway.,Absence of localizing or systemic findings should redirect the differential without false reassurance.,false,Step 1; Step 2 CK; Step 3,Neurology; Internal Medicine; Pediatrics; Emergency Medicine,partially_source_supported
DPR-NEUR-0812,DIS-NEUR-095,PRS-NEUR-056,source_checked,needs_medical_review,common,typical,common,variable,adult or pediatric context as indicated,consider pregnancy-specific differential and medication context,"emergency, inpatient, or outpatient according to onset and stability",Time course and localizing examination findings support this neurologic pathway.,Absence of localizing or systemic findings should redirect the differential without false reassurance.,false,Step 1; Step 2 CK; Step 3,Neurology; Internal Medicine; Pediatrics; Emergency Medicine,partially_source_supported
DPR-NEUR-0813,DIS-NEUR-096,PRS-NEUR-067,source_checked,needs_medical_review,classic,typical,common,variable,adult or pediatric context as indicated,consider pregnancy-specific differential and medication context,"emergency, inpatient, or outpatient according to onset and stability",Time course and localizing examination findings support this neurologic pathway.,Absence of localizing or systemic findings should redirect the differential without false reassurance.,false,Step 1; Step 2 CK; Step 3,Neurology; Internal Medicine; Pediatrics; Emergency Medicine,partially_source_supported
DPR-NEUR-0814,DIS-NEUR-096,PRS-NEUR-DELIRIUM,source_checked,needs_medical_review,common,typical,common,variable,adult or pediatric context as indicated,consider pregnancy-specific differential and medication context,"emergency, inpatient, or outpatient according to onset and stability",Time course and localizing examination findings support this neurologic pathway.,Absence of localizing or systemic findings should redirect the differential without false reassurance.,false,Step 1; Step 2 CK; Step 3,Neurology; Internal Medicine; Pediatrics; Emergency Medicine,partially_source_supported
DPR-NEUR-0815,DIS-NEUR-096,PRS-NEUR-056,source_checked,needs_medical_review,common,typical,common,variable,adult or pediatric context as indicated,consider pregnancy-specific differential and medication context,"emergency, inpatient, or outpatient according to onset and stability",Time course and localizing examination findings support this neurologic pathway.,Absence of localizing or systemic findings should redirect the differential without false reassurance.,false,Step 1; Step 2 CK; Step 3,Neurology; Internal Medicine; Pediatrics; Emergency Medicine,partially_source_supported
DPR-NEUR-0816,DIS-NEUR-097,PRS-NEUR-067,source_checked,needs_medical_review,classic,typical,common,variable,adult or pediatric context as indicated,consider pregnancy-specific differential and medication context,"emergency, inpatient, or outpatient according to onset and stability",Time course and localizing examination findings support this neurologic pathway.,Absence of localizing or systemic findings should redirect the differential without false reassurance.,false,Step 1; Step 2 CK; Step 3,Neurology; Internal Medicine; Pediatrics; Emergency Medicine,partially_source_supported
DPR-NEUR-0817,DIS-NEUR-097,PRS-NEUR-DELIRIUM,source_checked,needs_medical_review,common,typical,common,variable,adult or pediatric context as indicated,consider pregnancy-specific differential and medication context,"emergency, inpatient, or outpatient according to onset and stability",Time course and localizing examination findings support this neurologic pathway.,Absence of localizing or systemic findings should redirect the differential without false reassurance.,false,Step 1; Step 2 CK; Step 3,Neurology; Internal Medicine; Pediatrics; Emergency Medicine,partially_source_supported
DPR-NEUR-0818,DIS-NEUR-097,PRS-NEUR-056,source_checked,needs_medical_review,common,typical,common,variable,adult or pediatric context as indicated,consider pregnancy-specific differential and medication context,"emergency, inpatient, or outpatient according to onset and stability",Time course and localizing examination findings support this neurologic pathway.,Absence of localizing or systemic findings should redirect the differential without false reassurance.,false,Step 1; Step 2 CK; Step 3,Neurology; Internal Medicine; Pediatrics; Emergency Medicine,partially_source_supported
DPR-NEUR-0819,DIS-NEUR-098,PRS-NEUR-067,source_checked,needs_medical_review,classic,typical,common,variable,adult or pediatric context as indicated,consider pregnancy-specific differential and medication context,"emergency, inpatient, or outpatient according to onset and stability",Time course and localizing examination findings support this neurologic pathway.,Absence of localizing or systemic findings should redirect the differential without false reassurance.,false,Step 1; Step 2 CK; Step 3,Neurology; Internal Medicine; Pediatrics; Emergency Medicine,partially_source_supported
DPR-NEUR-0820,DIS-NEUR-098,PRS-NEUR-DELIRIUM,source_checked,needs_medical_review,common,typical,common,variable,adult or pediatric context as indicated,consider pregnancy-specific differential and medication context,"emergency, inpatient, or outpatient according to onset and stability",Time course and localizing examination findings support this neurologic pathway.,Absence of localizing or systemic findings should redirect the differential without false reassurance.,false,Step 1; Step 2 CK; Step 3,Neurology; Internal Medicine; Pediatrics; Emergency Medicine,partially_source_supported
DPR-NEUR-0821,DIS-NEUR-098,PRS-NEUR-056,source_checked,needs_medical_review,common,typical,common,variable,adult or pediatric context as indicated,consider pregnancy-specific differential and medication context,"emergency, inpatient, or outpatient according to onset and stability",Time course and localizing examination findings support this neurologic pathway.,Absence of localizing or systemic findings should redirect the differential without false reassurance.,false,Step 1; Step 2 CK; Step 3,Neurology; Internal Medicine; Pediatrics; Emergency Medicine,partially_source_supported
DPR-NEUR-0822,DIS-NEUR-099,PRS-NEUR-067,source_checked,needs_medical_review,classic,typical,common,variable,adult or pediatric context as indicated,consider pregnancy-specific differential and medication context,"emergency, inpatient, or outpatient according to onset and stability",Time course and localizing examination findings support this neurologic pathway.,Absence of localizing or systemic findings should redirect the differential without false reassurance.,false,Step 1; Step 2 CK; Step 3,Neurology; Internal Medicine; Pediatrics; Emergency Medicine,partially_source_supported
DPR-NEUR-0823,DIS-NEUR-099,PRS-NEUR-DELIRIUM,source_checked,needs_medical_review,common,typical,common,variable,adult or pediatric context as indicated,consider pregnancy-specific differential and medication context,"emergency, inpatient, or outpatient according to onset and stability",Time course and localizing examination findings support this neurologic pathway.,Absence of localizing or systemic findings should redirect the differential without false reassurance.,false,Step 1; Step 2 CK; Step 3,Neurology; Internal Medicine; Pediatrics; Emergency Medicine,partially_source_supported
DPR-NEUR-0824,DIS-NEUR-099,PRS-NEUR-056,source_checked,needs_medical_review,common,typical,common,variable,adult or pediatric context as indicated,consider pregnancy-specific differential and medication context,"emergency, inpatient, or outpatient according to onset and stability",Time course and localizing examination findings support this neurologic pathway.,Absence of localizing or systemic findings should redirect the differential without false reassurance.,false,Step 1; Step 2 CK; Step 3,Neurology; Internal Medicine; Pediatrics; Emergency Medicine,partially_source_supported
DPR-NEUR-0825,DIS-NEUR-100,PRS-NEUR-067,source_checked,needs_medical_review,classic,typical,common,variable,adult or pediatric context as indicated,consider pregnancy-specific differential and medication context,"emergency, inpatient, or outpatient according to onset and stability",Time course and localizing examination findings support this neurologic pathway.,Absence of localizing or systemic findings should redirect the differential without false reassurance.,false,Step 1; Step 2 CK; Step 3,Neurology; Internal Medicine; Pediatrics; Emergency Medicine,partially_source_supported
DPR-NEUR-0826,DIS-NEUR-100,PRS-NEUR-DELIRIUM,source_checked,needs_medical_review,common,typical,common,variable,adult or pediatric context as indicated,consider pregnancy-specific differential and medication context,"emergency, inpatient, or outpatient according to onset and stability",Time course and localizing examination findings support this neurologic pathway.,Absence of localizing or systemic findings should redirect the differential without false reassurance.,false,Step 1; Step 2 CK; Step 3,Neurology; Internal Medicine; Pediatrics; Emergency Medicine,partially_source_supported
DPR-NEUR-0827,DIS-NEUR-100,PRS-NEUR-056,source_checked,needs_medical_review,common,typical,common,variable,adult or pediatric context as indicated,consider pregnancy-specific differential and medication context,"emergency, inpatient, or outpatient according to onset and stability",Time course and localizing examination findings support this neurologic pathway.,Absence of localizing or systemic findings should redirect the differential without false reassurance.,false,Step 1; Step 2 CK; Step 3,Neurology; Internal Medicine; Pediatrics; Emergency Medicine,partially_source_supported
DPR-NEUR-0828,DIS-NEUR-101,PRS-006,source_checked,needs_medical_review,classic,typical,common,variable,adult or pediatric context as indicated,consider pregnancy-specific differential and medication context,"emergency, inpatient, or outpatient according to onset and stability",Time course and localizing examination findings support this neurologic pathway.,Absence of localizing or systemic findings should redirect the differential without false reassurance.,false,Step 1; Step 2 CK; Step 3,Neurology; Internal Medicine; Pediatrics; Emergency Medicine,partially_source_supported
DPR-NEUR-0829,DIS-NEUR-101,PRS-007,source_checked,needs_medical_review,common,typical,common,variable,adult or pediatric context as indicated,consider pregnancy-specific differential and medication context,"emergency, inpatient, or outpatient according to onset and stability",Time course and localizing examination findings support this neurologic pathway.,Absence of localizing or systemic findings should redirect the differential without false reassurance.,false,Step 1; Step 2 CK; Step 3,Neurology; Internal Medicine; Pediatrics; Emergency Medicine,partially_source_supported
DPR-NEUR-0830,DIS-NEUR-101,PRS-NEUR-063,source_checked,needs_medical_review,common,typical,common,variable,adult or pediatric context as indicated,consider pregnancy-specific differential and medication context,"emergency, inpatient, or outpatient according to onset and stability",Time course and localizing examination findings support this neurologic pathway.,Absence of localizing or systemic findings should redirect the differential without false reassurance.,false,Step 1; Step 2 CK; Step 3,Neurology; Internal Medicine; Pediatrics; Emergency Medicine,partially_source_supported
DPR-NEUR-0831,DIS-NEUR-102,PRS-NEUR-067,source_checked,needs_medical_review,classic,typical,common,variable,adult or pediatric context as indicated,consider pregnancy-specific differential and medication context,"emergency, inpatient, or outpatient according to onset and stability",Time course and localizing examination findings support this neurologic pathway.,Absence of localizing or systemic findings should redirect the differential without false reassurance.,false,Step 1; Step 2 CK; Step 3,Neurology; Internal Medicine; Pediatrics; Emergency Medicine,partially_source_supported
DPR-NEUR-0832,DIS-NEUR-102,PRS-NEUR-DELIRIUM,source_checked,needs_medical_review,common,typical,common,variable,adult or pediatric context as indicated,consider pregnancy-specific differential and medication context,"emergency, inpatient, or outpatient according to onset and stability",Time course and localizing examination findings support this neurologic pathway.,Absence of localizing or systemic findings should redirect the differential without false reassurance.,false,Step 1; Step 2 CK; Step 3,Neurology; Internal Medicine; Pediatrics; Emergency Medicine,partially_source_supported
DPR-NEUR-0833,DIS-NEUR-102,PRS-NEUR-056,source_checked,needs_medical_review,common,typical,common,variable,adult or pediatric context as indicated,consider pregnancy-specific differential and medication context,"emergency, inpatient, or outpatient according to onset and stability",Time course and localizing examination findings support this neurologic pathway.,Absence of localizing or systemic findings should redirect the differential without false reassurance.,false,Step 1; Step 2 CK; Step 3,Neurology; Internal Medicine; Pediatrics; Emergency Medicine,partially_source_supported
DPR-NEUR-0834,DIS-N-0067,PRS-NEUR-062,source_checked,needs_medical_review,classic,typical,common,variable,adult or pediatric context as indicated,consider pregnancy-specific differential and medication context,"emergency, inpatient, or outpatient according to onset and stability",Time course and localizing examination findings support this neurologic pathway.,Absence of localizing or systemic findings should redirect the differential without false reassurance.,false,Step 1; Step 2 CK; Step 3,Neurology; Internal Medicine; Pediatrics; Emergency Medicine,partially_source_supported
DPR-NEUR-0835,DIS-N-0067,PRS-NEUR-053,source_checked,needs_medical_review,common,typical,common,variable,adult or pediatric context as indicated,consider pregnancy-specific differential and medication context,"emergency, inpatient, or outpatient according to onset and stability",Time course and localizing examination findings support this neurologic pathway.,Absence of localizing or systemic findings should redirect the differential without false reassurance.,false,Step 1; Step 2 CK; Step 3,Neurology; Internal Medicine; Pediatrics; Emergency Medicine,partially_source_supported
DPR-NEUR-0836,DIS-N-0067,PRS-NEUR-RESPIRATORYWEAKNESS,source_checked,needs_medical_review,common,typical,common,variable,adult or pediatric context as indicated,consider pregnancy-specific differential and medication context,"emergency, inpatient, or outpatient according to onset and stability",Time course and localizing examination findings support this neurologic pathway.,Absence of localizing or systemic findings should redirect the differential without false reassurance.,false,Step 1; Step 2 CK; Step 3,Neurology; Internal Medicine; Pediatrics; Emergency Medicine,partially_source_supported
DPR-NEUR-0837,DIS-NEUR-104,PRS-NEUR-062,source_checked,needs_medical_review,classic,typical,common,variable,adult or pediatric context as indicated,consider pregnancy-specific differential and medication context,"emergency, inpatient, or outpatient according to onset and stability",Time course and localizing examination findings support this neurologic pathway.,Absence of localizing or systemic findings should redirect the differential without false reassurance.,false,Step 1; Step 2 CK; Step 3,Neurology; Internal Medicine; Pediatrics; Emergency Medicine,partially_source_supported
DPR-NEUR-0838,DIS-NEUR-104,PRS-NEUR-053,source_checked,needs_medical_review,common,typical,common,variable,adult or pediatric context as indicated,consider pregnancy-specific differential and medication context,"emergency, inpatient, or outpatient according to onset and stability",Time course and localizing examination findings support this neurologic pathway.,Absence of localizing or systemic findings should redirect the differential without false reassurance.,false,Step 1; Step 2 CK; Step 3,Neurology; Internal Medicine; Pediatrics; Emergency Medicine,partially_source_supported
DPR-NEUR-0839,DIS-NEUR-104,PRS-NEUR-RESPIRATORYWEAKNESS,source_checked,needs_medical_review,common,typical,common,variable,adult or pediatric context as indicated,consider pregnancy-specific differential and medication context,"emergency, inpatient, or outpatient according to onset and stability",Time course and localizing examination findings support this neurologic pathway.,Absence of localizing or systemic findings should redirect the differential without false reassurance.,false,Step 1; Step 2 CK; Step 3,Neurology; Internal Medicine; Pediatrics; Emergency Medicine,partially_source_supported
DPR-NEUR-0840,DIS-NEUR-105,PRS-NEUR-067,source_checked,needs_medical_review,classic,typical,common,variable,adult or pediatric context as indicated,consider pregnancy-specific differential and medication context,"emergency, inpatient, or outpatient according to onset and stability",Time course and localizing examination findings support this neurologic pathway.,Absence of localizing or systemic findings should redirect the differential without false reassurance.,false,Step 1; Step 2 CK; Step 3,Neurology; Internal Medicine; Pediatrics; Emergency Medicine,partially_source_supported
DPR-NEUR-0841,DIS-NEUR-105,PRS-NEUR-DELIRIUM,source_checked,needs_medical_review,common,typical,common,variable,adult or pediatric context as indicated,consider pregnancy-specific differential and medication context,"emergency, inpatient, or outpatient according to onset and stability",Time course and localizing examination findings support this neurologic pathway.,Absence of localizing or systemic findings should redirect the differential without false reassurance.,false,Step 1; Step 2 CK; Step 3,Neurology; Internal Medicine; Pediatrics; Emergency Medicine,partially_source_supported
DPR-NEUR-0842,DIS-NEUR-105,PRS-NEUR-056,source_checked,needs_medical_review,common,typical,common,variable,adult or pediatric context as indicated,consider pregnancy-specific differential and medication context,"emergency, inpatient, or outpatient according to onset and stability",Time course and localizing examination findings support this neurologic pathway.,Absence of localizing or systemic findings should redirect the differential without false reassurance.,false,Step 1; Step 2 CK; Step 3,Neurology; Internal Medicine; Pediatrics; Emergency Medicine,partially_source_supported
DPR-NEUR-0843,DIS-NEUR-106,PRS-NEUR-062,source_checked,needs_medical_review,classic,typical,common,variable,adult or pediatric context as indicated,consider pregnancy-specific differential and medication context,"emergency, inpatient, or outpatient according to onset and stability",Time course and localizing examination findings support this neurologic pathway.,Absence of localizing or systemic findings should redirect the differential without false reassurance.,false,Step 1; Step 2 CK; Step 3,Neurology; Internal Medicine; Pediatrics; Emergency Medicine,partially_source_supported
DPR-NEUR-0844,DIS-NEUR-106,PRS-NEUR-053,source_checked,needs_medical_review,common,typical,common,variable,adult or pediatric context as indicated,consider pregnancy-specific differential and medication context,"emergency, inpatient, or outpatient according to onset and stability",Time course and localizing examination findings support this neurologic pathway.,Absence of localizing or systemic findings should redirect the differential without false reassurance.,false,Step 1; Step 2 CK; Step 3,Neurology; Internal Medicine; Pediatrics; Emergency Medicine,partially_source_supported
DPR-NEUR-0845,DIS-NEUR-106,PRS-NEUR-RESPIRATORYWEAKNESS,source_checked,needs_medical_review,common,typical,common,variable,adult or pediatric context as indicated,consider pregnancy-specific differential and medication context,"emergency, inpatient, or outpatient according to onset and stability",Time course and localizing examination findings support this neurologic pathway.,Absence of localizing or systemic findings should redirect the differential without false reassurance.,false,Step 1; Step 2 CK; Step 3,Neurology; Internal Medicine; Pediatrics; Emergency Medicine,partially_source_supported
DPR-NEUR-0846,DIS-NEUR-107,PRS-NEUR-067,source_checked,needs_medical_review,classic,typical,common,variable,adult or pediatric context as indicated,consider pregnancy-specific differential and medication context,"emergency, inpatient, or outpatient according to onset and stability",Time course and localizing examination findings support this neurologic pathway.,Absence of localizing or systemic findings should redirect the differential without false reassurance.,false,Step 1; Step 2 CK; Step 3,Neurology; Internal Medicine; Pediatrics; Emergency Medicine,partially_source_supported
DPR-NEUR-0847,DIS-NEUR-107,PRS-NEUR-DELIRIUM,source_checked,needs_medical_review,common,typical,common,variable,adult or pediatric context as indicated,consider pregnancy-specific differential and medication context,"emergency, inpatient, or outpatient according to onset and stability",Time course and localizing examination findings support this neurologic pathway.,Absence of localizing or systemic findings should redirect the differential without false reassurance.,false,Step 1; Step 2 CK; Step 3,Neurology; Internal Medicine; Pediatrics; Emergency Medicine,partially_source_supported
DPR-NEUR-0848,DIS-NEUR-107,PRS-NEUR-056,source_checked,needs_medical_review,common,typical,common,variable,adult or pediatric context as indicated,consider pregnancy-specific differential and medication context,"emergency, inpatient, or outpatient according to onset and stability",Time course and localizing examination findings support this neurologic pathway.,Absence of localizing or systemic findings should redirect the differential without false reassurance.,false,Step 1; Step 2 CK; Step 3,Neurology; Internal Medicine; Pediatrics; Emergency Medicine,partially_source_supported
DPR-NEUR-0849,DIS-NEUR-108,PRS-NEUR-062,source_checked,needs_medical_review,classic,typical,common,variable,adult or pediatric context as indicated,consider pregnancy-specific differential and medication context,"emergency, inpatient, or outpatient according to onset and stability",Time course and localizing examination findings support this neurologic pathway.,Absence of localizing or systemic findings should redirect the differential without false reassurance.,false,Step 1; Step 2 CK; Step 3,Neurology; Internal Medicine; Pediatrics; Emergency Medicine,partially_source_supported
DPR-NEUR-0850,DIS-NEUR-108,PRS-NEUR-053,source_checked,needs_medical_review,common,typical,common,variable,adult or pediatric context as indicated,consider pregnancy-specific differential and medication context,"emergency, inpatient, or outpatient according to onset and stability",Time course and localizing examination findings support this neurologic pathway.,Absence of localizing or systemic findings should redirect the differential without false reassurance.,false,Step 1; Step 2 CK; Step 3,Neurology; Internal Medicine; Pediatrics; Emergency Medicine,partially_source_supported
DPR-NEUR-0851,DIS-NEUR-108,PRS-NEUR-RESPIRATORYWEAKNESS,source_checked,needs_medical_review,common,typical,common,variable,adult or pediatric context as indicated,consider pregnancy-specific differential and medication context,"emergency, inpatient, or outpatient according to onset and stability",Time course and localizing examination findings support this neurologic pathway.,Absence of localizing or systemic findings should redirect the differential without false reassurance.,false,Step 1; Step 2 CK; Step 3,Neurology; Internal Medicine; Pediatrics; Emergency Medicine,partially_source_supported
DPR-NEUR-0852,DIS-NEUR-111,PRS-NEUR-062,source_checked,needs_medical_review,classic,typical,common,variable,adult or pediatric context as indicated,consider pregnancy-specific differential and medication context,"emergency, inpatient, or outpatient according to onset and stability",Time course and localizing examination findings support this neurologic pathway.,Absence of localizing or systemic findings should redirect the differential without false reassurance.,false,Step 1; Step 2 CK; Step 3,Neurology; Internal Medicine; Pediatrics; Emergency Medicine,partially_source_supported
DPR-NEUR-0853,DIS-NEUR-111,PRS-NEUR-053,source_checked,needs_medical_review,common,typical,common,variable,adult or pediatric context as indicated,consider pregnancy-specific differential and medication context,"emergency, inpatient, or outpatient according to onset and stability",Time course and localizing examination findings support this neurologic pathway.,Absence of localizing or systemic findings should redirect the differential without false reassurance.,false,Step 1; Step 2 CK; Step 3,Neurology; Internal Medicine; Pediatrics; Emergency Medicine,partially_source_supported
DPR-NEUR-0854,DIS-NEUR-111,PRS-NEUR-RESPIRATORYWEAKNESS,source_checked,needs_medical_review,common,typical,common,variable,adult or pediatric context as indicated,consider pregnancy-specific differential and medication context,"emergency, inpatient, or outpatient according to onset and stability",Time course and localizing examination findings support this neurologic pathway.,Absence of localizing or systemic findings should redirect the differential without false reassurance.,false,Step 1; Step 2 CK; Step 3,Neurology; Internal Medicine; Pediatrics; Emergency Medicine,partially_source_supported
DPR-NEUR-0855,DIS-NEUR-112,PRS-NEUR-062,source_checked,needs_medical_review,classic,typical,common,variable,adult or pediatric context as indicated,consider pregnancy-specific differential and medication context,"emergency, inpatient, or outpatient according to onset and stability",Time course and localizing examination findings support this neurologic pathway.,Absence of localizing or systemic findings should redirect the differential without false reassurance.,false,Step 1; Step 2 CK; Step 3,Neurology; Internal Medicine; Pediatrics; Emergency Medicine,partially_source_supported
DPR-NEUR-0856,DIS-NEUR-112,PRS-NEUR-053,source_checked,needs_medical_review,common,typical,common,variable,adult or pediatric context as indicated,consider pregnancy-specific differential and medication context,"emergency, inpatient, or outpatient according to onset and stability",Time course and localizing examination findings support this neurologic pathway.,Absence of localizing or systemic findings should redirect the differential without false reassurance.,false,Step 1; Step 2 CK; Step 3,Neurology; Internal Medicine; Pediatrics; Emergency Medicine,partially_source_supported
DPR-NEUR-0857,DIS-NEUR-112,PRS-NEUR-RESPIRATORYWEAKNESS,source_checked,needs_medical_review,common,typical,common,variable,adult or pediatric context as indicated,consider pregnancy-specific differential and medication context,"emergency, inpatient, or outpatient according to onset and stability",Time course and localizing examination findings support this neurologic pathway.,Absence of localizing or systemic findings should redirect the differential without false reassurance.,false,Step 1; Step 2 CK; Step 3,Neurology; Internal Medicine; Pediatrics; Emergency Medicine,partially_source_supported
DPR-NEUR-0858,DIS-NEUR-113,PRS-NEUR-069,source_checked,needs_medical_review,classic,typical,common,variable,adult or pediatric context as indicated,consider pregnancy-specific differential and medication context,"emergency, inpatient, or outpatient according to onset and stability",Time course and localizing examination findings support this neurologic pathway.,Absence of localizing or systemic findings should redirect the differential without false reassurance.,false,Step 1; Step 2 CK; Step 3,Neurology; Internal Medicine; Pediatrics; Emergency Medicine,partially_source_supported
DPR-NEUR-0859,DIS-NEUR-113,PRS-NEUR-PARESTHESIA,source_checked,needs_medical_review,common,typical,common,variable,adult or pediatric context as indicated,consider pregnancy-specific differential and medication context,"emergency, inpatient, or outpatient according to onset and stability",Time course and localizing examination findings support this neurologic pathway.,Absence of localizing or systemic findings should redirect the differential without false reassurance.,false,Step 1; Step 2 CK; Step 3,Neurology; Internal Medicine; Pediatrics; Emergency Medicine,partially_source_supported
DPR-NEUR-0860,DIS-NEUR-113,PRS-021,source_checked,needs_medical_review,common,typical,common,variable,adult or pediatric context as indicated,consider pregnancy-specific differential and medication context,"emergency, inpatient, or outpatient according to onset and stability",Time course and localizing examination findings support this neurologic pathway.,Absence of localizing or systemic findings should redirect the differential without false reassurance.,false,Step 1; Step 2 CK; Step 3,Neurology; Internal Medicine; Pediatrics; Emergency Medicine,partially_source_supported
DPR-NEUR-0861,DIS-NEUR-114,PRS-NEUR-069,source_checked,needs_medical_review,classic,typical,common,variable,adult or pediatric context as indicated,consider pregnancy-specific differential and medication context,"emergency, inpatient, or outpatient according to onset and stability",Time course and localizing examination findings support this neurologic pathway.,Absence of localizing or systemic findings should redirect the differential without false reassurance.,false,Step 1; Step 2 CK; Step 3,Neurology; Internal Medicine; Pediatrics; Emergency Medicine,partially_source_supported
DPR-NEUR-0862,DIS-NEUR-114,PRS-NEUR-PARESTHESIA,source_checked,needs_medical_review,common,typical,common,variable,adult or pediatric context as indicated,consider pregnancy-specific differential and medication context,"emergency, inpatient, or outpatient according to onset and stability",Time course and localizing examination findings support this neurologic pathway.,Absence of localizing or systemic findings should redirect the differential without false reassurance.,false,Step 1; Step 2 CK; Step 3,Neurology; Internal Medicine; Pediatrics; Emergency Medicine,partially_source_supported
DPR-NEUR-0863,DIS-NEUR-114,PRS-021,source_checked,needs_medical_review,common,typical,common,variable,adult or pediatric context as indicated,consider pregnancy-specific differential and medication context,"emergency, inpatient, or outpatient according to onset and stability",Time course and localizing examination findings support this neurologic pathway.,Absence of localizing or systemic findings should redirect the differential without false reassurance.,false,Step 1; Step 2 CK; Step 3,Neurology; Internal Medicine; Pediatrics; Emergency Medicine,partially_source_supported
DPR-NEUR-0864,DIS-NEUR-116,PRS-NEUR-069,source_checked,needs_medical_review,classic,typical,common,variable,adult or pediatric context as indicated,consider pregnancy-specific differential and medication context,"emergency, inpatient, or outpatient according to onset and stability",Time course and localizing examination findings support this neurologic pathway.,Absence of localizing or systemic findings should redirect the differential without false reassurance.,false,Step 1; Step 2 CK; Step 3,Neurology; Internal Medicine; Pediatrics; Emergency Medicine,partially_source_supported
DPR-NEUR-0865,DIS-NEUR-116,PRS-NEUR-PARESTHESIA,source_checked,needs_medical_review,common,typical,common,variable,adult or pediatric context as indicated,consider pregnancy-specific differential and medication context,"emergency, inpatient, or outpatient according to onset and stability",Time course and localizing examination findings support this neurologic pathway.,Absence of localizing or systemic findings should redirect the differential without false reassurance.,false,Step 1; Step 2 CK; Step 3,Neurology; Internal Medicine; Pediatrics; Emergency Medicine,partially_source_supported
DPR-NEUR-0866,DIS-NEUR-116,PRS-021,source_checked,needs_medical_review,common,typical,common,variable,adult or pediatric context as indicated,consider pregnancy-specific differential and medication context,"emergency, inpatient, or outpatient according to onset and stability",Time course and localizing examination findings support this neurologic pathway.,Absence of localizing or systemic findings should redirect the differential without false reassurance.,false,Step 1; Step 2 CK; Step 3,Neurology; Internal Medicine; Pediatrics; Emergency Medicine,partially_source_supported
DPR-NEUR-0867,DIS-NEUR-117,PRS-NEUR-069,source_checked,needs_medical_review,classic,typical,common,variable,adult or pediatric context as indicated,consider pregnancy-specific differential and medication context,"emergency, inpatient, or outpatient according to onset and stability",Time course and localizing examination findings support this neurologic pathway.,Absence of localizing or systemic findings should redirect the differential without false reassurance.,false,Step 1; Step 2 CK; Step 3,Neurology; Internal Medicine; Pediatrics; Emergency Medicine,partially_source_supported
DPR-NEUR-0868,DIS-NEUR-117,PRS-NEUR-PARESTHESIA,source_checked,needs_medical_review,common,typical,common,variable,adult or pediatric context as indicated,consider pregnancy-specific differential and medication context,"emergency, inpatient, or outpatient according to onset and stability",Time course and localizing examination findings support this neurologic pathway.,Absence of localizing or systemic findings should redirect the differential without false reassurance.,false,Step 1; Step 2 CK; Step 3,Neurology; Internal Medicine; Pediatrics; Emergency Medicine,partially_source_supported
DPR-NEUR-0869,DIS-NEUR-117,PRS-021,source_checked,needs_medical_review,common,typical,common,variable,adult or pediatric context as indicated,consider pregnancy-specific differential and medication context,"emergency, inpatient, or outpatient according to onset and stability",Time course and localizing examination findings support this neurologic pathway.,Absence of localizing or systemic findings should redirect the differential without false reassurance.,false,Step 1; Step 2 CK; Step 3,Neurology; Internal Medicine; Pediatrics; Emergency Medicine,partially_source_supported
DPR-NEUR-0870,DIS-NEUR-118,PRS-NEUR-069,source_checked,needs_medical_review,classic,typical,common,variable,adult or pediatric context as indicated,consider pregnancy-specific differential and medication context,"emergency, inpatient, or outpatient according to onset and stability",Time course and localizing examination findings support this neurologic pathway.,Absence of localizing or systemic findings should redirect the differential without false reassurance.,false,Step 1; Step 2 CK; Step 3,Neurology; Internal Medicine; Pediatrics; Emergency Medicine,partially_source_supported
DPR-NEUR-0871,DIS-NEUR-118,PRS-NEUR-PARESTHESIA,source_checked,needs_medical_review,common,typical,common,variable,adult or pediatric context as indicated,consider pregnancy-specific differential and medication context,"emergency, inpatient, or outpatient according to onset and stability",Time course and localizing examination findings support this neurologic pathway.,Absence of localizing or systemic findings should redirect the differential without false reassurance.,false,Step 1; Step 2 CK; Step 3,Neurology; Internal Medicine; Pediatrics; Emergency Medicine,partially_source_supported
DPR-NEUR-0872,DIS-NEUR-118,PRS-021,source_checked,needs_medical_review,common,typical,common,variable,adult or pediatric context as indicated,consider pregnancy-specific differential and medication context,"emergency, inpatient, or outpatient according to onset and stability",Time course and localizing examination findings support this neurologic pathway.,Absence of localizing or systemic findings should redirect the differential without false reassurance.,false,Step 1; Step 2 CK; Step 3,Neurology; Internal Medicine; Pediatrics; Emergency Medicine,partially_source_supported
DPR-NEUR-0873,DIS-NEUR-119,PRS-NEUR-067,source_checked,needs_medical_review,classic,typical,common,variable,adult or pediatric context as indicated,consider pregnancy-specific differential and medication context,"emergency, inpatient, or outpatient according to onset and stability",Time course and localizing examination findings support this neurologic pathway.,Absence of localizing or systemic findings should redirect the differential without false reassurance.,false,Step 1; Step 2 CK; Step 3,Neurology; Internal Medicine; Pediatrics; Emergency Medicine,partially_source_supported
DPR-NEUR-0874,DIS-NEUR-119,PRS-NEUR-DELIRIUM,source_checked,needs_medical_review,common,typical,common,variable,adult or pediatric context as indicated,consider pregnancy-specific differential and medication context,"emergency, inpatient, or outpatient according to onset and stability",Time course and localizing examination findings support this neurologic pathway.,Absence of localizing or systemic findings should redirect the differential without false reassurance.,false,Step 1; Step 2 CK; Step 3,Neurology; Internal Medicine; Pediatrics; Emergency Medicine,partially_source_supported
DPR-NEUR-0875,DIS-NEUR-119,PRS-NEUR-056,source_checked,needs_medical_review,common,typical,common,variable,adult or pediatric context as indicated,consider pregnancy-specific differential and medication context,"emergency, inpatient, or outpatient according to onset and stability",Time course and localizing examination findings support this neurologic pathway.,Absence of localizing or systemic findings should redirect the differential without false reassurance.,false,Step 1; Step 2 CK; Step 3,Neurology; Internal Medicine; Pediatrics; Emergency Medicine,partially_source_supported
DPR-NEUR-0876,DIS-NEUR-125,PRS-NEUR-051,source_checked,needs_medical_review,classic,typical,common,high,adult or pediatric context as indicated,consider pregnancy-specific differential and medication context,"emergency, inpatient, or outpatient according to onset and stability",Time course and localizing examination findings support this neurologic pathway.,Absence of localizing or systemic findings should redirect the differential without false reassurance.,true,Step 1; Step 2 CK; Step 3,Neurology; Internal Medicine; Pediatrics; Emergency Medicine,partially_source_supported
DPR-NEUR-0877,DIS-NEUR-125,PRS-NEUR-APHASIA,source_checked,needs_medical_review,common,typical,common,high,adult or pediatric context as indicated,consider pregnancy-specific differential and medication context,"emergency, inpatient, or outpatient according to onset and stability",Time course and localizing examination findings support this neurologic pathway.,Absence of localizing or systemic findings should redirect the differential without false reassurance.,true,Step 1; Step 2 CK; Step 3,Neurology; Internal Medicine; Pediatrics; Emergency Medicine,partially_source_supported
DPR-NEUR-0878,DIS-NEUR-125,PRS-NEUR-DYSARTHRIA,source_checked,needs_medical_review,common,typical,common,high,adult or pediatric context as indicated,consider pregnancy-specific differential and medication context,"emergency, inpatient, or outpatient according to onset and stability",Time course and localizing examination findings support this neurologic pathway.,Absence of localizing or systemic findings should redirect the differential without false reassurance.,true,Step 1; Step 2 CK; Step 3,Neurology; Internal Medicine; Pediatrics; Emergency Medicine,partially_source_supported
DPR-NEUR-0879,DIS-NEUR-126,PRS-NEUR-055,source_checked,needs_medical_review,classic,typical,common,high,adult or pediatric context as indicated,consider pregnancy-specific differential and medication context,"emergency, inpatient, or outpatient according to onset and stability",Time course and localizing examination findings support this neurologic pathway.,Absence of localizing or systemic findings should redirect the differential without false reassurance.,true,Step 1; Step 2 CK; Step 3,Neurology; Internal Medicine; Pediatrics; Emergency Medicine,partially_source_supported
DPR-NEUR-0880,DIS-NEUR-126,PRS-NEUR-SENSORYLEVEL,source_checked,needs_medical_review,common,typical,common,high,adult or pediatric context as indicated,consider pregnancy-specific differential and medication context,"emergency, inpatient, or outpatient according to onset and stability",Time course and localizing examination findings support this neurologic pathway.,Absence of localizing or systemic findings should redirect the differential without false reassurance.,true,Step 1; Step 2 CK; Step 3,Neurology; Internal Medicine; Pediatrics; Emergency Medicine,partially_source_supported
DPR-NEUR-0881,DIS-NEUR-126,PRS-NEUR-URINARYRETENTIONWITH,source_checked,needs_medical_review,common,typical,common,high,adult or pediatric context as indicated,consider pregnancy-specific differential and medication context,"emergency, inpatient, or outpatient according to onset and stability",Time course and localizing examination findings support this neurologic pathway.,Absence of localizing or systemic findings should redirect the differential without false reassurance.,true,Step 1; Step 2 CK; Step 3,Neurology; Internal Medicine; Pediatrics; Emergency Medicine,partially_source_supported
DPR-NEUR-0882,DIS-NEUR-127,PRS-NEUR-055,source_checked,needs_medical_review,classic,typical,common,high,adult or pediatric context as indicated,consider pregnancy-specific differential and medication context,"emergency, inpatient, or outpatient according to onset and stability",Time course and localizing examination findings support this neurologic pathway.,Absence of localizing or systemic findings should redirect the differential without false reassurance.,true,Step 1; Step 2 CK; Step 3,Neurology; Internal Medicine; Pediatrics; Emergency Medicine,partially_source_supported
DPR-NEUR-0883,DIS-NEUR-127,PRS-NEUR-SENSORYLEVEL,source_checked,needs_medical_review,common,typical,common,high,adult or pediatric context as indicated,consider pregnancy-specific differential and medication context,"emergency, inpatient, or outpatient according to onset and stability",Time course and localizing examination findings support this neurologic pathway.,Absence of localizing or systemic findings should redirect the differential without false reassurance.,true,Step 1; Step 2 CK; Step 3,Neurology; Internal Medicine; Pediatrics; Emergency Medicine,partially_source_supported
DPR-NEUR-0884,DIS-NEUR-127,PRS-NEUR-URINARYRETENTIONWITH,source_checked,needs_medical_review,common,typical,common,high,adult or pediatric context as indicated,consider pregnancy-specific differential and medication context,"emergency, inpatient, or outpatient according to onset and stability",Time course and localizing examination findings support this neurologic pathway.,Absence of localizing or systemic findings should redirect the differential without false reassurance.,true,Step 1; Step 2 CK; Step 3,Neurology; Internal Medicine; Pediatrics; Emergency Medicine,partially_source_supported
DPR-NEUR-0885,DIS-NEUR-128,PRS-NEUR-067,source_checked,needs_medical_review,classic,typical,common,high,adult or pediatric context as indicated,consider pregnancy-specific differential and medication context,"emergency, inpatient, or outpatient according to onset and stability",Time course and localizing examination findings support this neurologic pathway.,Absence of localizing or systemic findings should redirect the differential without false reassurance.,true,Step 1; Step 2 CK; Step 3,Neurology; Internal Medicine; Pediatrics; Emergency Medicine,partially_source_supported
DPR-NEUR-0886,DIS-NEUR-128,PRS-NEUR-DELIRIUM,source_checked,needs_medical_review,common,typical,common,high,adult or pediatric context as indicated,consider pregnancy-specific differential and medication context,"emergency, inpatient, or outpatient according to onset and stability",Time course and localizing examination findings support this neurologic pathway.,Absence of localizing or systemic findings should redirect the differential without false reassurance.,true,Step 1; Step 2 CK; Step 3,Neurology; Internal Medicine; Pediatrics; Emergency Medicine,partially_source_supported
DPR-NEUR-0887,DIS-NEUR-128,PRS-NEUR-056,source_checked,needs_medical_review,common,typical,common,high,adult or pediatric context as indicated,consider pregnancy-specific differential and medication context,"emergency, inpatient, or outpatient according to onset and stability",Time course and localizing examination findings support this neurologic pathway.,Absence of localizing or systemic findings should redirect the differential without false reassurance.,true,Step 1; Step 2 CK; Step 3,Neurology; Internal Medicine; Pediatrics; Emergency Medicine,partially_source_supported
DPR-NEUR-0888,DIS-NEUR-129,PRS-NEUR-067,source_checked,needs_medical_review,classic,typical,common,variable,adult or pediatric context as indicated,consider pregnancy-specific differential and medication context,"emergency, inpatient, or outpatient according to onset and stability",Time course and localizing examination findings support this neurologic pathway.,Absence of localizing or systemic findings should redirect the differential without false reassurance.,false,Step 1; Step 2 CK; Step 3,Neurology; Internal Medicine; Pediatrics; Emergency Medicine,partially_source_supported
DPR-NEUR-0889,DIS-NEUR-129,PRS-NEUR-DELIRIUM,source_checked,needs_medical_review,common,typical,common,variable,adult or pediatric context as indicated,consider pregnancy-specific differential and medication context,"emergency, inpatient, or outpatient according to onset and stability",Time course and localizing examination findings support this neurologic pathway.,Absence of localizing or systemic findings should redirect the differential without false reassurance.,false,Step 1; Step 2 CK; Step 3,Neurology; Internal Medicine; Pediatrics; Emergency Medicine,partially_source_supported
DPR-NEUR-0890,DIS-NEUR-129,PRS-NEUR-056,source_checked,needs_medical_review,common,typical,common,variable,adult or pediatric context as indicated,consider pregnancy-specific differential and medication context,"emergency, inpatient, or outpatient according to onset and stability",Time course and localizing examination findings support this neurologic pathway.,Absence of localizing or systemic findings should redirect the differential without false reassurance.,false,Step 1; Step 2 CK; Step 3,Neurology; Internal Medicine; Pediatrics; Emergency Medicine,partially_source_supported
DPR-NEUR-0891,DIS-NEUR-130,PRS-NEUR-PROGRESSIVEHEADACHE,source_checked,needs_medical_review,classic,typical,common,variable,adult or pediatric context as indicated,consider pregnancy-specific differential and medication context,"emergency, inpatient, or outpatient according to onset and stability",Time course and localizing examination findings support this neurologic pathway.,Absence of localizing or systemic findings should redirect the differential without false reassurance.,false,Step 1; Step 2 CK; Step 3,Neurology; Internal Medicine; Pediatrics; Emergency Medicine,partially_source_supported
DPR-NEUR-0892,DIS-NEUR-130,PRS-NEUR-063,source_checked,needs_medical_review,common,typical,common,variable,adult or pediatric context as indicated,consider pregnancy-specific differential and medication context,"emergency, inpatient, or outpatient according to onset and stability",Time course and localizing examination findings support this neurologic pathway.,Absence of localizing or systemic findings should redirect the differential without false reassurance.,false,Step 1; Step 2 CK; Step 3,Neurology; Internal Medicine; Pediatrics; Emergency Medicine,partially_source_supported
DPR-NEUR-0893,DIS-NEUR-130,PRS-NEUR-051,source_checked,needs_medical_review,common,typical,common,variable,adult or pediatric context as indicated,consider pregnancy-specific differential and medication context,"emergency, inpatient, or outpatient according to onset and stability",Time course and localizing examination findings support this neurologic pathway.,Absence of localizing or systemic findings should redirect the differential without false reassurance.,false,Step 1; Step 2 CK; Step 3,Neurology; Internal Medicine; Pediatrics; Emergency Medicine,partially_source_supported
DPR-NEUR-0894,DIS-NEUR-131,PRS-006,source_checked,needs_medical_review,classic,typical,common,variable,adult or pediatric context as indicated,consider pregnancy-specific differential and medication context,"emergency, inpatient, or outpatient according to onset and stability",Time course and localizing examination findings support this neurologic pathway.,Absence of localizing or systemic findings should redirect the differential without false reassurance.,false,Step 1; Step 2 CK; Step 3,Neurology; Internal Medicine; Pediatrics; Emergency Medicine,partially_source_supported
DPR-NEUR-0895,DIS-NEUR-131,PRS-007,source_checked,needs_medical_review,common,typical,common,variable,adult or pediatric context as indicated,consider pregnancy-specific differential and medication context,"emergency, inpatient, or outpatient according to onset and stability",Time course and localizing examination findings support this neurologic pathway.,Absence of localizing or systemic findings should redirect the differential without false reassurance.,false,Step 1; Step 2 CK; Step 3,Neurology; Internal Medicine; Pediatrics; Emergency Medicine,partially_source_supported
DPR-NEUR-0896,DIS-NEUR-131,PRS-NEUR-063,source_checked,needs_medical_review,common,typical,common,variable,adult or pediatric context as indicated,consider pregnancy-specific differential and medication context,"emergency, inpatient, or outpatient according to onset and stability",Time course and localizing examination findings support this neurologic pathway.,Absence of localizing or systemic findings should redirect the differential without false reassurance.,false,Step 1; Step 2 CK; Step 3,Neurology; Internal Medicine; Pediatrics; Emergency Medicine,partially_source_supported
DPR-NEUR-0897,DIS-NEUR-132,PRS-NEUR-PROGRESSIVEHEADACHE,source_checked,needs_medical_review,classic,typical,common,variable,adult or pediatric context as indicated,consider pregnancy-specific differential and medication context,"emergency, inpatient, or outpatient according to onset and stability",Time course and localizing examination findings support this neurologic pathway.,Absence of localizing or systemic findings should redirect the differential without false reassurance.,false,Step 1; Step 2 CK; Step 3,Neurology; Internal Medicine; Pediatrics; Emergency Medicine,partially_source_supported
DPR-NEUR-0898,DIS-NEUR-132,PRS-NEUR-063,source_checked,needs_medical_review,common,typical,common,variable,adult or pediatric context as indicated,consider pregnancy-specific differential and medication context,"emergency, inpatient, or outpatient according to onset and stability",Time course and localizing examination findings support this neurologic pathway.,Absence of localizing or systemic findings should redirect the differential without false reassurance.,false,Step 1; Step 2 CK; Step 3,Neurology; Internal Medicine; Pediatrics; Emergency Medicine,partially_source_supported
DPR-NEUR-0899,DIS-NEUR-132,PRS-NEUR-051,source_checked,needs_medical_review,common,typical,common,variable,adult or pediatric context as indicated,consider pregnancy-specific differential and medication context,"emergency, inpatient, or outpatient according to onset and stability",Time course and localizing examination findings support this neurologic pathway.,Absence of localizing or systemic findings should redirect the differential without false reassurance.,false,Step 1; Step 2 CK; Step 3,Neurology; Internal Medicine; Pediatrics; Emergency Medicine,partially_source_supported
DPR-NEUR-0900,DIS-NEUR-133,PRS-NEUR-PROGRESSIVEHEADACHE,source_checked,needs_medical_review,classic,typical,common,variable,adult or pediatric context as indicated,consider pregnancy-specific differential and medication context,"emergency, inpatient, or outpatient according to onset and stability",Time course and localizing examination findings support this neurologic pathway.,Absence of localizing or systemic findings should redirect the differential without false reassurance.,false,Step 1; Step 2 CK; Step 3,Neurology; Internal Medicine; Pediatrics; Emergency Medicine,partially_source_supported
DPR-NEUR-0901,DIS-NEUR-133,PRS-NEUR-063,source_checked,needs_medical_review,common,typical,common,variable,adult or pediatric context as indicated,consider pregnancy-specific differential and medication context,"emergency, inpatient, or outpatient according to onset and stability",Time course and localizing examination findings support this neurologic pathway.,Absence of localizing or systemic findings should redirect the differential without false reassurance.,false,Step 1; Step 2 CK; Step 3,Neurology; Internal Medicine; Pediatrics; Emergency Medicine,partially_source_supported
DPR-NEUR-0902,DIS-NEUR-133,PRS-NEUR-051,source_checked,needs_medical_review,common,typical,common,variable,adult or pediatric context as indicated,consider pregnancy-specific differential and medication context,"emergency, inpatient, or outpatient according to onset and stability",Time course and localizing examination findings support this neurologic pathway.,Absence of localizing or systemic findings should redirect the differential without false reassurance.,false,Step 1; Step 2 CK; Step 3,Neurology; Internal Medicine; Pediatrics; Emergency Medicine,partially_source_supported
DPR-NEUR-0903,DIS-NEUR-134,PRS-NEUR-PROGRESSIVEHEADACHE,source_checked,needs_medical_review,classic,typical,common,variable,adult or pediatric context as indicated,consider pregnancy-specific differential and medication context,"emergency, inpatient, or outpatient according to onset and stability",Time course and localizing examination findings support this neurologic pathway.,Absence of localizing or systemic findings should redirect the differential without false reassurance.,false,Step 1; Step 2 CK; Step 3,Neurology; Internal Medicine; Pediatrics; Emergency Medicine,partially_source_supported
DPR-NEUR-0904,DIS-NEUR-134,PRS-NEUR-063,source_checked,needs_medical_review,common,typical,common,variable,adult or pediatric context as indicated,consider pregnancy-specific differential and medication context,"emergency, inpatient, or outpatient according to onset and stability",Time course and localizing examination findings support this neurologic pathway.,Absence of localizing or systemic findings should redirect the differential without false reassurance.,false,Step 1; Step 2 CK; Step 3,Neurology; Internal Medicine; Pediatrics; Emergency Medicine,partially_source_supported
DPR-NEUR-0905,DIS-NEUR-134,PRS-NEUR-051,source_checked,needs_medical_review,common,typical,common,variable,adult or pediatric context as indicated,consider pregnancy-specific differential and medication context,"emergency, inpatient, or outpatient according to onset and stability",Time course and localizing examination findings support this neurologic pathway.,Absence of localizing or systemic findings should redirect the differential without false reassurance.,false,Step 1; Step 2 CK; Step 3,Neurology; Internal Medicine; Pediatrics; Emergency Medicine,partially_source_supported
DPR-NEUR-0906,DIS-NEUR-135,PRS-NEUR-PROGRESSIVEHEADACHE,source_checked,needs_medical_review,classic,typical,common,variable,adult or pediatric context as indicated,consider pregnancy-specific differential and medication context,"emergency, inpatient, or outpatient according to onset and stability",Time course and localizing examination findings support this neurologic pathway.,Absence of localizing or systemic findings should redirect the differential without false reassurance.,false,Step 1; Step 2 CK; Step 3,Neurology; Internal Medicine; Pediatrics; Emergency Medicine,partially_source_supported
DPR-NEUR-0907,DIS-NEUR-135,PRS-NEUR-063,source_checked,needs_medical_review,common,typical,common,variable,adult or pediatric context as indicated,consider pregnancy-specific differential and medication context,"emergency, inpatient, or outpatient according to onset and stability",Time course and localizing examination findings support this neurologic pathway.,Absence of localizing or systemic findings should redirect the differential without false reassurance.,false,Step 1; Step 2 CK; Step 3,Neurology; Internal Medicine; Pediatrics; Emergency Medicine,partially_source_supported
DPR-NEUR-0908,DIS-NEUR-135,PRS-NEUR-051,source_checked,needs_medical_review,common,typical,common,variable,adult or pediatric context as indicated,consider pregnancy-specific differential and medication context,"emergency, inpatient, or outpatient according to onset and stability",Time course and localizing examination findings support this neurologic pathway.,Absence of localizing or systemic findings should redirect the differential without false reassurance.,false,Step 1; Step 2 CK; Step 3,Neurology; Internal Medicine; Pediatrics; Emergency Medicine,partially_source_supported
DPR-NEUR-0909,DIS-NEUR-136,PRS-NEUR-PROGRESSIVEHEADACHE,source_checked,needs_medical_review,classic,typical,common,variable,adult or pediatric context as indicated,consider pregnancy-specific differential and medication context,"emergency, inpatient, or outpatient according to onset and stability",Time course and localizing examination findings support this neurologic pathway.,Absence of localizing or systemic findings should redirect the differential without false reassurance.,false,Step 1; Step 2 CK; Step 3,Neurology; Internal Medicine; Pediatrics; Emergency Medicine,partially_source_supported
DPR-NEUR-0910,DIS-NEUR-136,PRS-NEUR-063,source_checked,needs_medical_review,common,typical,common,variable,adult or pediatric context as indicated,consider pregnancy-specific differential and medication context,"emergency, inpatient, or outpatient according to onset and stability",Time course and localizing examination findings support this neurologic pathway.,Absence of localizing or systemic findings should redirect the differential without false reassurance.,false,Step 1; Step 2 CK; Step 3,Neurology; Internal Medicine; Pediatrics; Emergency Medicine,partially_source_supported
DPR-NEUR-0911,DIS-NEUR-136,PRS-NEUR-051,source_checked,needs_medical_review,common,typical,common,variable,adult or pediatric context as indicated,consider pregnancy-specific differential and medication context,"emergency, inpatient, or outpatient according to onset and stability",Time course and localizing examination findings support this neurologic pathway.,Absence of localizing or systemic findings should redirect the differential without false reassurance.,false,Step 1; Step 2 CK; Step 3,Neurology; Internal Medicine; Pediatrics; Emergency Medicine,partially_source_supported
DPR-NEUR-0912,DIS-NEUR-137,PRS-NEUR-067,source_checked,needs_medical_review,classic,typical,common,high,adult or pediatric context as indicated,consider pregnancy-specific differential and medication context,"emergency, inpatient, or outpatient according to onset and stability",Time course and localizing examination findings support this neurologic pathway.,Absence of localizing or systemic findings should redirect the differential without false reassurance.,true,Step 1; Step 2 CK; Step 3,Neurology; Internal Medicine; Pediatrics; Emergency Medicine,partially_source_supported
DPR-NEUR-0913,DIS-NEUR-137,PRS-NEUR-DELIRIUM,source_checked,needs_medical_review,common,typical,common,high,adult or pediatric context as indicated,consider pregnancy-specific differential and medication context,"emergency, inpatient, or outpatient according to onset and stability",Time course and localizing examination findings support this neurologic pathway.,Absence of localizing or systemic findings should redirect the differential without false reassurance.,true,Step 1; Step 2 CK; Step 3,Neurology; Internal Medicine; Pediatrics; Emergency Medicine,partially_source_supported
DPR-NEUR-0914,DIS-NEUR-137,PRS-NEUR-056,source_checked,needs_medical_review,common,typical,common,high,adult or pediatric context as indicated,consider pregnancy-specific differential and medication context,"emergency, inpatient, or outpatient according to onset and stability",Time course and localizing examination findings support this neurologic pathway.,Absence of localizing or systemic findings should redirect the differential without false reassurance.,true,Step 1; Step 2 CK; Step 3,Neurology; Internal Medicine; Pediatrics; Emergency Medicine,partially_source_supported
DPR-NEUR-0915,DIS-NEUR-138,PRS-NEUR-067,source_checked,needs_medical_review,classic,typical,common,high,adult or pediatric context as indicated,consider pregnancy-specific differential and medication context,"emergency, inpatient, or outpatient according to onset and stability",Time course and localizing examination findings support this neurologic pathway.,Absence of localizing or systemic findings should redirect the differential without false reassurance.,true,Step 1; Step 2 CK; Step 3,Neurology; Internal Medicine; Pediatrics; Emergency Medicine,partially_source_supported
DPR-NEUR-0916,DIS-NEUR-138,PRS-NEUR-DELIRIUM,source_checked,needs_medical_review,common,typical,common,high,adult or pediatric context as indicated,consider pregnancy-specific differential and medication context,"emergency, inpatient, or outpatient according to onset and stability",Time course and localizing examination findings support this neurologic pathway.,Absence of localizing or systemic findings should redirect the differential without false reassurance.,true,Step 1; Step 2 CK; Step 3,Neurology; Internal Medicine; Pediatrics; Emergency Medicine,partially_source_supported
DPR-NEUR-0917,DIS-NEUR-138,PRS-NEUR-056,source_checked,needs_medical_review,common,typical,common,high,adult or pediatric context as indicated,consider pregnancy-specific differential and medication context,"emergency, inpatient, or outpatient according to onset and stability",Time course and localizing examination findings support this neurologic pathway.,Absence of localizing or systemic findings should redirect the differential without false reassurance.,true,Step 1; Step 2 CK; Step 3,Neurology; Internal Medicine; Pediatrics; Emergency Medicine,partially_source_supported
DPR-NEUR-0918,DIS-NEUR-139,PRS-NEUR-067,source_checked,needs_medical_review,classic,typical,common,high,adult or pediatric context as indicated,consider pregnancy-specific differential and medication context,"emergency, inpatient, or outpatient according to onset and stability",Time course and localizing examination findings support this neurologic pathway.,Absence of localizing or systemic findings should redirect the differential without false reassurance.,true,Step 1; Step 2 CK; Step 3,Neurology; Internal Medicine; Pediatrics; Emergency Medicine,partially_source_supported
DPR-NEUR-0919,DIS-NEUR-139,PRS-NEUR-DELIRIUM,source_checked,needs_medical_review,common,typical,common,high,adult or pediatric context as indicated,consider pregnancy-specific differential and medication context,"emergency, inpatient, or outpatient according to onset and stability",Time course and localizing examination findings support this neurologic pathway.,Absence of localizing or systemic findings should redirect the differential without false reassurance.,true,Step 1; Step 2 CK; Step 3,Neurology; Internal Medicine; Pediatrics; Emergency Medicine,partially_source_supported
DPR-NEUR-0920,DIS-NEUR-139,PRS-NEUR-056,source_checked,needs_medical_review,common,typical,common,high,adult or pediatric context as indicated,consider pregnancy-specific differential and medication context,"emergency, inpatient, or outpatient according to onset and stability",Time course and localizing examination findings support this neurologic pathway.,Absence of localizing or systemic findings should redirect the differential without false reassurance.,true,Step 1; Step 2 CK; Step 3,Neurology; Internal Medicine; Pediatrics; Emergency Medicine,partially_source_supported
DPR-NEUR-0921,DIS-NEUR-140,PRS-NEUR-067,source_checked,needs_medical_review,classic,typical,common,high,adult or pediatric context as indicated,consider pregnancy-specific differential and medication context,"emergency, inpatient, or outpatient according to onset and stability",Time course and localizing examination findings support this neurologic pathway.,Absence of localizing or systemic findings should redirect the differential without false reassurance.,true,Step 1; Step 2 CK; Step 3,Neurology; Internal Medicine; Pediatrics; Emergency Medicine,partially_source_supported
DPR-NEUR-0922,DIS-NEUR-140,PRS-NEUR-DELIRIUM,source_checked,needs_medical_review,common,typical,common,high,adult or pediatric context as indicated,consider pregnancy-specific differential and medication context,"emergency, inpatient, or outpatient according to onset and stability",Time course and localizing examination findings support this neurologic pathway.,Absence of localizing or systemic findings should redirect the differential without false reassurance.,true,Step 1; Step 2 CK; Step 3,Neurology; Internal Medicine; Pediatrics; Emergency Medicine,partially_source_supported
DPR-NEUR-0923,DIS-NEUR-140,PRS-NEUR-056,source_checked,needs_medical_review,common,typical,common,high,adult or pediatric context as indicated,consider pregnancy-specific differential and medication context,"emergency, inpatient, or outpatient according to onset and stability",Time course and localizing examination findings support this neurologic pathway.,Absence of localizing or systemic findings should redirect the differential without false reassurance.,true,Step 1; Step 2 CK; Step 3,Neurology; Internal Medicine; Pediatrics; Emergency Medicine,partially_source_supported
DPR-NEUR-0924,DIS-NEUR-141,PRS-NEUR-067,source_checked,needs_medical_review,classic,typical,common,high,adult or pediatric context as indicated,consider pregnancy-specific differential and medication context,"emergency, inpatient, or outpatient according to onset and stability",Time course and localizing examination findings support this neurologic pathway.,Absence of localizing or systemic findings should redirect the differential without false reassurance.,true,Step 1; Step 2 CK; Step 3,Neurology; Internal Medicine; Pediatrics; Emergency Medicine,partially_source_supported
DPR-NEUR-0925,DIS-NEUR-141,PRS-NEUR-DELIRIUM,source_checked,needs_medical_review,common,typical,common,high,adult or pediatric context as indicated,consider pregnancy-specific differential and medication context,"emergency, inpatient, or outpatient according to onset and stability",Time course and localizing examination findings support this neurologic pathway.,Absence of localizing or systemic findings should redirect the differential without false reassurance.,true,Step 1; Step 2 CK; Step 3,Neurology; Internal Medicine; Pediatrics; Emergency Medicine,partially_source_supported
DPR-NEUR-0926,DIS-NEUR-141,PRS-NEUR-056,source_checked,needs_medical_review,common,typical,common,high,adult or pediatric context as indicated,consider pregnancy-specific differential and medication context,"emergency, inpatient, or outpatient according to onset and stability",Time course and localizing examination findings support this neurologic pathway.,Absence of localizing or systemic findings should redirect the differential without false reassurance.,true,Step 1; Step 2 CK; Step 3,Neurology; Internal Medicine; Pediatrics; Emergency Medicine,partially_source_supported
DPR-NEUR-0927,DIS-NEUR-142,PRS-NEUR-069,source_checked,needs_medical_review,classic,typical,common,variable,adult or pediatric context as indicated,consider pregnancy-specific differential and medication context,"emergency, inpatient, or outpatient according to onset and stability",Time course and localizing examination findings support this neurologic pathway.,Absence of localizing or systemic findings should redirect the differential without false reassurance.,false,Step 1; Step 2 CK; Step 3,Neurology; Internal Medicine; Pediatrics; Emergency Medicine,partially_source_supported
DPR-NEUR-0928,DIS-NEUR-142,PRS-NEUR-PARESTHESIA,source_checked,needs_medical_review,common,typical,common,variable,adult or pediatric context as indicated,consider pregnancy-specific differential and medication context,"emergency, inpatient, or outpatient according to onset and stability",Time course and localizing examination findings support this neurologic pathway.,Absence of localizing or systemic findings should redirect the differential without false reassurance.,false,Step 1; Step 2 CK; Step 3,Neurology; Internal Medicine; Pediatrics; Emergency Medicine,partially_source_supported
DPR-NEUR-0929,DIS-NEUR-142,PRS-021,source_checked,needs_medical_review,common,typical,common,variable,adult or pediatric context as indicated,consider pregnancy-specific differential and medication context,"emergency, inpatient, or outpatient according to onset and stability",Time course and localizing examination findings support this neurologic pathway.,Absence of localizing or systemic findings should redirect the differential without false reassurance.,false,Step 1; Step 2 CK; Step 3,Neurology; Internal Medicine; Pediatrics; Emergency Medicine,partially_source_supported
DPR-NEUR-0930,DIS-NEUR-143,PRS-NEUR-069,source_checked,needs_medical_review,classic,typical,common,variable,adult or pediatric context as indicated,consider pregnancy-specific differential and medication context,"emergency, inpatient, or outpatient according to onset and stability",Time course and localizing examination findings support this neurologic pathway.,Absence of localizing or systemic findings should redirect the differential without false reassurance.,false,Step 1; Step 2 CK; Step 3,Neurology; Internal Medicine; Pediatrics; Emergency Medicine,partially_source_supported
DPR-NEUR-0931,DIS-NEUR-143,PRS-NEUR-PARESTHESIA,source_checked,needs_medical_review,common,typical,common,variable,adult or pediatric context as indicated,consider pregnancy-specific differential and medication context,"emergency, inpatient, or outpatient according to onset and stability",Time course and localizing examination findings support this neurologic pathway.,Absence of localizing or systemic findings should redirect the differential without false reassurance.,false,Step 1; Step 2 CK; Step 3,Neurology; Internal Medicine; Pediatrics; Emergency Medicine,partially_source_supported
DPR-NEUR-0932,DIS-NEUR-143,PRS-021,source_checked,needs_medical_review,common,typical,common,variable,adult or pediatric context as indicated,consider pregnancy-specific differential and medication context,"emergency, inpatient, or outpatient according to onset and stability",Time course and localizing examination findings support this neurologic pathway.,Absence of localizing or systemic findings should redirect the differential without false reassurance.,false,Step 1; Step 2 CK; Step 3,Neurology; Internal Medicine; Pediatrics; Emergency Medicine,partially_source_supported
DPR-NEUR-0933,DIS-NEUR-144,PRS-NEUR-067,source_checked,needs_medical_review,classic,typical,common,variable,adult or pediatric context as indicated,consider pregnancy-specific differential and medication context,"emergency, inpatient, or outpatient according to onset and stability",Time course and localizing examination findings support this neurologic pathway.,Absence of localizing or systemic findings should redirect the differential without false reassurance.,false,Step 1; Step 2 CK; Step 3,Neurology; Internal Medicine; Pediatrics; Emergency Medicine,partially_source_supported
DPR-NEUR-0934,DIS-NEUR-144,PRS-NEUR-DELIRIUM,source_checked,needs_medical_review,common,typical,common,variable,adult or pediatric context as indicated,consider pregnancy-specific differential and medication context,"emergency, inpatient, or outpatient according to onset and stability",Time course and localizing examination findings support this neurologic pathway.,Absence of localizing or systemic findings should redirect the differential without false reassurance.,false,Step 1; Step 2 CK; Step 3,Neurology; Internal Medicine; Pediatrics; Emergency Medicine,partially_source_supported
DPR-NEUR-0935,DIS-NEUR-144,PRS-NEUR-056,source_checked,needs_medical_review,common,typical,common,variable,adult or pediatric context as indicated,consider pregnancy-specific differential and medication context,"emergency, inpatient, or outpatient according to onset and stability",Time course and localizing examination findings support this neurologic pathway.,Absence of localizing or systemic findings should redirect the differential without false reassurance.,false,Step 1; Step 2 CK; Step 3,Neurology; Internal Medicine; Pediatrics; Emergency Medicine,partially_source_supported
DPR-NEUR-0936,DIS-NEUR-145,PRS-NEUR-067,source_checked,needs_medical_review,classic,typical,common,variable,adult or pediatric context as indicated,consider pregnancy-specific differential and medication context,"emergency, inpatient, or outpatient according to onset and stability",Time course and localizing examination findings support this neurologic pathway.,Absence of localizing or systemic findings should redirect the differential without false reassurance.,false,Step 1; Step 2 CK; Step 3,Neurology; Internal Medicine; Pediatrics; Emergency Medicine,partially_source_supported
DPR-NEUR-0937,DIS-NEUR-145,PRS-NEUR-DELIRIUM,source_checked,needs_medical_review,common,typical,common,variable,adult or pediatric context as indicated,consider pregnancy-specific differential and medication context,"emergency, inpatient, or outpatient according to onset and stability",Time course and localizing examination findings support this neurologic pathway.,Absence of localizing or systemic findings should redirect the differential without false reassurance.,false,Step 1; Step 2 CK; Step 3,Neurology; Internal Medicine; Pediatrics; Emergency Medicine,partially_source_supported
DPR-NEUR-0938,DIS-NEUR-145,PRS-NEUR-056,source_checked,needs_medical_review,common,typical,common,variable,adult or pediatric context as indicated,consider pregnancy-specific differential and medication context,"emergency, inpatient, or outpatient according to onset and stability",Time course and localizing examination findings support this neurologic pathway.,Absence of localizing or systemic findings should redirect the differential without false reassurance.,false,Step 1; Step 2 CK; Step 3,Neurology; Internal Medicine; Pediatrics; Emergency Medicine,partially_source_supported
DPR-NEUR-0939,DIS-NEUR-146,PRS-NEUR-067,source_checked,needs_medical_review,classic,typical,common,variable,adult or pediatric context as indicated,consider pregnancy-specific differential and medication context,"emergency, inpatient, or outpatient according to onset and stability",Time course and localizing examination findings support this neurologic pathway.,Absence of localizing or systemic findings should redirect the differential without false reassurance.,false,Step 1; Step 2 CK; Step 3,Neurology; Internal Medicine; Pediatrics; Emergency Medicine,partially_source_supported
DPR-NEUR-0940,DIS-NEUR-146,PRS-NEUR-DELIRIUM,source_checked,needs_medical_review,common,typical,common,variable,adult or pediatric context as indicated,consider pregnancy-specific differential and medication context,"emergency, inpatient, or outpatient according to onset and stability",Time course and localizing examination findings support this neurologic pathway.,Absence of localizing or systemic findings should redirect the differential without false reassurance.,false,Step 1; Step 2 CK; Step 3,Neurology; Internal Medicine; Pediatrics; Emergency Medicine,partially_source_supported
DPR-NEUR-0941,DIS-NEUR-146,PRS-NEUR-056,source_checked,needs_medical_review,common,typical,common,variable,adult or pediatric context as indicated,consider pregnancy-specific differential and medication context,"emergency, inpatient, or outpatient according to onset and stability",Time course and localizing examination findings support this neurologic pathway.,Absence of localizing or systemic findings should redirect the differential without false reassurance.,false,Step 1; Step 2 CK; Step 3,Neurology; Internal Medicine; Pediatrics; Emergency Medicine,partially_source_supported
DPR-NEUR-0942,DIS-NEUR-147,PRS-NEUR-067,source_checked,needs_medical_review,classic,typical,common,variable,adult or pediatric context as indicated,consider pregnancy-specific differential and medication context,"emergency, inpatient, or outpatient according to onset and stability",Time course and localizing examination findings support this neurologic pathway.,Absence of localizing or systemic findings should redirect the differential without false reassurance.,false,Step 1; Step 2 CK; Step 3,Neurology; Internal Medicine; Pediatrics; Emergency Medicine,partially_source_supported
DPR-NEUR-0943,DIS-NEUR-147,PRS-NEUR-DELIRIUM,source_checked,needs_medical_review,common,typical,common,variable,adult or pediatric context as indicated,consider pregnancy-specific differential and medication context,"emergency, inpatient, or outpatient according to onset and stability",Time course and localizing examination findings support this neurologic pathway.,Absence of localizing or systemic findings should redirect the differential without false reassurance.,false,Step 1; Step 2 CK; Step 3,Neurology; Internal Medicine; Pediatrics; Emergency Medicine,partially_source_supported
DPR-NEUR-0944,DIS-NEUR-147,PRS-NEUR-056,source_checked,needs_medical_review,common,typical,common,variable,adult or pediatric context as indicated,consider pregnancy-specific differential and medication context,"emergency, inpatient, or outpatient according to onset and stability",Time course and localizing examination findings support this neurologic pathway.,Absence of localizing or systemic findings should redirect the differential without false reassurance.,false,Step 1; Step 2 CK; Step 3,Neurology; Internal Medicine; Pediatrics; Emergency Medicine,partially_source_supported
DPR-NEUR-0945,DIS-NEUR-148,PRS-NEUR-067,source_checked,needs_medical_review,classic,typical,common,variable,adult or pediatric context as indicated,consider pregnancy-specific differential and medication context,"emergency, inpatient, or outpatient according to onset and stability",Time course and localizing examination findings support this neurologic pathway.,Absence of localizing or systemic findings should redirect the differential without false reassurance.,false,Step 1; Step 2 CK; Step 3,Neurology; Internal Medicine; Pediatrics; Emergency Medicine,partially_source_supported
DPR-NEUR-0946,DIS-NEUR-148,PRS-NEUR-DELIRIUM,source_checked,needs_medical_review,common,typical,common,variable,adult or pediatric context as indicated,consider pregnancy-specific differential and medication context,"emergency, inpatient, or outpatient according to onset and stability",Time course and localizing examination findings support this neurologic pathway.,Absence of localizing or systemic findings should redirect the differential without false reassurance.,false,Step 1; Step 2 CK; Step 3,Neurology; Internal Medicine; Pediatrics; Emergency Medicine,partially_source_supported
DPR-NEUR-0947,DIS-NEUR-148,PRS-NEUR-056,source_checked,needs_medical_review,common,typical,common,variable,adult or pediatric context as indicated,consider pregnancy-specific differential and medication context,"emergency, inpatient, or outpatient according to onset and stability",Time course and localizing examination findings support this neurologic pathway.,Absence of localizing or systemic findings should redirect the differential without false reassurance.,false,Step 1; Step 2 CK; Step 3,Neurology; Internal Medicine; Pediatrics; Emergency Medicine,partially_source_supported
DPR-NEUR-0948,DIS-NEUR-149,PRS-NEUR-051,source_checked,needs_medical_review,classic,typical,common,variable,adult or pediatric context as indicated,consider pregnancy-specific differential and medication context,"emergency, inpatient, or outpatient according to onset and stability",Time course and localizing examination findings support this neurologic pathway.,Absence of localizing or systemic findings should redirect the differential without false reassurance.,false,Step 1; Step 2 CK; Step 3,Neurology; Internal Medicine; Pediatrics; Emergency Medicine,partially_source_supported
DPR-NEUR-0949,DIS-NEUR-149,PRS-NEUR-APHASIA,source_checked,needs_medical_review,common,typical,common,variable,adult or pediatric context as indicated,consider pregnancy-specific differential and medication context,"emergency, inpatient, or outpatient according to onset and stability",Time course and localizing examination findings support this neurologic pathway.,Absence of localizing or systemic findings should redirect the differential without false reassurance.,false,Step 1; Step 2 CK; Step 3,Neurology; Internal Medicine; Pediatrics; Emergency Medicine,partially_source_supported
DPR-NEUR-0950,DIS-NEUR-149,PRS-NEUR-DYSARTHRIA,source_checked,needs_medical_review,common,typical,common,variable,adult or pediatric context as indicated,consider pregnancy-specific differential and medication context,"emergency, inpatient, or outpatient according to onset and stability",Time course and localizing examination findings support this neurologic pathway.,Absence of localizing or systemic findings should redirect the differential without false reassurance.,false,Step 1; Step 2 CK; Step 3,Neurology; Internal Medicine; Pediatrics; Emergency Medicine,partially_source_supported
DPR-NEUR-0951,DIS-NEUR-150,PRS-NEUR-069,source_checked,needs_medical_review,classic,typical,common,variable,adult or pediatric context as indicated,consider pregnancy-specific differential and medication context,"emergency, inpatient, or outpatient according to onset and stability",Time course and localizing examination findings support this neurologic pathway.,Absence of localizing or systemic findings should redirect the differential without false reassurance.,false,Step 1; Step 2 CK; Step 3,Neurology; Internal Medicine; Pediatrics; Emergency Medicine,partially_source_supported
DPR-NEUR-0952,DIS-NEUR-150,PRS-NEUR-PARESTHESIA,source_checked,needs_medical_review,common,typical,common,variable,adult or pediatric context as indicated,consider pregnancy-specific differential and medication context,"emergency, inpatient, or outpatient according to onset and stability",Time course and localizing examination findings support this neurologic pathway.,Absence of localizing or systemic findings should redirect the differential without false reassurance.,false,Step 1; Step 2 CK; Step 3,Neurology; Internal Medicine; Pediatrics; Emergency Medicine,partially_source_supported
DPR-NEUR-0953,DIS-NEUR-150,PRS-021,source_checked,needs_medical_review,common,typical,common,variable,adult or pediatric context as indicated,consider pregnancy-specific differential and medication context,"emergency, inpatient, or outpatient according to onset and stability",Time course and localizing examination findings support this neurologic pathway.,Absence of localizing or systemic findings should redirect the differential without false reassurance.,false,Step 1; Step 2 CK; Step 3,Neurology; Internal Medicine; Pediatrics; Emergency Medicine,partially_source_supported
DPR-NEUR-0954,DIS-NEUR-151,PRS-NEUR-055,source_checked,needs_medical_review,classic,typical,common,variable,adult or pediatric context as indicated,consider pregnancy-specific differential and medication context,"emergency, inpatient, or outpatient according to onset and stability",Time course and localizing examination findings support this neurologic pathway.,Absence of localizing or systemic findings should redirect the differential without false reassurance.,false,Step 1; Step 2 CK; Step 3,Neurology; Internal Medicine; Pediatrics; Emergency Medicine,partially_source_supported
DPR-NEUR-0955,DIS-NEUR-151,PRS-NEUR-SENSORYLEVEL,source_checked,needs_medical_review,common,typical,common,variable,adult or pediatric context as indicated,consider pregnancy-specific differential and medication context,"emergency, inpatient, or outpatient according to onset and stability",Time course and localizing examination findings support this neurologic pathway.,Absence of localizing or systemic findings should redirect the differential without false reassurance.,false,Step 1; Step 2 CK; Step 3,Neurology; Internal Medicine; Pediatrics; Emergency Medicine,partially_source_supported
DPR-NEUR-0956,DIS-NEUR-151,PRS-NEUR-URINARYRETENTIONWITH,source_checked,needs_medical_review,common,typical,common,variable,adult or pediatric context as indicated,consider pregnancy-specific differential and medication context,"emergency, inpatient, or outpatient according to onset and stability",Time course and localizing examination findings support this neurologic pathway.,Absence of localizing or systemic findings should redirect the differential without false reassurance.,false,Step 1; Step 2 CK; Step 3,Neurology; Internal Medicine; Pediatrics; Emergency Medicine,partially_source_supported
DPR-NEUR-0957,DIS-NEUR-152,PRS-NEUR-059,source_checked,needs_medical_review,classic,typical,common,variable,pediatric,consider pregnancy-specific differential and medication context,"emergency, inpatient, or outpatient according to onset and stability",Time course and localizing examination findings support this neurologic pathway.,Absence of localizing or systemic findings should redirect the differential without false reassurance.,false,Step 1; Step 2 CK; Step 3,Neurology; Internal Medicine; Pediatrics; Emergency Medicine,partially_source_supported
DPR-NEUR-0958,DIS-NEUR-152,PRS-NEUR-068,source_checked,needs_medical_review,common,typical,common,variable,pediatric,consider pregnancy-specific differential and medication context,"emergency, inpatient, or outpatient according to onset and stability",Time course and localizing examination findings support this neurologic pathway.,Absence of localizing or systemic findings should redirect the differential without false reassurance.,false,Step 1; Step 2 CK; Step 3,Neurology; Internal Medicine; Pediatrics; Emergency Medicine,partially_source_supported
DPR-NEUR-0959,DIS-NEUR-152,PRS-NEUR-063,source_checked,needs_medical_review,common,typical,common,variable,pediatric,consider pregnancy-specific differential and medication context,"emergency, inpatient, or outpatient according to onset and stability",Time course and localizing examination findings support this neurologic pathway.,Absence of localizing or systemic findings should redirect the differential without false reassurance.,false,Step 1; Step 2 CK; Step 3,Neurology; Internal Medicine; Pediatrics; Emergency Medicine,partially_source_supported
DPR-NEUR-0960,DIS-NEUR-153,PRS-NEUR-059,source_checked,needs_medical_review,classic,typical,common,variable,pediatric,consider pregnancy-specific differential and medication context,"emergency, inpatient, or outpatient according to onset and stability",Time course and localizing examination findings support this neurologic pathway.,Absence of localizing or systemic findings should redirect the differential without false reassurance.,false,Step 1; Step 2 CK; Step 3,Neurology; Internal Medicine; Pediatrics; Emergency Medicine,partially_source_supported
DPR-NEUR-0961,DIS-NEUR-153,PRS-NEUR-068,source_checked,needs_medical_review,common,typical,common,variable,pediatric,consider pregnancy-specific differential and medication context,"emergency, inpatient, or outpatient according to onset and stability",Time course and localizing examination findings support this neurologic pathway.,Absence of localizing or systemic findings should redirect the differential without false reassurance.,false,Step 1; Step 2 CK; Step 3,Neurology; Internal Medicine; Pediatrics; Emergency Medicine,partially_source_supported
DPR-NEUR-0962,DIS-NEUR-153,PRS-NEUR-063,source_checked,needs_medical_review,common,typical,common,variable,pediatric,consider pregnancy-specific differential and medication context,"emergency, inpatient, or outpatient according to onset and stability",Time course and localizing examination findings support this neurologic pathway.,Absence of localizing or systemic findings should redirect the differential without false reassurance.,false,Step 1; Step 2 CK; Step 3,Neurology; Internal Medicine; Pediatrics; Emergency Medicine,partially_source_supported
DPR-NEUR-0963,DIS-NEUR-154,PRS-NEUR-059,source_checked,needs_medical_review,classic,typical,common,variable,pediatric,consider pregnancy-specific differential and medication context,"emergency, inpatient, or outpatient according to onset and stability",Time course and localizing examination findings support this neurologic pathway.,Absence of localizing or systemic findings should redirect the differential without false reassurance.,false,Step 1; Step 2 CK; Step 3,Neurology; Internal Medicine; Pediatrics; Emergency Medicine,partially_source_supported
DPR-NEUR-0964,DIS-NEUR-154,PRS-NEUR-068,source_checked,needs_medical_review,common,typical,common,variable,pediatric,consider pregnancy-specific differential and medication context,"emergency, inpatient, or outpatient according to onset and stability",Time course and localizing examination findings support this neurologic pathway.,Absence of localizing or systemic findings should redirect the differential without false reassurance.,false,Step 1; Step 2 CK; Step 3,Neurology; Internal Medicine; Pediatrics; Emergency Medicine,partially_source_supported
DPR-NEUR-0965,DIS-NEUR-154,PRS-NEUR-063,source_checked,needs_medical_review,common,typical,common,variable,pediatric,consider pregnancy-specific differential and medication context,"emergency, inpatient, or outpatient according to onset and stability",Time course and localizing examination findings support this neurologic pathway.,Absence of localizing or systemic findings should redirect the differential without false reassurance.,false,Step 1; Step 2 CK; Step 3,Neurology; Internal Medicine; Pediatrics; Emergency Medicine,partially_source_supported
DPR-NEUR-0966,DIS-NEUR-155,PRS-006,source_checked,needs_medical_review,classic,typical,common,variable,adult or pediatric context as indicated,consider pregnancy-specific differential and medication context,"emergency, inpatient, or outpatient according to onset and stability",Time course and localizing examination findings support this neurologic pathway.,Absence of localizing or systemic findings should redirect the differential without false reassurance.,false,Step 1; Step 2 CK; Step 3,Neurology; Internal Medicine; Pediatrics; Emergency Medicine,partially_source_supported
DPR-NEUR-0967,DIS-NEUR-155,PRS-007,source_checked,needs_medical_review,common,typical,common,variable,adult or pediatric context as indicated,consider pregnancy-specific differential and medication context,"emergency, inpatient, or outpatient according to onset and stability",Time course and localizing examination findings support this neurologic pathway.,Absence of localizing or systemic findings should redirect the differential without false reassurance.,false,Step 1; Step 2 CK; Step 3,Neurology; Internal Medicine; Pediatrics; Emergency Medicine,partially_source_supported
DPR-NEUR-0968,DIS-NEUR-155,PRS-NEUR-063,source_checked,needs_medical_review,common,typical,common,variable,adult or pediatric context as indicated,consider pregnancy-specific differential and medication context,"emergency, inpatient, or outpatient according to onset and stability",Time course and localizing examination findings support this neurologic pathway.,Absence of localizing or systemic findings should redirect the differential without false reassurance.,false,Step 1; Step 2 CK; Step 3,Neurology; Internal Medicine; Pediatrics; Emergency Medicine,partially_source_supported
DPR-NEUR-0969,DIS-NEUR-156,PRS-006,source_checked,needs_medical_review,classic,typical,common,variable,adult or pediatric context as indicated,consider pregnancy-specific differential and medication context,"emergency, inpatient, or outpatient according to onset and stability",Time course and localizing examination findings support this neurologic pathway.,Absence of localizing or systemic findings should redirect the differential without false reassurance.,false,Step 1; Step 2 CK; Step 3,Neurology; Internal Medicine; Pediatrics; Emergency Medicine,partially_source_supported
DPR-NEUR-0970,DIS-NEUR-156,PRS-007,source_checked,needs_medical_review,common,typical,common,variable,adult or pediatric context as indicated,consider pregnancy-specific differential and medication context,"emergency, inpatient, or outpatient according to onset and stability",Time course and localizing examination findings support this neurologic pathway.,Absence of localizing or systemic findings should redirect the differential without false reassurance.,false,Step 1; Step 2 CK; Step 3,Neurology; Internal Medicine; Pediatrics; Emergency Medicine,partially_source_supported
DPR-NEUR-0971,DIS-NEUR-156,PRS-NEUR-063,source_checked,needs_medical_review,common,typical,common,variable,adult or pediatric context as indicated,consider pregnancy-specific differential and medication context,"emergency, inpatient, or outpatient according to onset and stability",Time course and localizing examination findings support this neurologic pathway.,Absence of localizing or systemic findings should redirect the differential without false reassurance.,false,Step 1; Step 2 CK; Step 3,Neurology; Internal Medicine; Pediatrics; Emergency Medicine,partially_source_supported
DPR-NEUR-0972,DIS-NEUR-157,PRS-NEUR-067,source_checked,needs_medical_review,classic,typical,common,variable,adult or pediatric context as indicated,consider pregnancy-specific differential and medication context,"emergency, inpatient, or outpatient according to onset and stability",Time course and localizing examination findings support this neurologic pathway.,Absence of localizing or systemic findings should redirect the differential without false reassurance.,false,Step 1; Step 2 CK; Step 3,Neurology; Internal Medicine; Pediatrics; Emergency Medicine,partially_source_supported
DPR-NEUR-0973,DIS-NEUR-157,PRS-NEUR-DELIRIUM,source_checked,needs_medical_review,common,typical,common,variable,adult or pediatric context as indicated,consider pregnancy-specific differential and medication context,"emergency, inpatient, or outpatient according to onset and stability",Time course and localizing examination findings support this neurologic pathway.,Absence of localizing or systemic findings should redirect the differential without false reassurance.,false,Step 1; Step 2 CK; Step 3,Neurology; Internal Medicine; Pediatrics; Emergency Medicine,partially_source_supported
DPR-NEUR-0974,DIS-NEUR-157,PRS-NEUR-056,source_checked,needs_medical_review,common,typical,common,variable,adult or pediatric context as indicated,consider pregnancy-specific differential and medication context,"emergency, inpatient, or outpatient according to onset and stability",Time course and localizing examination findings support this neurologic pathway.,Absence of localizing or systemic findings should redirect the differential without false reassurance.,false,Step 1; Step 2 CK; Step 3,Neurology; Internal Medicine; Pediatrics; Emergency Medicine,partially_source_supported
DPR-NEUR-0975,DIS-NEUR-158,PRS-NEUR-074,source_checked,needs_medical_review,classic,typical,common,variable,adult or pediatric context as indicated,consider pregnancy-specific differential and medication context,"emergency, inpatient, or outpatient according to onset and stability",Time course and localizing examination findings support this neurologic pathway.,Absence of localizing or systemic findings should redirect the differential without false reassurance.,false,Step 1; Step 2 CK; Step 3,Neurology; Internal Medicine; Pediatrics; Emergency Medicine,partially_source_supported
DPR-NEUR-0976,DIS-NEUR-158,PRS-NEUR-SENSORYLEVEL,source_checked,needs_medical_review,common,typical,common,variable,adult or pediatric context as indicated,consider pregnancy-specific differential and medication context,"emergency, inpatient, or outpatient according to onset and stability",Time course and localizing examination findings support this neurologic pathway.,Absence of localizing or systemic findings should redirect the differential without false reassurance.,false,Step 1; Step 2 CK; Step 3,Neurology; Internal Medicine; Pediatrics; Emergency Medicine,partially_source_supported
DPR-NEUR-0977,DIS-NEUR-158,PRS-021,source_checked,needs_medical_review,common,typical,common,variable,adult or pediatric context as indicated,consider pregnancy-specific differential and medication context,"emergency, inpatient, or outpatient according to onset and stability",Time course and localizing examination findings support this neurologic pathway.,Absence of localizing or systemic findings should redirect the differential without false reassurance.,false,Step 1; Step 2 CK; Step 3,Neurology; Internal Medicine; Pediatrics; Emergency Medicine,partially_source_supported
DPR-NEUR-0978,DIS-P-0023,PRS-NEUR-067,source_checked,needs_medical_review,classic,typical,common,variable,adult or pediatric context as indicated,consider pregnancy-specific differential and medication context,"emergency, inpatient, or outpatient according to onset and stability",Time course and localizing examination findings support this neurologic pathway.,Absence of localizing or systemic findings should redirect the differential without false reassurance.,false,Step 1; Step 2 CK; Step 3,Neurology; Internal Medicine; Pediatrics; Emergency Medicine,partially_source_supported
DPR-NEUR-0979,DIS-P-0023,PRS-NEUR-DELIRIUM,source_checked,needs_medical_review,common,typical,common,variable,adult or pediatric context as indicated,consider pregnancy-specific differential and medication context,"emergency, inpatient, or outpatient according to onset and stability",Time course and localizing examination findings support this neurologic pathway.,Absence of localizing or systemic findings should redirect the differential without false reassurance.,false,Step 1; Step 2 CK; Step 3,Neurology; Internal Medicine; Pediatrics; Emergency Medicine,partially_source_supported
DPR-NEUR-0980,DIS-P-0023,PRS-NEUR-056,source_checked,needs_medical_review,common,typical,common,variable,adult or pediatric context as indicated,consider pregnancy-specific differential and medication context,"emergency, inpatient, or outpatient according to onset and stability",Time course and localizing examination findings support this neurologic pathway.,Absence of localizing or systemic findings should redirect the differential without false reassurance.,false,Step 1; Step 2 CK; Step 3,Neurology; Internal Medicine; Pediatrics; Emergency Medicine,partially_source_supported
DPR-NEUR-0981,DIS-NEUR-160,PRS-NEUR-067,source_checked,needs_medical_review,classic,typical,common,variable,adult or pediatric context as indicated,consider pregnancy-specific differential and medication context,"emergency, inpatient, or outpatient according to onset and stability",Time course and localizing examination findings support this neurologic pathway.,Absence of localizing or systemic findings should redirect the differential without false reassurance.,false,Step 1; Step 2 CK; Step 3,Neurology; Internal Medicine; Pediatrics; Emergency Medicine,partially_source_supported
DPR-NEUR-0982,DIS-NEUR-160,PRS-NEUR-DELIRIUM,source_checked,needs_medical_review,common,typical,common,variable,adult or pediatric context as indicated,consider pregnancy-specific differential and medication context,"emergency, inpatient, or outpatient according to onset and stability",Time course and localizing examination findings support this neurologic pathway.,Absence of localizing or systemic findings should redirect the differential without false reassurance.,false,Step 1; Step 2 CK; Step 3,Neurology; Internal Medicine; Pediatrics; Emergency Medicine,partially_source_supported
DPR-NEUR-0983,DIS-NEUR-160,PRS-NEUR-056,source_checked,needs_medical_review,common,typical,common,variable,adult or pediatric context as indicated,consider pregnancy-specific differential and medication context,"emergency, inpatient, or outpatient according to onset and stability",Time course and localizing examination findings support this neurologic pathway.,Absence of localizing or systemic findings should redirect the differential without false reassurance.,false,Step 1; Step 2 CK; Step 3,Neurology; Internal Medicine; Pediatrics; Emergency Medicine,partially_source_supported
DPR-NEUR-0984,DIS-NEUR-161,PRS-NEUR-067,source_checked,needs_medical_review,classic,typical,common,variable,adult or pediatric context as indicated,consider pregnancy-specific differential and medication context,"emergency, inpatient, or outpatient according to onset and stability",Time course and localizing examination findings support this neurologic pathway.,Absence of localizing or systemic findings should redirect the differential without false reassurance.,false,Step 1; Step 2 CK; Step 3,Neurology; Internal Medicine; Pediatrics; Emergency Medicine,partially_source_supported
DPR-NEUR-0985,DIS-NEUR-161,PRS-NEUR-DELIRIUM,source_checked,needs_medical_review,common,typical,common,variable,adult or pediatric context as indicated,consider pregnancy-specific differential and medication context,"emergency, inpatient, or outpatient according to onset and stability",Time course and localizing examination findings support this neurologic pathway.,Absence of localizing or systemic findings should redirect the differential without false reassurance.,false,Step 1; Step 2 CK; Step 3,Neurology; Internal Medicine; Pediatrics; Emergency Medicine,partially_source_supported
DPR-NEUR-0986,DIS-NEUR-161,PRS-NEUR-056,source_checked,needs_medical_review,common,typical,common,variable,adult or pediatric context as indicated,consider pregnancy-specific differential and medication context,"emergency, inpatient, or outpatient according to onset and stability",Time course and localizing examination findings support this neurologic pathway.,Absence of localizing or systemic findings should redirect the differential without false reassurance.,false,Step 1; Step 2 CK; Step 3,Neurology; Internal Medicine; Pediatrics; Emergency Medicine,partially_source_supported
DPR-NEUR-0987,DIS-NEUR-162,PRS-NEUR-067,source_checked,needs_medical_review,classic,typical,common,variable,adult or pediatric context as indicated,consider pregnancy-specific differential and medication context,"emergency, inpatient, or outpatient according to onset and stability",Time course and localizing examination findings support this neurologic pathway.,Absence of localizing or systemic findings should redirect the differential without false reassurance.,false,Step 1; Step 2 CK; Step 3,Neurology; Internal Medicine; Pediatrics; Emergency Medicine,partially_source_supported
DPR-NEUR-0988,DIS-NEUR-162,PRS-NEUR-DELIRIUM,source_checked,needs_medical_review,common,typical,common,variable,adult or pediatric context as indicated,consider pregnancy-specific differential and medication context,"emergency, inpatient, or outpatient according to onset and stability",Time course and localizing examination findings support this neurologic pathway.,Absence of localizing or systemic findings should redirect the differential without false reassurance.,false,Step 1; Step 2 CK; Step 3,Neurology; Internal Medicine; Pediatrics; Emergency Medicine,partially_source_supported
DPR-NEUR-0989,DIS-NEUR-162,PRS-NEUR-056,source_checked,needs_medical_review,common,typical,common,variable,adult or pediatric context as indicated,consider pregnancy-specific differential and medication context,"emergency, inpatient, or outpatient according to onset and stability",Time course and localizing examination findings support this neurologic pathway.,Absence of localizing or systemic findings should redirect the differential without false reassurance.,false,Step 1; Step 2 CK; Step 3,Neurology; Internal Medicine; Pediatrics; Emergency Medicine,partially_source_supported
DPR-NEUR-0990,DIS-NEUR-MEDICATIONOVERUSEHEA,PRS-007,source_checked,needs_medical_review,classic,typical,common,variable,adult or pediatric context as indicated,consider pregnancy-specific differential and medication context,"emergency, inpatient, or outpatient according to onset and stability",Time course and localizing examination findings support this neurologic pathway.,Absence of localizing or systemic findings should redirect the differential without false reassurance.,false,Step 1; Step 2 CK; Step 3,Neurology; Internal Medicine; Pediatrics; Emergency Medicine,partially_source_supported
DPR-NEUR-0991,DIS-NEUR-MEDICATIONOVERUSEHEA,PRS-NEUR-071,source_checked,needs_medical_review,common,typical,common,variable,adult or pediatric context as indicated,consider pregnancy-specific differential and medication context,"emergency, inpatient, or outpatient according to onset and stability",Time course and localizing examination findings support this neurologic pathway.,Absence of localizing or systemic findings should redirect the differential without false reassurance.,false,Step 1; Step 2 CK; Step 3,Neurology; Internal Medicine; Pediatrics; Emergency Medicine,partially_source_supported
DPR-NEUR-0992,DIS-NEUR-MEDICATIONOVERUSEHEA,PRS-NEUR-PROGRESSIVEHEADACHE,source_checked,needs_medical_review,common,typical,common,variable,adult or pediatric context as indicated,consider pregnancy-specific differential and medication context,"emergency, inpatient, or outpatient according to onset and stability",Time course and localizing examination findings support this neurologic pathway.,Absence of localizing or systemic findings should redirect the differential without false reassurance.,false,Step 1; Step 2 CK; Step 3,Neurology; Internal Medicine; Pediatrics; Emergency Medicine,partially_source_supported
DPR-NEUR-0993,DIS-NEUR-TENSIONTYPEHEADACHE,PRS-007,source_checked,needs_medical_review,classic,typical,common,variable,adult or pediatric context as indicated,consider pregnancy-specific differential and medication context,"emergency, inpatient, or outpatient according to onset and stability",Time course and localizing examination findings support this neurologic pathway.,Absence of localizing or systemic findings should redirect the differential without false reassurance.,false,Step 1; Step 2 CK; Step 3,Neurology; Internal Medicine; Pediatrics; Emergency Medicine,partially_source_supported
DPR-NEUR-0994,DIS-NEUR-TENSIONTYPEHEADACHE,PRS-NEUR-071,source_checked,needs_medical_review,common,typical,common,variable,adult or pediatric context as indicated,consider pregnancy-specific differential and medication context,"emergency, inpatient, or outpatient according to onset and stability",Time course and localizing examination findings support this neurologic pathway.,Absence of localizing or systemic findings should redirect the differential without false reassurance.,false,Step 1; Step 2 CK; Step 3,Neurology; Internal Medicine; Pediatrics; Emergency Medicine,partially_source_supported
DPR-NEUR-0995,DIS-NEUR-TENSIONTYPEHEADACHE,PRS-NEUR-PROGRESSIVEHEADACHE,source_checked,needs_medical_review,common,typical,common,variable,adult or pediatric context as indicated,consider pregnancy-specific differential and medication context,"emergency, inpatient, or outpatient according to onset and stability",Time course and localizing examination findings support this neurologic pathway.,Absence of localizing or systemic findings should redirect the differential without false reassurance.,false,Step 1; Step 2 CK; Step 3,Neurology; Internal Medicine; Pediatrics; Emergency Medicine,partially_source_supported
DPR-NEUR-0996,DIS-NEUR-VESTIBULARMIGRAINE,PRS-007,source_checked,needs_medical_review,classic,typical,common,variable,adult or pediatric context as indicated,consider pregnancy-specific differential and medication context,"emergency, inpatient, or outpatient according to onset and stability",Time course and localizing examination findings support this neurologic pathway.,Absence of localizing or systemic findings should redirect the differential without false reassurance.,false,Step 1; Step 2 CK; Step 3,Neurology; Internal Medicine; Pediatrics; Emergency Medicine,partially_source_supported
DPR-NEUR-0997,DIS-NEUR-VESTIBULARMIGRAINE,PRS-NEUR-071,source_checked,needs_medical_review,common,typical,common,variable,adult or pediatric context as indicated,consider pregnancy-specific differential and medication context,"emergency, inpatient, or outpatient according to onset and stability",Time course and localizing examination findings support this neurologic pathway.,Absence of localizing or systemic findings should redirect the differential without false reassurance.,false,Step 1; Step 2 CK; Step 3,Neurology; Internal Medicine; Pediatrics; Emergency Medicine,partially_source_supported
DPR-NEUR-0998,DIS-NEUR-VESTIBULARMIGRAINE,PRS-NEUR-PROGRESSIVEHEADACHE,source_checked,needs_medical_review,common,typical,common,variable,adult or pediatric context as indicated,consider pregnancy-specific differential and medication context,"emergency, inpatient, or outpatient according to onset and stability",Time course and localizing examination findings support this neurologic pathway.,Absence of localizing or systemic findings should redirect the differential without false reassurance.,false,Step 1; Step 2 CK; Step 3,Neurology; Internal Medicine; Pediatrics; Emergency Medicine,partially_source_supported
DPR-NEUR-0999,DIS-NEUR-CHRONICMIGRAINE,PRS-007,source_checked,needs_medical_review,classic,typical,common,variable,adult or pediatric context as indicated,consider pregnancy-specific differential and medication context,"emergency, inpatient, or outpatient according to onset and stability",Time course and localizing examination findings support this neurologic pathway.,Absence of localizing or systemic findings should redirect the differential without false reassurance.,false,Step 1; Step 2 CK; Step 3,Neurology; Internal Medicine; Pediatrics; Emergency Medicine,partially_source_supported
DPR-NEUR-1000,DIS-NEUR-CHRONICMIGRAINE,PRS-NEUR-071,source_checked,needs_medical_review,common,typical,common,variable,adult or pediatric context as indicated,consider pregnancy-specific differential and medication context,"emergency, inpatient, or outpatient according to onset and stability",Time course and localizing examination findings support this neurologic pathway.,Absence of localizing or systemic findings should redirect the differential without false reassurance.,false,Step 1; Step 2 CK; Step 3,Neurology; Internal Medicine; Pediatrics; Emergency Medicine,partially_source_supported
DPR-NEUR-1001,DIS-NEUR-CHRONICMIGRAINE,PRS-NEUR-PROGRESSIVEHEADACHE,source_checked,needs_medical_review,common,typical,common,variable,adult or pediatric context as indicated,consider pregnancy-specific differential and medication context,"emergency, inpatient, or outpatient according to onset and stability",Time course and localizing examination findings support this neurologic pathway.,Absence of localizing or systemic findings should redirect the differential without false reassurance.,false,Step 1; Step 2 CK; Step 3,Neurology; Internal Medicine; Pediatrics; Emergency Medicine,partially_source_supported
DPR-NEUR-1002,DIS-NEUR-OCCIPITALNEURALGIA,PRS-007,source_checked,needs_medical_review,classic,typical,common,variable,adult or pediatric context as indicated,consider pregnancy-specific differential and medication context,"emergency, inpatient, or outpatient according to onset and stability",Time course and localizing examination findings support this neurologic pathway.,Absence of localizing or systemic findings should redirect the differential without false reassurance.,false,Step 1; Step 2 CK; Step 3,Neurology; Internal Medicine; Pediatrics; Emergency Medicine,partially_source_supported
DPR-NEUR-1003,DIS-NEUR-OCCIPITALNEURALGIA,PRS-NEUR-071,source_checked,needs_medical_review,common,typical,common,variable,adult or pediatric context as indicated,consider pregnancy-specific differential and medication context,"emergency, inpatient, or outpatient according to onset and stability",Time course and localizing examination findings support this neurologic pathway.,Absence of localizing or systemic findings should redirect the differential without false reassurance.,false,Step 1; Step 2 CK; Step 3,Neurology; Internal Medicine; Pediatrics; Emergency Medicine,partially_source_supported
DPR-NEUR-1004,DIS-NEUR-OCCIPITALNEURALGIA,PRS-NEUR-PROGRESSIVEHEADACHE,source_checked,needs_medical_review,common,typical,common,variable,adult or pediatric context as indicated,consider pregnancy-specific differential and medication context,"emergency, inpatient, or outpatient according to onset and stability",Time course and localizing examination findings support this neurologic pathway.,Absence of localizing or systemic findings should redirect the differential without false reassurance.,false,Step 1; Step 2 CK; Step 3,Neurology; Internal Medicine; Pediatrics; Emergency Medicine,partially_source_supported
DPR-NEUR-1005,DIS-NEUR-GLOSSOPHARYNGEALNEUR,PRS-007,source_checked,needs_medical_review,classic,typical,common,variable,adult or pediatric context as indicated,consider pregnancy-specific differential and medication context,"emergency, inpatient, or outpatient according to onset and stability",Time course and localizing examination findings support this neurologic pathway.,Absence of localizing or systemic findings should redirect the differential without false reassurance.,false,Step 1; Step 2 CK; Step 3,Neurology; Internal Medicine; Pediatrics; Emergency Medicine,partially_source_supported
DPR-NEUR-1006,DIS-NEUR-GLOSSOPHARYNGEALNEUR,PRS-NEUR-071,source_checked,needs_medical_review,common,typical,common,variable,adult or pediatric context as indicated,consider pregnancy-specific differential and medication context,"emergency, inpatient, or outpatient according to onset and stability",Time course and localizing examination findings support this neurologic pathway.,Absence of localizing or systemic findings should redirect the differential without false reassurance.,false,Step 1; Step 2 CK; Step 3,Neurology; Internal Medicine; Pediatrics; Emergency Medicine,partially_source_supported
DPR-NEUR-1007,DIS-NEUR-GLOSSOPHARYNGEALNEUR,PRS-NEUR-PROGRESSIVEHEADACHE,source_checked,needs_medical_review,common,typical,common,variable,adult or pediatric context as indicated,consider pregnancy-specific differential and medication context,"emergency, inpatient, or outpatient according to onset and stability",Time course and localizing examination findings support this neurologic pathway.,Absence of localizing or systemic findings should redirect the differential without false reassurance.,false,Step 1; Step 2 CK; Step 3,Neurology; Internal Medicine; Pediatrics; Emergency Medicine,partially_source_supported
DPR-NEUR-1008,DIS-NEUR-NEUROBORRELIOSIS,PRS-NEUR-067,source_checked,needs_medical_review,classic,typical,common,variable,adult or pediatric context as indicated,consider pregnancy-specific differential and medication context,"emergency, inpatient, or outpatient according to onset and stability",Time course and localizing examination findings support this neurologic pathway.,Absence of localizing or systemic findings should redirect the differential without false reassurance.,false,Step 1; Step 2 CK; Step 3,Neurology; Internal Medicine; Pediatrics; Emergency Medicine,partially_source_supported
DPR-NEUR-1009,DIS-NEUR-NEUROBORRELIOSIS,PRS-NEUR-DELIRIUM,source_checked,needs_medical_review,common,typical,common,variable,adult or pediatric context as indicated,consider pregnancy-specific differential and medication context,"emergency, inpatient, or outpatient according to onset and stability",Time course and localizing examination findings support this neurologic pathway.,Absence of localizing or systemic findings should redirect the differential without false reassurance.,false,Step 1; Step 2 CK; Step 3,Neurology; Internal Medicine; Pediatrics; Emergency Medicine,partially_source_supported
DPR-NEUR-1010,DIS-NEUR-NEUROBORRELIOSIS,PRS-NEUR-056,source_checked,needs_medical_review,common,typical,common,variable,adult or pediatric context as indicated,consider pregnancy-specific differential and medication context,"emergency, inpatient, or outpatient according to onset and stability",Time course and localizing examination findings support this neurologic pathway.,Absence of localizing or systemic findings should redirect the differential without false reassurance.,false,Step 1; Step 2 CK; Step 3,Neurology; Internal Medicine; Pediatrics; Emergency Medicine,partially_source_supported
DPR-NEUR-1011,DIS-NEUR-RABIESENCEPHALITIS,PRS-006,source_checked,needs_medical_review,classic,typical,common,variable,adult or pediatric context as indicated,consider pregnancy-specific differential and medication context,"emergency, inpatient, or outpatient according to onset and stability",Time course and localizing examination findings support this neurologic pathway.,Absence of localizing or systemic findings should redirect the differential without false reassurance.,false,Step 1; Step 2 CK; Step 3,Neurology; Internal Medicine; Pediatrics; Emergency Medicine,partially_source_supported
DPR-NEUR-1012,DIS-NEUR-RABIESENCEPHALITIS,PRS-007,source_checked,needs_medical_review,common,typical,common,variable,adult or pediatric context as indicated,consider pregnancy-specific differential and medication context,"emergency, inpatient, or outpatient according to onset and stability",Time course and localizing examination findings support this neurologic pathway.,Absence of localizing or systemic findings should redirect the differential without false reassurance.,false,Step 1; Step 2 CK; Step 3,Neurology; Internal Medicine; Pediatrics; Emergency Medicine,partially_source_supported
DPR-NEUR-1013,DIS-NEUR-RABIESENCEPHALITIS,PRS-NEUR-063,source_checked,needs_medical_review,common,typical,common,variable,adult or pediatric context as indicated,consider pregnancy-specific differential and medication context,"emergency, inpatient, or outpatient according to onset and stability",Time course and localizing examination findings support this neurologic pathway.,Absence of localizing or systemic findings should redirect the differential without false reassurance.,false,Step 1; Step 2 CK; Step 3,Neurology; Internal Medicine; Pediatrics; Emergency Medicine,partially_source_supported
DPR-NEUR-1014,DIS-NEUR-ACUTEFLACCIDMYELITIS,PRS-NEUR-074,source_checked,needs_medical_review,classic,typical,common,variable,adult or pediatric context as indicated,consider pregnancy-specific differential and medication context,"emergency, inpatient, or outpatient according to onset and stability",Time course and localizing examination findings support this neurologic pathway.,Absence of localizing or systemic findings should redirect the differential without false reassurance.,false,Step 1; Step 2 CK; Step 3,Neurology; Internal Medicine; Pediatrics; Emergency Medicine,partially_source_supported
DPR-NEUR-1015,DIS-NEUR-ACUTEFLACCIDMYELITIS,PRS-NEUR-SENSORYLEVEL,source_checked,needs_medical_review,common,typical,common,variable,adult or pediatric context as indicated,consider pregnancy-specific differential and medication context,"emergency, inpatient, or outpatient according to onset and stability",Time course and localizing examination findings support this neurologic pathway.,Absence of localizing or systemic findings should redirect the differential without false reassurance.,false,Step 1; Step 2 CK; Step 3,Neurology; Internal Medicine; Pediatrics; Emergency Medicine,partially_source_supported
DPR-NEUR-1016,DIS-NEUR-ACUTEFLACCIDMYELITIS,PRS-021,source_checked,needs_medical_review,common,typical,common,variable,adult or pediatric context as indicated,consider pregnancy-specific differential and medication context,"emergency, inpatient, or outpatient according to onset and stability",Time course and localizing examination findings support this neurologic pathway.,Absence of localizing or systemic findings should redirect the differential without false reassurance.,false,Step 1; Step 2 CK; Step 3,Neurology; Internal Medicine; Pediatrics; Emergency Medicine,partially_source_supported
DPR-NEUR-1017,DIS-NEUR-FACIOSCAPULOHUMERALM,PRS-NEUR-062,source_checked,needs_medical_review,classic,typical,common,variable,adult or pediatric context as indicated,consider pregnancy-specific differential and medication context,"emergency, inpatient, or outpatient according to onset and stability",Time course and localizing examination findings support this neurologic pathway.,Absence of localizing or systemic findings should redirect the differential without false reassurance.,false,Step 1; Step 2 CK; Step 3,Neurology; Internal Medicine; Pediatrics; Emergency Medicine,partially_source_supported
DPR-NEUR-1018,DIS-NEUR-FACIOSCAPULOHUMERALM,PRS-NEUR-053,source_checked,needs_medical_review,common,typical,common,variable,adult or pediatric context as indicated,consider pregnancy-specific differential and medication context,"emergency, inpatient, or outpatient according to onset and stability",Time course and localizing examination findings support this neurologic pathway.,Absence of localizing or systemic findings should redirect the differential without false reassurance.,false,Step 1; Step 2 CK; Step 3,Neurology; Internal Medicine; Pediatrics; Emergency Medicine,partially_source_supported
DPR-NEUR-1019,DIS-NEUR-FACIOSCAPULOHUMERALM,PRS-NEUR-RESPIRATORYWEAKNESS,source_checked,needs_medical_review,common,typical,common,variable,adult or pediatric context as indicated,consider pregnancy-specific differential and medication context,"emergency, inpatient, or outpatient according to onset and stability",Time course and localizing examination findings support this neurologic pathway.,Absence of localizing or systemic findings should redirect the differential without false reassurance.,false,Step 1; Step 2 CK; Step 3,Neurology; Internal Medicine; Pediatrics; Emergency Medicine,partially_source_supported
DPR-NEUR-1020,DIS-NEUR-MYOTONICDYSTROPHY,PRS-NEUR-067,source_checked,needs_medical_review,classic,typical,common,variable,adult or pediatric context as indicated,consider pregnancy-specific differential and medication context,"emergency, inpatient, or outpatient according to onset and stability",Time course and localizing examination findings support this neurologic pathway.,Absence of localizing or systemic findings should redirect the differential without false reassurance.,false,Step 1; Step 2 CK; Step 3,Neurology; Internal Medicine; Pediatrics; Emergency Medicine,partially_source_supported
DPR-NEUR-1021,DIS-NEUR-MYOTONICDYSTROPHY,PRS-NEUR-DELIRIUM,source_checked,needs_medical_review,common,typical,common,variable,adult or pediatric context as indicated,consider pregnancy-specific differential and medication context,"emergency, inpatient, or outpatient according to onset and stability",Time course and localizing examination findings support this neurologic pathway.,Absence of localizing or systemic findings should redirect the differential without false reassurance.,false,Step 1; Step 2 CK; Step 3,Neurology; Internal Medicine; Pediatrics; Emergency Medicine,partially_source_supported
DPR-NEUR-1022,DIS-NEUR-MYOTONICDYSTROPHY,PRS-NEUR-056,source_checked,needs_medical_review,common,typical,common,variable,adult or pediatric context as indicated,consider pregnancy-specific differential and medication context,"emergency, inpatient, or outpatient according to onset and stability",Time course and localizing examination findings support this neurologic pathway.,Absence of localizing or systemic findings should redirect the differential without false reassurance.,false,Step 1; Step 2 CK; Step 3,Neurology; Internal Medicine; Pediatrics; Emergency Medicine,partially_source_supported
DPR-NEUR-1023,DIS-NEUR-MCARDLEDISEASE,PRS-NEUR-062,source_checked,needs_medical_review,classic,typical,common,variable,adult or pediatric context as indicated,consider pregnancy-specific differential and medication context,"emergency, inpatient, or outpatient according to onset and stability",Time course and localizing examination findings support this neurologic pathway.,Absence of localizing or systemic findings should redirect the differential without false reassurance.,false,Step 1; Step 2 CK; Step 3,Neurology; Internal Medicine; Pediatrics; Emergency Medicine,partially_source_supported
DPR-NEUR-1024,DIS-NEUR-MCARDLEDISEASE,PRS-NEUR-053,source_checked,needs_medical_review,common,typical,common,variable,adult or pediatric context as indicated,consider pregnancy-specific differential and medication context,"emergency, inpatient, or outpatient according to onset and stability",Time course and localizing examination findings support this neurologic pathway.,Absence of localizing or systemic findings should redirect the differential without false reassurance.,false,Step 1; Step 2 CK; Step 3,Neurology; Internal Medicine; Pediatrics; Emergency Medicine,partially_source_supported
DPR-NEUR-1025,DIS-NEUR-MCARDLEDISEASE,PRS-NEUR-RESPIRATORYWEAKNESS,source_checked,needs_medical_review,common,typical,common,variable,adult or pediatric context as indicated,consider pregnancy-specific differential and medication context,"emergency, inpatient, or outpatient according to onset and stability",Time course and localizing examination findings support this neurologic pathway.,Absence of localizing or systemic findings should redirect the differential without false reassurance.,false,Step 1; Step 2 CK; Step 3,Neurology; Internal Medicine; Pediatrics; Emergency Medicine,partially_source_supported
DPR-NEUR-1026,DIS-NEUR-POMPEDISEASE,PRS-NEUR-062,source_checked,needs_medical_review,classic,typical,common,variable,adult or pediatric context as indicated,consider pregnancy-specific differential and medication context,"emergency, inpatient, or outpatient according to onset and stability",Time course and localizing examination findings support this neurologic pathway.,Absence of localizing or systemic findings should redirect the differential without false reassurance.,false,Step 1; Step 2 CK; Step 3,Neurology; Internal Medicine; Pediatrics; Emergency Medicine,partially_source_supported
DPR-NEUR-1027,DIS-NEUR-POMPEDISEASE,PRS-NEUR-053,source_checked,needs_medical_review,common,typical,common,variable,adult or pediatric context as indicated,consider pregnancy-specific differential and medication context,"emergency, inpatient, or outpatient according to onset and stability",Time course and localizing examination findings support this neurologic pathway.,Absence of localizing or systemic findings should redirect the differential without false reassurance.,false,Step 1; Step 2 CK; Step 3,Neurology; Internal Medicine; Pediatrics; Emergency Medicine,partially_source_supported
DPR-NEUR-1028,DIS-NEUR-POMPEDISEASE,PRS-NEUR-RESPIRATORYWEAKNESS,source_checked,needs_medical_review,common,typical,common,variable,adult or pediatric context as indicated,consider pregnancy-specific differential and medication context,"emergency, inpatient, or outpatient according to onset and stability",Time course and localizing examination findings support this neurologic pathway.,Absence of localizing or systemic findings should redirect the differential without false reassurance.,false,Step 1; Step 2 CK; Step 3,Neurology; Internal Medicine; Pediatrics; Emergency Medicine,partially_source_supported
DPR-NEUR-1029,DIS-NEUR-SMALLFIBERNEUROPATHY,PRS-NEUR-069,source_checked,needs_medical_review,classic,typical,common,variable,adult or pediatric context as indicated,consider pregnancy-specific differential and medication context,"emergency, inpatient, or outpatient according to onset and stability",Time course and localizing examination findings support this neurologic pathway.,Absence of localizing or systemic findings should redirect the differential without false reassurance.,false,Step 1; Step 2 CK; Step 3,Neurology; Internal Medicine; Pediatrics; Emergency Medicine,partially_source_supported
DPR-NEUR-1030,DIS-NEUR-SMALLFIBERNEUROPATHY,PRS-NEUR-PARESTHESIA,source_checked,needs_medical_review,common,typical,common,variable,adult or pediatric context as indicated,consider pregnancy-specific differential and medication context,"emergency, inpatient, or outpatient according to onset and stability",Time course and localizing examination findings support this neurologic pathway.,Absence of localizing or systemic findings should redirect the differential without false reassurance.,false,Step 1; Step 2 CK; Step 3,Neurology; Internal Medicine; Pediatrics; Emergency Medicine,partially_source_supported
DPR-NEUR-1031,DIS-NEUR-SMALLFIBERNEUROPATHY,PRS-021,source_checked,needs_medical_review,common,typical,common,variable,adult or pediatric context as indicated,consider pregnancy-specific differential and medication context,"emergency, inpatient, or outpatient according to onset and stability",Time course and localizing examination findings support this neurologic pathway.,Absence of localizing or systemic findings should redirect the differential without false reassurance.,false,Step 1; Step 2 CK; Step 3,Neurology; Internal Medicine; Pediatrics; Emergency Medicine,partially_source_supported
DPR-NEUR-1032,DIS-NEUR-MONONEURITISMULTIPLE,PRS-NEUR-067,source_checked,needs_medical_review,classic,typical,common,variable,adult or pediatric context as indicated,consider pregnancy-specific differential and medication context,"emergency, inpatient, or outpatient according to onset and stability",Time course and localizing examination findings support this neurologic pathway.,Absence of localizing or systemic findings should redirect the differential without false reassurance.,false,Step 1; Step 2 CK; Step 3,Neurology; Internal Medicine; Pediatrics; Emergency Medicine,partially_source_supported
DPR-NEUR-1033,DIS-NEUR-MONONEURITISMULTIPLE,PRS-NEUR-DELIRIUM,source_checked,needs_medical_review,common,typical,common,variable,adult or pediatric context as indicated,consider pregnancy-specific differential and medication context,"emergency, inpatient, or outpatient according to onset and stability",Time course and localizing examination findings support this neurologic pathway.,Absence of localizing or systemic findings should redirect the differential without false reassurance.,false,Step 1; Step 2 CK; Step 3,Neurology; Internal Medicine; Pediatrics; Emergency Medicine,partially_source_supported
DPR-NEUR-1034,DIS-NEUR-MONONEURITISMULTIPLE,PRS-NEUR-056,source_checked,needs_medical_review,common,typical,common,variable,adult or pediatric context as indicated,consider pregnancy-specific differential and medication context,"emergency, inpatient, or outpatient according to onset and stability",Time course and localizing examination findings support this neurologic pathway.,Absence of localizing or systemic findings should redirect the differential without false reassurance.,false,Step 1; Step 2 CK; Step 3,Neurology; Internal Medicine; Pediatrics; Emergency Medicine,partially_source_supported
DPR-NEUR-1035,DIS-NEUR-TABESDORSALIS,PRS-NEUR-067,source_checked,needs_medical_review,classic,typical,common,variable,adult or pediatric context as indicated,consider pregnancy-specific differential and medication context,"emergency, inpatient, or outpatient according to onset and stability",Time course and localizing examination findings support this neurologic pathway.,Absence of localizing or systemic findings should redirect the differential without false reassurance.,false,Step 1; Step 2 CK; Step 3,Neurology; Internal Medicine; Pediatrics; Emergency Medicine,partially_source_supported
DPR-NEUR-1036,DIS-NEUR-TABESDORSALIS,PRS-NEUR-DELIRIUM,source_checked,needs_medical_review,common,typical,common,variable,adult or pediatric context as indicated,consider pregnancy-specific differential and medication context,"emergency, inpatient, or outpatient according to onset and stability",Time course and localizing examination findings support this neurologic pathway.,Absence of localizing or systemic findings should redirect the differential without false reassurance.,false,Step 1; Step 2 CK; Step 3,Neurology; Internal Medicine; Pediatrics; Emergency Medicine,partially_source_supported
DPR-NEUR-1037,DIS-NEUR-TABESDORSALIS,PRS-NEUR-056,source_checked,needs_medical_review,common,typical,common,variable,adult or pediatric context as indicated,consider pregnancy-specific differential and medication context,"emergency, inpatient, or outpatient according to onset and stability",Time course and localizing examination findings support this neurologic pathway.,Absence of localizing or systemic findings should redirect the differential without false reassurance.,false,Step 1; Step 2 CK; Step 3,Neurology; Internal Medicine; Pediatrics; Emergency Medicine,partially_source_supported
DPR-NEUR-1038,DIS-NEUR-CENTRALCORDSYNDROME,PRS-NEUR-055,source_checked,needs_medical_review,classic,typical,common,variable,adult or pediatric context as indicated,consider pregnancy-specific differential and medication context,"emergency, inpatient, or outpatient according to onset and stability",Time course and localizing examination findings support this neurologic pathway.,Absence of localizing or systemic findings should redirect the differential without false reassurance.,false,Step 1; Step 2 CK; Step 3,Neurology; Internal Medicine; Pediatrics; Emergency Medicine,partially_source_supported
DPR-NEUR-1039,DIS-NEUR-CENTRALCORDSYNDROME,PRS-NEUR-SENSORYLEVEL,source_checked,needs_medical_review,common,typical,common,variable,adult or pediatric context as indicated,consider pregnancy-specific differential and medication context,"emergency, inpatient, or outpatient according to onset and stability",Time course and localizing examination findings support this neurologic pathway.,Absence of localizing or systemic findings should redirect the differential without false reassurance.,false,Step 1; Step 2 CK; Step 3,Neurology; Internal Medicine; Pediatrics; Emergency Medicine,partially_source_supported
DPR-NEUR-1040,DIS-NEUR-CENTRALCORDSYNDROME,PRS-NEUR-URINARYRETENTIONWITH,source_checked,needs_medical_review,common,typical,common,variable,adult or pediatric context as indicated,consider pregnancy-specific differential and medication context,"emergency, inpatient, or outpatient according to onset and stability",Time course and localizing examination findings support this neurologic pathway.,Absence of localizing or systemic findings should redirect the differential without false reassurance.,false,Step 1; Step 2 CK; Step 3,Neurology; Internal Medicine; Pediatrics; Emergency Medicine,partially_source_supported
DPR-NEUR-1041,DIS-NEUR-POSTERIORCORDSYNDROM,PRS-NEUR-055,source_checked,needs_medical_review,classic,typical,common,variable,adult or pediatric context as indicated,consider pregnancy-specific differential and medication context,"emergency, inpatient, or outpatient according to onset and stability",Time course and localizing examination findings support this neurologic pathway.,Absence of localizing or systemic findings should redirect the differential without false reassurance.,false,Step 1; Step 2 CK; Step 3,Neurology; Internal Medicine; Pediatrics; Emergency Medicine,partially_source_supported
DPR-NEUR-1042,DIS-NEUR-POSTERIORCORDSYNDROM,PRS-NEUR-SENSORYLEVEL,source_checked,needs_medical_review,common,typical,common,variable,adult or pediatric context as indicated,consider pregnancy-specific differential and medication context,"emergency, inpatient, or outpatient according to onset and stability",Time course and localizing examination findings support this neurologic pathway.,Absence of localizing or systemic findings should redirect the differential without false reassurance.,false,Step 1; Step 2 CK; Step 3,Neurology; Internal Medicine; Pediatrics; Emergency Medicine,partially_source_supported
DPR-NEUR-1043,DIS-NEUR-POSTERIORCORDSYNDROM,PRS-NEUR-URINARYRETENTIONWITH,source_checked,needs_medical_review,common,typical,common,variable,adult or pediatric context as indicated,consider pregnancy-specific differential and medication context,"emergency, inpatient, or outpatient according to onset and stability",Time course and localizing examination findings support this neurologic pathway.,Absence of localizing or systemic findings should redirect the differential without false reassurance.,false,Step 1; Step 2 CK; Step 3,Neurology; Internal Medicine; Pediatrics; Emergency Medicine,partially_source_supported
DPR-NEUR-1044,DIS-NEUR-DIFFUSEASTROCYTOMA,PRS-NEUR-067,source_checked,needs_medical_review,classic,typical,common,variable,adult or pediatric context as indicated,consider pregnancy-specific differential and medication context,"emergency, inpatient, or outpatient according to onset and stability",Time course and localizing examination findings support this neurologic pathway.,Absence of localizing or systemic findings should redirect the differential without false reassurance.,false,Step 1; Step 2 CK; Step 3,Neurology; Internal Medicine; Pediatrics; Emergency Medicine,partially_source_supported
DPR-NEUR-1045,DIS-NEUR-DIFFUSEASTROCYTOMA,PRS-NEUR-DELIRIUM,source_checked,needs_medical_review,common,typical,common,variable,adult or pediatric context as indicated,consider pregnancy-specific differential and medication context,"emergency, inpatient, or outpatient according to onset and stability",Time course and localizing examination findings support this neurologic pathway.,Absence of localizing or systemic findings should redirect the differential without false reassurance.,false,Step 1; Step 2 CK; Step 3,Neurology; Internal Medicine; Pediatrics; Emergency Medicine,partially_source_supported
DPR-NEUR-1046,DIS-NEUR-DIFFUSEASTROCYTOMA,PRS-NEUR-056,source_checked,needs_medical_review,common,typical,common,variable,adult or pediatric context as indicated,consider pregnancy-specific differential and medication context,"emergency, inpatient, or outpatient according to onset and stability",Time course and localizing examination findings support this neurologic pathway.,Absence of localizing or systemic findings should redirect the differential without false reassurance.,false,Step 1; Step 2 CK; Step 3,Neurology; Internal Medicine; Pediatrics; Emergency Medicine,partially_source_supported
DPR-NEUR-1047,DIS-NEUR-EPENDYMOMA,PRS-NEUR-067,source_checked,needs_medical_review,classic,typical,common,variable,adult or pediatric context as indicated,consider pregnancy-specific differential and medication context,"emergency, inpatient, or outpatient according to onset and stability",Time course and localizing examination findings support this neurologic pathway.,Absence of localizing or systemic findings should redirect the differential without false reassurance.,false,Step 1; Step 2 CK; Step 3,Neurology; Internal Medicine; Pediatrics; Emergency Medicine,partially_source_supported
DPR-NEUR-1048,DIS-NEUR-EPENDYMOMA,PRS-NEUR-DELIRIUM,source_checked,needs_medical_review,common,typical,common,variable,adult or pediatric context as indicated,consider pregnancy-specific differential and medication context,"emergency, inpatient, or outpatient according to onset and stability",Time course and localizing examination findings support this neurologic pathway.,Absence of localizing or systemic findings should redirect the differential without false reassurance.,false,Step 1; Step 2 CK; Step 3,Neurology; Internal Medicine; Pediatrics; Emergency Medicine,partially_source_supported
DPR-NEUR-1049,DIS-NEUR-EPENDYMOMA,PRS-NEUR-056,source_checked,needs_medical_review,common,typical,common,variable,adult or pediatric context as indicated,consider pregnancy-specific differential and medication context,"emergency, inpatient, or outpatient according to onset and stability",Time course and localizing examination findings support this neurologic pathway.,Absence of localizing or systemic findings should redirect the differential without false reassurance.,false,Step 1; Step 2 CK; Step 3,Neurology; Internal Medicine; Pediatrics; Emergency Medicine,partially_source_supported
DPR-NEUR-1050,DIS-NEUR-HEMANGIOBLASTOMA,PRS-NEUR-067,source_checked,needs_medical_review,classic,typical,common,variable,adult or pediatric context as indicated,consider pregnancy-specific differential and medication context,"emergency, inpatient, or outpatient according to onset and stability",Time course and localizing examination findings support this neurologic pathway.,Absence of localizing or systemic findings should redirect the differential without false reassurance.,false,Step 1; Step 2 CK; Step 3,Neurology; Internal Medicine; Pediatrics; Emergency Medicine,partially_source_supported
DPR-NEUR-1051,DIS-NEUR-HEMANGIOBLASTOMA,PRS-NEUR-DELIRIUM,source_checked,needs_medical_review,common,typical,common,variable,adult or pediatric context as indicated,consider pregnancy-specific differential and medication context,"emergency, inpatient, or outpatient according to onset and stability",Time course and localizing examination findings support this neurologic pathway.,Absence of localizing or systemic findings should redirect the differential without false reassurance.,false,Step 1; Step 2 CK; Step 3,Neurology; Internal Medicine; Pediatrics; Emergency Medicine,partially_source_supported
DPR-NEUR-1052,DIS-NEUR-HEMANGIOBLASTOMA,PRS-NEUR-056,source_checked,needs_medical_review,common,typical,common,variable,adult or pediatric context as indicated,consider pregnancy-specific differential and medication context,"emergency, inpatient, or outpatient according to onset and stability",Time course and localizing examination findings support this neurologic pathway.,Absence of localizing or systemic findings should redirect the differential without false reassurance.,false,Step 1; Step 2 CK; Step 3,Neurology; Internal Medicine; Pediatrics; Emergency Medicine,partially_source_supported
DPR-NEUR-1053,DIS-NEUR-CRANIOPHARYNGIOMA,PRS-NEUR-067,source_checked,needs_medical_review,classic,typical,common,variable,adult or pediatric context as indicated,consider pregnancy-specific differential and medication context,"emergency, inpatient, or outpatient according to onset and stability",Time course and localizing examination findings support this neurologic pathway.,Absence of localizing or systemic findings should redirect the differential without false reassurance.,false,Step 1; Step 2 CK; Step 3,Neurology; Internal Medicine; Pediatrics; Emergency Medicine,partially_source_supported
DPR-NEUR-1054,DIS-NEUR-CRANIOPHARYNGIOMA,PRS-NEUR-DELIRIUM,source_checked,needs_medical_review,common,typical,common,variable,adult or pediatric context as indicated,consider pregnancy-specific differential and medication context,"emergency, inpatient, or outpatient according to onset and stability",Time course and localizing examination findings support this neurologic pathway.,Absence of localizing or systemic findings should redirect the differential without false reassurance.,false,Step 1; Step 2 CK; Step 3,Neurology; Internal Medicine; Pediatrics; Emergency Medicine,partially_source_supported
DPR-NEUR-1055,DIS-NEUR-CRANIOPHARYNGIOMA,PRS-NEUR-056,source_checked,needs_medical_review,common,typical,common,variable,adult or pediatric context as indicated,consider pregnancy-specific differential and medication context,"emergency, inpatient, or outpatient according to onset and stability",Time course and localizing examination findings support this neurologic pathway.,Absence of localizing or systemic findings should redirect the differential without false reassurance.,false,Step 1; Step 2 CK; Step 3,Neurology; Internal Medicine; Pediatrics; Emergency Medicine,partially_source_supported
DPR-NEUR-1056,DIS-NEUR-CHIARIMALFORMATION,PRS-NEUR-059,source_checked,needs_medical_review,classic,typical,common,variable,pediatric,consider pregnancy-specific differential and medication context,"emergency, inpatient, or outpatient according to onset and stability",Time course and localizing examination findings support this neurologic pathway.,Absence of localizing or systemic findings should redirect the differential without false reassurance.,false,Step 1; Step 2 CK; Step 3,Neurology; Internal Medicine; Pediatrics; Emergency Medicine,partially_source_supported
DPR-NEUR-1057,DIS-NEUR-CHIARIMALFORMATION,PRS-NEUR-068,source_checked,needs_medical_review,common,typical,common,variable,pediatric,consider pregnancy-specific differential and medication context,"emergency, inpatient, or outpatient according to onset and stability",Time course and localizing examination findings support this neurologic pathway.,Absence of localizing or systemic findings should redirect the differential without false reassurance.,false,Step 1; Step 2 CK; Step 3,Neurology; Internal Medicine; Pediatrics; Emergency Medicine,partially_source_supported
DPR-NEUR-1058,DIS-NEUR-CHIARIMALFORMATION,PRS-NEUR-063,source_checked,needs_medical_review,common,typical,common,variable,pediatric,consider pregnancy-specific differential and medication context,"emergency, inpatient, or outpatient according to onset and stability",Time course and localizing examination findings support this neurologic pathway.,Absence of localizing or systemic findings should redirect the differential without false reassurance.,false,Step 1; Step 2 CK; Step 3,Neurology; Internal Medicine; Pediatrics; Emergency Medicine,partially_source_supported
DPR-NEUR-1059,DIS-NEUR-DANDYWALKERMALFORMAT,PRS-NEUR-059,source_checked,needs_medical_review,classic,typical,common,variable,pediatric,consider pregnancy-specific differential and medication context,"emergency, inpatient, or outpatient according to onset and stability",Time course and localizing examination findings support this neurologic pathway.,Absence of localizing or systemic findings should redirect the differential without false reassurance.,false,Step 1; Step 2 CK; Step 3,Neurology; Internal Medicine; Pediatrics; Emergency Medicine,partially_source_supported
DPR-NEUR-1060,DIS-NEUR-DANDYWALKERMALFORMAT,PRS-NEUR-068,source_checked,needs_medical_review,common,typical,common,variable,pediatric,consider pregnancy-specific differential and medication context,"emergency, inpatient, or outpatient according to onset and stability",Time course and localizing examination findings support this neurologic pathway.,Absence of localizing or systemic findings should redirect the differential without false reassurance.,false,Step 1; Step 2 CK; Step 3,Neurology; Internal Medicine; Pediatrics; Emergency Medicine,partially_source_supported
DPR-NEUR-1061,DIS-NEUR-DANDYWALKERMALFORMAT,PRS-NEUR-063,source_checked,needs_medical_review,common,typical,common,variable,pediatric,consider pregnancy-specific differential and medication context,"emergency, inpatient, or outpatient according to onset and stability",Time course and localizing examination findings support this neurologic pathway.,Absence of localizing or systemic findings should redirect the differential without false reassurance.,false,Step 1; Step 2 CK; Step 3,Neurology; Internal Medicine; Pediatrics; Emergency Medicine,partially_source_supported
