disease_complication_id,disease_id,complication_id,timing,frequency_category,severity,cannot_miss,risk_factors,warning_findings,prevention,initial_management,step_levels,subject_exams,source_status
DCP-001,DIS-CARD-016,COM-COV-005,acute or delayed according to disease course,clinically important,high,true,Use disease-specific risk factors and trajectory.,"New instability, organ dysfunction, focal deficit, or escalating pain warrants reassessment.",Use disease-specific prevention and timely follow-up.,Stabilize and escalate according to the complication pathway.,Step 1; Step 2 CK; Step 3,Internal Medicine; Surgery; Pediatrics; Emergency Medicine,partially_source_supported
DCP-002,DIS-CARD-017,COM-COV-005,acute or delayed according to disease course,clinically important,high,true,Use disease-specific risk factors and trajectory.,"New instability, organ dysfunction, focal deficit, or escalating pain warrants reassessment.",Use disease-specific prevention and timely follow-up.,Stabilize and escalate according to the complication pathway.,Step 1; Step 2 CK; Step 3,Internal Medicine; Surgery; Pediatrics; Emergency Medicine,partially_source_supported
DCP-003,DIS-CARD-017,COM-COV-006,acute or delayed according to disease course,clinically important,high,true,Use disease-specific risk factors and trajectory.,"New instability, organ dysfunction, focal deficit, or escalating pain warrants reassessment.",Use disease-specific prevention and timely follow-up.,Stabilize and escalate according to the complication pathway.,Step 1; Step 2 CK; Step 3,Internal Medicine; Surgery; Pediatrics; Emergency Medicine,partially_source_supported
DCP-004,DIS-CARD-017,COM-COV-007,acute or delayed according to disease course,clinically important,high,true,Use disease-specific risk factors and trajectory.,"New instability, organ dysfunction, focal deficit, or escalating pain warrants reassessment.",Use disease-specific prevention and timely follow-up.,Stabilize and escalate according to the complication pathway.,Step 1; Step 2 CK; Step 3,Internal Medicine; Surgery; Pediatrics; Emergency Medicine,partially_source_supported
DCP-005,DIS-REN-NEPHROTICSYNDROME,COM-COV-008,acute or delayed according to disease course,clinically important,high,true,Use disease-specific risk factors and trajectory.,"New instability, organ dysfunction, focal deficit, or escalating pain warrants reassessment.",Use disease-specific prevention and timely follow-up.,Stabilize and escalate according to the complication pathway.,Step 1; Step 2 CK; Step 3,Internal Medicine; Surgery; Pediatrics; Emergency Medicine,partially_source_supported
DCP-006,DIS-MSK-ACUTECOMPARTMENTSYND,COM-COV-001,acute or delayed according to disease course,clinically important,high,true,Use disease-specific risk factors and trajectory.,"New instability, organ dysfunction, focal deficit, or escalating pain warrants reassessment.",Use disease-specific prevention and timely follow-up.,Stabilize and escalate according to the complication pathway.,Step 1; Step 2 CK; Step 3,Internal Medicine; Surgery; Pediatrics; Emergency Medicine,partially_source_supported
DCP-007,DIS-MSK-FEMORALNECKFRACTURE,COM-COV-002,acute or delayed according to disease course,clinically important,high,true,Use disease-specific risk factors and trajectory.,"New instability, organ dysfunction, focal deficit, or escalating pain warrants reassessment.",Use disease-specific prevention and timely follow-up.,Stabilize and escalate according to the complication pathway.,Step 1; Step 2 CK; Step 3,Internal Medicine; Surgery; Pediatrics; Emergency Medicine,partially_source_supported
DCP-008,DIS-MSK-FEMORALNECKFRACTURE,COM-COV-003,acute or delayed according to disease course,clinically important,high,true,Use disease-specific risk factors and trajectory.,"New instability, organ dysfunction, focal deficit, or escalating pain warrants reassessment.",Use disease-specific prevention and timely follow-up.,Stabilize and escalate according to the complication pathway.,Step 1; Step 2 CK; Step 3,Internal Medicine; Surgery; Pediatrics; Emergency Medicine,partially_source_supported
DCP-011,DIS-HO-0082,COM-COV-009,acute or delayed according to disease course,clinically important,high,true,Use disease-specific risk factors and trajectory.,"New instability, organ dysfunction, focal deficit, or escalating pain warrants reassessment.",Use disease-specific prevention and timely follow-up.,Stabilize and escalate according to the complication pathway.,Step 1; Step 2 CK; Step 3,Internal Medicine; Surgery; Pediatrics; Emergency Medicine,partially_source_supported
DCP-012,DIS-HO-0082,COM-COV-010,acute or delayed according to disease course,clinically important,high,true,Use disease-specific risk factors and trajectory.,"New instability, organ dysfunction, focal deficit, or escalating pain warrants reassessment.",Use disease-specific prevention and timely follow-up.,Stabilize and escalate according to the complication pathway.,Step 1; Step 2 CK; Step 3,Internal Medicine; Surgery; Pediatrics; Emergency Medicine,partially_source_supported
DCP-013,DIS-HO-0082,COM-COV-011,acute or delayed according to disease course,clinically important,high,true,Use disease-specific risk factors and trajectory.,"New instability, organ dysfunction, focal deficit, or escalating pain warrants reassessment.",Use disease-specific prevention and timely follow-up.,Stabilize and escalate according to the complication pathway.,Step 1; Step 2 CK; Step 3,Internal Medicine; Surgery; Pediatrics; Emergency Medicine,partially_source_supported
DCP-NEUR-B8B31CB8E151,DIS-NEUR-001,COM-NEUR-CEREBRALEDEMA,"acute, delayed, or chronic according to the linked disease course",clinically important,high,true,"Severity, delayed recognition, and disease-specific physiology increase risk of cerebral edema in Transient ischemic attack.","New deterioration, organ dysfunction, or symptoms compatible with cerebral edema require reassessment.","Use the linked Transient ischemic attack stabilization, monitoring, prevention, and rehabilitation pathway.",Recognize and immediately manage cerebral edema while escalating to the relevant specialty pathway.,Step 1; Step 2 CK; Step 3,Neurology; Internal Medicine; Pediatrics; Emergency Medicine,partially_source_supported
DCP-NEUR-B3AFC797E148,DIS-NEUR-001,COM-NEUR-HEMORRHAGICTRANSFORM,"acute, delayed, or chronic according to the linked disease course",clinically important,high,true,"Severity, delayed recognition, and disease-specific physiology increase risk of hemorrhagic transformation in Transient ischemic attack.","New deterioration, organ dysfunction, or symptoms compatible with hemorrhagic transformation require reassessment.","Use the linked Transient ischemic attack stabilization, monitoring, prevention, and rehabilitation pathway.",Recognize and immediately manage hemorrhagic transformation while escalating to the relevant specialty pathway.,Step 1; Step 2 CK; Step 3,Neurology; Internal Medicine; Pediatrics; Emergency Medicine,partially_source_supported
DCP-NEUR-A08457C7DA71,DIS-NEUR-001,COM-NEUR-ASPIRATION,"acute, delayed, or chronic according to the linked disease course",clinically important,high,true,"Severity, delayed recognition, and disease-specific physiology increase risk of aspiration in Transient ischemic attack.","New deterioration, organ dysfunction, or symptoms compatible with aspiration require reassessment.","Use the linked Transient ischemic attack stabilization, monitoring, prevention, and rehabilitation pathway.",Recognize and immediately manage aspiration while escalating to the relevant specialty pathway.,Step 1; Step 2 CK; Step 3,Neurology; Internal Medicine; Pediatrics; Emergency Medicine,partially_source_supported
DCP-NEUR-8E891A7DB22E,DIS-NEUR-001,COM-NEUR-DEEPVENOUSTHROMBOSIS,"acute, delayed, or chronic according to the linked disease course",clinically important,high,true,"Severity, delayed recognition, and disease-specific physiology increase risk of deep venous thrombosis in Transient ischemic attack.","New deterioration, organ dysfunction, or symptoms compatible with deep venous thrombosis require reassessment.","Use the linked Transient ischemic attack stabilization, monitoring, prevention, and rehabilitation pathway.",Recognize and immediately manage deep venous thrombosis while escalating to the relevant specialty pathway.,Step 1; Step 2 CK; Step 3,Neurology; Internal Medicine; Pediatrics; Emergency Medicine,partially_source_supported
DCP-NEUR-7FEAA9263E5E,DIS-N-0061,COM-NEUR-ASPIRATION,"acute, delayed, or chronic according to the linked disease course",clinically important,high,true,"Severity, delayed recognition, and disease-specific physiology increase risk of aspiration in Seizure disorder.","New deterioration, organ dysfunction, or symptoms compatible with aspiration require reassessment.","Use the linked Seizure disorder stabilization, monitoring, prevention, and rehabilitation pathway.",Recognize and immediately manage aspiration while escalating to the relevant specialty pathway.,Step 1; Step 2 CK; Step 3,Neurology; Internal Medicine; Pediatrics; Emergency Medicine,partially_source_supported
DCP-NEUR-81BA74A1EC67,DIS-N-0061,COM-NEUR-RESPIRATORYFAILURE,"acute, delayed, or chronic according to the linked disease course",clinically important,high,true,"Severity, delayed recognition, and disease-specific physiology increase risk of respiratory failure in Seizure disorder.","New deterioration, organ dysfunction, or symptoms compatible with respiratory failure require reassessment.","Use the linked Seizure disorder stabilization, monitoring, prevention, and rehabilitation pathway.",Recognize and immediately manage respiratory failure while escalating to the relevant specialty pathway.,Step 1; Step 2 CK; Step 3,Neurology; Internal Medicine; Pediatrics; Emergency Medicine,partially_source_supported
DCP-NEUR-A0AC4336BD2D,DIS-N-0061,COM-NEUR-CFED5392E86B,"acute, delayed, or chronic according to the linked disease course",clinically important,high,true,"Severity, delayed recognition, and disease-specific physiology increase risk of rhabdomyolysis in Seizure disorder.","New deterioration, organ dysfunction, or symptoms compatible with rhabdomyolysis require reassessment.","Use the linked Seizure disorder stabilization, monitoring, prevention, and rehabilitation pathway.",Recognize and immediately manage rhabdomyolysis while escalating to the relevant specialty pathway.,Step 1; Step 2 CK; Step 3,Neurology; Internal Medicine; Pediatrics; Emergency Medicine,partially_source_supported
DCP-NEUR-90F7C350575D,DIS-N-0061,COM-NEUR-B3E860A83965,"acute, delayed, or chronic according to the linked disease course",clinically important,high,true,"Severity, delayed recognition, and disease-specific physiology increase risk of traumatic injury in Seizure disorder.","New deterioration, organ dysfunction, or symptoms compatible with traumatic injury require reassessment.","Use the linked Seizure disorder stabilization, monitoring, prevention, and rehabilitation pathway.",Recognize and immediately manage traumatic injury while escalating to the relevant specialty pathway.,Step 1; Step 2 CK; Step 3,Neurology; Internal Medicine; Pediatrics; Emergency Medicine,partially_source_supported
DCP-NEUR-4363881D0AD5,DIS-N-0063,COM-NEUR-B2DFA2B49A99,"acute, delayed, or chronic according to the linked disease course",clinically important,high,true,"Severity, delayed recognition, and disease-specific physiology increase risk of seizures in Meningitis.","New deterioration, organ dysfunction, or symptoms compatible with seizures require reassessment.","Use the linked Meningitis stabilization, monitoring, prevention, and rehabilitation pathway.",Recognize and immediately manage seizures while escalating to the relevant specialty pathway.,Step 1; Step 2 CK; Step 3,Neurology; Internal Medicine; Pediatrics; Emergency Medicine,partially_source_supported
DCP-NEUR-C7D5F5B06A01,DIS-N-0063,COM-COV-013,"acute, delayed, or chronic according to the linked disease course",clinically important,high,true,"Severity, delayed recognition, and disease-specific physiology increase risk of hydrocephalus in Meningitis.","New deterioration, organ dysfunction, or symptoms compatible with hydrocephalus require reassessment.","Use the linked Meningitis stabilization, monitoring, prevention, and rehabilitation pathway.",Recognize and immediately manage hydrocephalus while escalating to the relevant specialty pathway.,Step 1; Step 2 CK; Step 3,Neurology; Internal Medicine; Pediatrics; Emergency Medicine,partially_source_supported
DCP-NEUR-CC929BB9F382,DIS-N-0063,COM-NEUR-CEREBRALEDEMA,"acute, delayed, or chronic according to the linked disease course",clinically important,high,true,"Severity, delayed recognition, and disease-specific physiology increase risk of cerebral edema in Meningitis.","New deterioration, organ dysfunction, or symptoms compatible with cerebral edema require reassessment.","Use the linked Meningitis stabilization, monitoring, prevention, and rehabilitation pathway.",Recognize and immediately manage cerebral edema while escalating to the relevant specialty pathway.,Step 1; Step 2 CK; Step 3,Neurology; Internal Medicine; Pediatrics; Emergency Medicine,partially_source_supported
DCP-NEUR-CCE468596176,DIS-N-0063,COM-COV-012,"acute, delayed, or chronic according to the linked disease course",clinically important,high,true,"Severity, delayed recognition, and disease-specific physiology increase risk of hearing loss in Meningitis.","New deterioration, organ dysfunction, or symptoms compatible with hearing loss require reassessment.","Use the linked Meningitis stabilization, monitoring, prevention, and rehabilitation pathway.",Recognize and immediately manage hearing loss while escalating to the relevant specialty pathway.,Step 1; Step 2 CK; Step 3,Neurology; Internal Medicine; Pediatrics; Emergency Medicine,partially_source_supported
DCP-NEUR-FA4F2C7C9EAA,DIS-N-0069,COM-NEUR-29B382B9E8A2,"acute, delayed, or chronic according to the linked disease course",clinically important,variable,false,"Severity, delayed recognition, and disease-specific physiology increase risk of falls in Delirium.","New deterioration, organ dysfunction, or symptoms compatible with falls require reassessment.","Use the linked Delirium stabilization, monitoring, prevention, and rehabilitation pathway.",Recognize and immediately manage falls while escalating to the relevant specialty pathway.,Step 1; Step 2 CK; Step 3,Neurology; Internal Medicine; Pediatrics; Emergency Medicine,partially_source_supported
DCP-NEUR-323915CD98C9,DIS-N-0069,COM-NEUR-ASPIRATION,"acute, delayed, or chronic according to the linked disease course",clinically important,variable,false,"Severity, delayed recognition, and disease-specific physiology increase risk of aspiration in Delirium.","New deterioration, organ dysfunction, or symptoms compatible with aspiration require reassessment.","Use the linked Delirium stabilization, monitoring, prevention, and rehabilitation pathway.",Recognize and immediately manage aspiration while escalating to the relevant specialty pathway.,Step 1; Step 2 CK; Step 3,Neurology; Internal Medicine; Pediatrics; Emergency Medicine,partially_source_supported
DCP-NEUR-CD8ADB47B1A6,DIS-N-0058,COM-NEUR-CEREBRALEDEMA,"acute, delayed, or chronic according to the linked disease course",clinically important,high,true,"Severity, delayed recognition, and disease-specific physiology increase risk of cerebral edema in Acute ischemic stroke.","New deterioration, organ dysfunction, or symptoms compatible with cerebral edema require reassessment.","Use the linked Acute ischemic stroke stabilization, monitoring, prevention, and rehabilitation pathway.",Recognize and immediately manage cerebral edema while escalating to the relevant specialty pathway.,Step 1; Step 2 CK; Step 3,Neurology; Internal Medicine; Pediatrics; Emergency Medicine,partially_source_supported
DCP-NEUR-A73F03F2DC13,DIS-N-0058,COM-NEUR-HEMORRHAGICTRANSFORM,"acute, delayed, or chronic according to the linked disease course",clinically important,high,true,"Severity, delayed recognition, and disease-specific physiology increase risk of hemorrhagic transformation in Acute ischemic stroke.","New deterioration, organ dysfunction, or symptoms compatible with hemorrhagic transformation require reassessment.","Use the linked Acute ischemic stroke stabilization, monitoring, prevention, and rehabilitation pathway.",Recognize and immediately manage hemorrhagic transformation while escalating to the relevant specialty pathway.,Step 1; Step 2 CK; Step 3,Neurology; Internal Medicine; Pediatrics; Emergency Medicine,partially_source_supported
DCP-NEUR-A678BCAA1DE0,DIS-N-0058,COM-NEUR-ASPIRATION,"acute, delayed, or chronic according to the linked disease course",clinically important,high,true,"Severity, delayed recognition, and disease-specific physiology increase risk of aspiration in Acute ischemic stroke.","New deterioration, organ dysfunction, or symptoms compatible with aspiration require reassessment.","Use the linked Acute ischemic stroke stabilization, monitoring, prevention, and rehabilitation pathway.",Recognize and immediately manage aspiration while escalating to the relevant specialty pathway.,Step 1; Step 2 CK; Step 3,Neurology; Internal Medicine; Pediatrics; Emergency Medicine,partially_source_supported
DCP-NEUR-7F69C66492DA,DIS-N-0058,COM-NEUR-DEEPVENOUSTHROMBOSIS,"acute, delayed, or chronic according to the linked disease course",clinically important,high,true,"Severity, delayed recognition, and disease-specific physiology increase risk of deep venous thrombosis in Acute ischemic stroke.","New deterioration, organ dysfunction, or symptoms compatible with deep venous thrombosis require reassessment.","Use the linked Acute ischemic stroke stabilization, monitoring, prevention, and rehabilitation pathway.",Recognize and immediately manage deep venous thrombosis while escalating to the relevant specialty pathway.,Step 1; Step 2 CK; Step 3,Neurology; Internal Medicine; Pediatrics; Emergency Medicine,partially_source_supported
DCP-NEUR-46C5869C42DA,DIS-NEUR-006,COM-NEUR-CEREBRALEDEMA,"acute, delayed, or chronic according to the linked disease course",clinically important,high,true,"Severity, delayed recognition, and disease-specific physiology increase risk of cerebral edema in Large-vessel occlusion stroke.","New deterioration, organ dysfunction, or symptoms compatible with cerebral edema require reassessment.","Use the linked Large-vessel occlusion stroke stabilization, monitoring, prevention, and rehabilitation pathway.",Recognize and immediately manage cerebral edema while escalating to the relevant specialty pathway.,Step 1; Step 2 CK; Step 3,Neurology; Internal Medicine; Pediatrics; Emergency Medicine,partially_source_supported
DCP-NEUR-D962E3B2AB83,DIS-NEUR-006,COM-NEUR-HEMORRHAGICTRANSFORM,"acute, delayed, or chronic according to the linked disease course",clinically important,high,true,"Severity, delayed recognition, and disease-specific physiology increase risk of hemorrhagic transformation in Large-vessel occlusion stroke.","New deterioration, organ dysfunction, or symptoms compatible with hemorrhagic transformation require reassessment.","Use the linked Large-vessel occlusion stroke stabilization, monitoring, prevention, and rehabilitation pathway.",Recognize and immediately manage hemorrhagic transformation while escalating to the relevant specialty pathway.,Step 1; Step 2 CK; Step 3,Neurology; Internal Medicine; Pediatrics; Emergency Medicine,partially_source_supported
DCP-NEUR-4E63865EF2F7,DIS-NEUR-006,COM-NEUR-ASPIRATION,"acute, delayed, or chronic according to the linked disease course",clinically important,high,true,"Severity, delayed recognition, and disease-specific physiology increase risk of aspiration in Large-vessel occlusion stroke.","New deterioration, organ dysfunction, or symptoms compatible with aspiration require reassessment.","Use the linked Large-vessel occlusion stroke stabilization, monitoring, prevention, and rehabilitation pathway.",Recognize and immediately manage aspiration while escalating to the relevant specialty pathway.,Step 1; Step 2 CK; Step 3,Neurology; Internal Medicine; Pediatrics; Emergency Medicine,partially_source_supported
DCP-NEUR-C24A5A55A191,DIS-NEUR-006,COM-NEUR-DEEPVENOUSTHROMBOSIS,"acute, delayed, or chronic according to the linked disease course",clinically important,high,true,"Severity, delayed recognition, and disease-specific physiology increase risk of deep venous thrombosis in Large-vessel occlusion stroke.","New deterioration, organ dysfunction, or symptoms compatible with deep venous thrombosis require reassessment.","Use the linked Large-vessel occlusion stroke stabilization, monitoring, prevention, and rehabilitation pathway.",Recognize and immediately manage deep venous thrombosis while escalating to the relevant specialty pathway.,Step 1; Step 2 CK; Step 3,Neurology; Internal Medicine; Pediatrics; Emergency Medicine,partially_source_supported
DCP-NEUR-29E704181371,DIS-NEUR-007,COM-NEUR-CEREBRALEDEMA,"acute, delayed, or chronic according to the linked disease course",clinically important,high,true,"Severity, delayed recognition, and disease-specific physiology increase risk of cerebral edema in Lacunar stroke.","New deterioration, organ dysfunction, or symptoms compatible with cerebral edema require reassessment.","Use the linked Lacunar stroke stabilization, monitoring, prevention, and rehabilitation pathway.",Recognize and immediately manage cerebral edema while escalating to the relevant specialty pathway.,Step 1; Step 2 CK; Step 3,Neurology; Internal Medicine; Pediatrics; Emergency Medicine,partially_source_supported
DCP-NEUR-A6CE55347C7D,DIS-NEUR-007,COM-NEUR-HEMORRHAGICTRANSFORM,"acute, delayed, or chronic according to the linked disease course",clinically important,high,true,"Severity, delayed recognition, and disease-specific physiology increase risk of hemorrhagic transformation in Lacunar stroke.","New deterioration, organ dysfunction, or symptoms compatible with hemorrhagic transformation require reassessment.","Use the linked Lacunar stroke stabilization, monitoring, prevention, and rehabilitation pathway.",Recognize and immediately manage hemorrhagic transformation while escalating to the relevant specialty pathway.,Step 1; Step 2 CK; Step 3,Neurology; Internal Medicine; Pediatrics; Emergency Medicine,partially_source_supported
DCP-NEUR-D735E05DF400,DIS-NEUR-007,COM-NEUR-ASPIRATION,"acute, delayed, or chronic according to the linked disease course",clinically important,high,true,"Severity, delayed recognition, and disease-specific physiology increase risk of aspiration in Lacunar stroke.","New deterioration, organ dysfunction, or symptoms compatible with aspiration require reassessment.","Use the linked Lacunar stroke stabilization, monitoring, prevention, and rehabilitation pathway.",Recognize and immediately manage aspiration while escalating to the relevant specialty pathway.,Step 1; Step 2 CK; Step 3,Neurology; Internal Medicine; Pediatrics; Emergency Medicine,partially_source_supported
DCP-NEUR-484D94084698,DIS-NEUR-007,COM-NEUR-DEEPVENOUSTHROMBOSIS,"acute, delayed, or chronic according to the linked disease course",clinically important,high,true,"Severity, delayed recognition, and disease-specific physiology increase risk of deep venous thrombosis in Lacunar stroke.","New deterioration, organ dysfunction, or symptoms compatible with deep venous thrombosis require reassessment.","Use the linked Lacunar stroke stabilization, monitoring, prevention, and rehabilitation pathway.",Recognize and immediately manage deep venous thrombosis while escalating to the relevant specialty pathway.,Step 1; Step 2 CK; Step 3,Neurology; Internal Medicine; Pediatrics; Emergency Medicine,partially_source_supported
DCP-NEUR-42102B8BE587,DIS-NEUR-008,COM-NEUR-29B382B9E8A2,"acute, delayed, or chronic according to the linked disease course",clinically important,high,true,"Severity, delayed recognition, and disease-specific physiology increase risk of falls in Watershed infarction.","New deterioration, organ dysfunction, or symptoms compatible with falls require reassessment.","Use the linked Watershed infarction stabilization, monitoring, prevention, and rehabilitation pathway.",Recognize and immediately manage falls while escalating to the relevant specialty pathway.,Step 1; Step 2 CK; Step 3,Neurology; Internal Medicine; Pediatrics; Emergency Medicine,partially_source_supported
DCP-NEUR-4B97B6123EE8,DIS-NEUR-008,COM-NEUR-ASPIRATION,"acute, delayed, or chronic according to the linked disease course",clinically important,high,true,"Severity, delayed recognition, and disease-specific physiology increase risk of aspiration in Watershed infarction.","New deterioration, organ dysfunction, or symptoms compatible with aspiration require reassessment.","Use the linked Watershed infarction stabilization, monitoring, prevention, and rehabilitation pathway.",Recognize and immediately manage aspiration while escalating to the relevant specialty pathway.,Step 1; Step 2 CK; Step 3,Neurology; Internal Medicine; Pediatrics; Emergency Medicine,partially_source_supported
DCP-NEUR-98966B049707,DIS-NEUR-008,COM-NEUR-D72F393064D3,"acute, delayed, or chronic according to the linked disease course",clinically important,high,true,"Severity, delayed recognition, and disease-specific physiology increase risk of caregiver burden in Watershed infarction.","New deterioration, organ dysfunction, or symptoms compatible with caregiver burden require reassessment.","Use the linked Watershed infarction stabilization, monitoring, prevention, and rehabilitation pathway.",Recognize and immediately manage caregiver burden while escalating to the relevant specialty pathway.,Step 1; Step 2 CK; Step 3,Neurology; Internal Medicine; Pediatrics; Emergency Medicine,partially_source_supported
DCP-NEUR-D08F582FB5EC,DIS-NEUR-008,COM-NEUR-B5D23B8686BF,"acute, delayed, or chronic according to the linked disease course",clinically important,high,true,"Severity, delayed recognition, and disease-specific physiology increase risk of medication adverse effects in Watershed infarction.","New deterioration, organ dysfunction, or symptoms compatible with medication adverse effects require reassessment.","Use the linked Watershed infarction stabilization, monitoring, prevention, and rehabilitation pathway.",Recognize and immediately manage medication adverse effects while escalating to the relevant specialty pathway.,Step 1; Step 2 CK; Step 3,Neurology; Internal Medicine; Pediatrics; Emergency Medicine,partially_source_supported
DCP-NEUR-DA0525F3AB4C,DIS-NEUR-009,COM-NEUR-CEREBRALEDEMA,"acute, delayed, or chronic according to the linked disease course",clinically important,high,true,"Severity, delayed recognition, and disease-specific physiology increase risk of cerebral edema in Cardioembolic stroke.","New deterioration, organ dysfunction, or symptoms compatible with cerebral edema require reassessment.","Use the linked Cardioembolic stroke stabilization, monitoring, prevention, and rehabilitation pathway.",Recognize and immediately manage cerebral edema while escalating to the relevant specialty pathway.,Step 1; Step 2 CK; Step 3,Neurology; Internal Medicine; Pediatrics; Emergency Medicine,partially_source_supported
DCP-NEUR-60035B6E23D3,DIS-NEUR-009,COM-NEUR-HEMORRHAGICTRANSFORM,"acute, delayed, or chronic according to the linked disease course",clinically important,high,true,"Severity, delayed recognition, and disease-specific physiology increase risk of hemorrhagic transformation in Cardioembolic stroke.","New deterioration, organ dysfunction, or symptoms compatible with hemorrhagic transformation require reassessment.","Use the linked Cardioembolic stroke stabilization, monitoring, prevention, and rehabilitation pathway.",Recognize and immediately manage hemorrhagic transformation while escalating to the relevant specialty pathway.,Step 1; Step 2 CK; Step 3,Neurology; Internal Medicine; Pediatrics; Emergency Medicine,partially_source_supported
DCP-NEUR-09A633D6C111,DIS-NEUR-009,COM-NEUR-ASPIRATION,"acute, delayed, or chronic according to the linked disease course",clinically important,high,true,"Severity, delayed recognition, and disease-specific physiology increase risk of aspiration in Cardioembolic stroke.","New deterioration, organ dysfunction, or symptoms compatible with aspiration require reassessment.","Use the linked Cardioembolic stroke stabilization, monitoring, prevention, and rehabilitation pathway.",Recognize and immediately manage aspiration while escalating to the relevant specialty pathway.,Step 1; Step 2 CK; Step 3,Neurology; Internal Medicine; Pediatrics; Emergency Medicine,partially_source_supported
DCP-NEUR-76BE942EA772,DIS-NEUR-009,COM-NEUR-DEEPVENOUSTHROMBOSIS,"acute, delayed, or chronic according to the linked disease course",clinically important,high,true,"Severity, delayed recognition, and disease-specific physiology increase risk of deep venous thrombosis in Cardioembolic stroke.","New deterioration, organ dysfunction, or symptoms compatible with deep venous thrombosis require reassessment.","Use the linked Cardioembolic stroke stabilization, monitoring, prevention, and rehabilitation pathway.",Recognize and immediately manage deep venous thrombosis while escalating to the relevant specialty pathway.,Step 1; Step 2 CK; Step 3,Neurology; Internal Medicine; Pediatrics; Emergency Medicine,partially_source_supported
DCP-NEUR-A42E6019B9BC,DIS-NEUR-010,COM-NEUR-CEREBRALEDEMA,"acute, delayed, or chronic according to the linked disease course",clinically important,high,true,"Severity, delayed recognition, and disease-specific physiology increase risk of cerebral edema in Cryptogenic stroke.","New deterioration, organ dysfunction, or symptoms compatible with cerebral edema require reassessment.","Use the linked Cryptogenic stroke stabilization, monitoring, prevention, and rehabilitation pathway.",Recognize and immediately manage cerebral edema while escalating to the relevant specialty pathway.,Step 1; Step 2 CK; Step 3,Neurology; Internal Medicine; Pediatrics; Emergency Medicine,partially_source_supported
DCP-NEUR-FF34E95E597F,DIS-NEUR-010,COM-NEUR-HEMORRHAGICTRANSFORM,"acute, delayed, or chronic according to the linked disease course",clinically important,high,true,"Severity, delayed recognition, and disease-specific physiology increase risk of hemorrhagic transformation in Cryptogenic stroke.","New deterioration, organ dysfunction, or symptoms compatible with hemorrhagic transformation require reassessment.","Use the linked Cryptogenic stroke stabilization, monitoring, prevention, and rehabilitation pathway.",Recognize and immediately manage hemorrhagic transformation while escalating to the relevant specialty pathway.,Step 1; Step 2 CK; Step 3,Neurology; Internal Medicine; Pediatrics; Emergency Medicine,partially_source_supported
DCP-NEUR-A0F637B1659D,DIS-NEUR-010,COM-NEUR-ASPIRATION,"acute, delayed, or chronic according to the linked disease course",clinically important,high,true,"Severity, delayed recognition, and disease-specific physiology increase risk of aspiration in Cryptogenic stroke.","New deterioration, organ dysfunction, or symptoms compatible with aspiration require reassessment.","Use the linked Cryptogenic stroke stabilization, monitoring, prevention, and rehabilitation pathway.",Recognize and immediately manage aspiration while escalating to the relevant specialty pathway.,Step 1; Step 2 CK; Step 3,Neurology; Internal Medicine; Pediatrics; Emergency Medicine,partially_source_supported
DCP-NEUR-0A390402C261,DIS-NEUR-010,COM-NEUR-DEEPVENOUSTHROMBOSIS,"acute, delayed, or chronic according to the linked disease course",clinically important,high,true,"Severity, delayed recognition, and disease-specific physiology increase risk of deep venous thrombosis in Cryptogenic stroke.","New deterioration, organ dysfunction, or symptoms compatible with deep venous thrombosis require reassessment.","Use the linked Cryptogenic stroke stabilization, monitoring, prevention, and rehabilitation pathway.",Recognize and immediately manage deep venous thrombosis while escalating to the relevant specialty pathway.,Step 1; Step 2 CK; Step 3,Neurology; Internal Medicine; Pediatrics; Emergency Medicine,partially_source_supported
DCP-NEUR-0CA9E9D0C0B4,DIS-NEUR-011,COM-NEUR-FEDAD47A3708,"acute, delayed, or chronic according to the linked disease course",clinically important,high,true,"Severity, delayed recognition, and disease-specific physiology increase risk of venous infarction in Cerebral venous sinus thrombosis.","New deterioration, organ dysfunction, or symptoms compatible with venous infarction require reassessment.","Use the linked Cerebral venous sinus thrombosis stabilization, monitoring, prevention, and rehabilitation pathway.",Recognize and immediately manage venous infarction while escalating to the relevant specialty pathway.,Step 1; Step 2 CK; Step 3,Neurology; Internal Medicine; Pediatrics; Emergency Medicine,partially_source_supported
DCP-NEUR-1AE9DD157AD9,DIS-NEUR-011,COM-NEUR-HEMORRHAGICTRANSFORM,"acute, delayed, or chronic according to the linked disease course",clinically important,high,true,"Severity, delayed recognition, and disease-specific physiology increase risk of hemorrhagic transformation in Cerebral venous sinus thrombosis.","New deterioration, organ dysfunction, or symptoms compatible with hemorrhagic transformation require reassessment.","Use the linked Cerebral venous sinus thrombosis stabilization, monitoring, prevention, and rehabilitation pathway.",Recognize and immediately manage hemorrhagic transformation while escalating to the relevant specialty pathway.,Step 1; Step 2 CK; Step 3,Neurology; Internal Medicine; Pediatrics; Emergency Medicine,partially_source_supported
DCP-NEUR-613417D020AD,DIS-NEUR-011,COM-NEUR-B2DFA2B49A99,"acute, delayed, or chronic according to the linked disease course",clinically important,high,true,"Severity, delayed recognition, and disease-specific physiology increase risk of seizures in Cerebral venous sinus thrombosis.","New deterioration, organ dysfunction, or symptoms compatible with seizures require reassessment.","Use the linked Cerebral venous sinus thrombosis stabilization, monitoring, prevention, and rehabilitation pathway.",Recognize and immediately manage seizures while escalating to the relevant specialty pathway.,Step 1; Step 2 CK; Step 3,Neurology; Internal Medicine; Pediatrics; Emergency Medicine,partially_source_supported
DCP-NEUR-D463D0523D31,DIS-NEUR-011,COM-NEUR-F21334DBAB88,"acute, delayed, or chronic according to the linked disease course",clinically important,high,true,"Severity, delayed recognition, and disease-specific physiology increase risk of raised intracranial pressure in Cerebral venous sinus thrombosis.","New deterioration, organ dysfunction, or symptoms compatible with raised intracranial pressure require reassessment.","Use the linked Cerebral venous sinus thrombosis stabilization, monitoring, prevention, and rehabilitation pathway.",Recognize and immediately manage raised intracranial pressure while escalating to the relevant specialty pathway.,Step 1; Step 2 CK; Step 3,Neurology; Internal Medicine; Pediatrics; Emergency Medicine,partially_source_supported
DCP-NEUR-7672C58638C5,DIS-N-0059,COM-NEUR-CEREBRALEDEMA,"acute, delayed, or chronic according to the linked disease course",clinically important,high,true,"Severity, delayed recognition, and disease-specific physiology increase risk of cerebral edema in Intracerebral hemorrhage.","New deterioration, organ dysfunction, or symptoms compatible with cerebral edema require reassessment.","Use the linked Intracerebral hemorrhage stabilization, monitoring, prevention, and rehabilitation pathway.",Recognize and immediately manage cerebral edema while escalating to the relevant specialty pathway.,Step 1; Step 2 CK; Step 3,Neurology; Internal Medicine; Pediatrics; Emergency Medicine,partially_source_supported
DCP-NEUR-B031C281FDE9,DIS-N-0059,COM-NEUR-HEMORRHAGICTRANSFORM,"acute, delayed, or chronic according to the linked disease course",clinically important,high,true,"Severity, delayed recognition, and disease-specific physiology increase risk of hemorrhagic transformation in Intracerebral hemorrhage.","New deterioration, organ dysfunction, or symptoms compatible with hemorrhagic transformation require reassessment.","Use the linked Intracerebral hemorrhage stabilization, monitoring, prevention, and rehabilitation pathway.",Recognize and immediately manage hemorrhagic transformation while escalating to the relevant specialty pathway.,Step 1; Step 2 CK; Step 3,Neurology; Internal Medicine; Pediatrics; Emergency Medicine,partially_source_supported
DCP-NEUR-B924BFA6BC4D,DIS-N-0059,COM-NEUR-ASPIRATION,"acute, delayed, or chronic according to the linked disease course",clinically important,high,true,"Severity, delayed recognition, and disease-specific physiology increase risk of aspiration in Intracerebral hemorrhage.","New deterioration, organ dysfunction, or symptoms compatible with aspiration require reassessment.","Use the linked Intracerebral hemorrhage stabilization, monitoring, prevention, and rehabilitation pathway.",Recognize and immediately manage aspiration while escalating to the relevant specialty pathway.,Step 1; Step 2 CK; Step 3,Neurology; Internal Medicine; Pediatrics; Emergency Medicine,partially_source_supported
DCP-NEUR-64497F529CA6,DIS-N-0059,COM-NEUR-DEEPVENOUSTHROMBOSIS,"acute, delayed, or chronic according to the linked disease course",clinically important,high,true,"Severity, delayed recognition, and disease-specific physiology increase risk of deep venous thrombosis in Intracerebral hemorrhage.","New deterioration, organ dysfunction, or symptoms compatible with deep venous thrombosis require reassessment.","Use the linked Intracerebral hemorrhage stabilization, monitoring, prevention, and rehabilitation pathway.",Recognize and immediately manage deep venous thrombosis while escalating to the relevant specialty pathway.,Step 1; Step 2 CK; Step 3,Neurology; Internal Medicine; Pediatrics; Emergency Medicine,partially_source_supported
DCP-NEUR-CF5BBBA7C13A,DIS-N-0060,COM-NEUR-REBLEEDING,"acute, delayed, or chronic according to the linked disease course",clinically important,high,true,"Severity, delayed recognition, and disease-specific physiology increase risk of rebleeding in Subarachnoid hemorrhage.","New deterioration, organ dysfunction, or symptoms compatible with rebleeding require reassessment.","Use the linked Subarachnoid hemorrhage stabilization, monitoring, prevention, and rehabilitation pathway.",Recognize and immediately manage rebleeding while escalating to the relevant specialty pathway.,Step 1; Step 2 CK; Step 3,Neurology; Internal Medicine; Pediatrics; Emergency Medicine,partially_source_supported
DCP-NEUR-94A9F229DE22,DIS-N-0060,COM-NEUR-VASOSPASM,"acute, delayed, or chronic according to the linked disease course",clinically important,high,true,"Severity, delayed recognition, and disease-specific physiology increase risk of vasospasm in Subarachnoid hemorrhage.","New deterioration, organ dysfunction, or symptoms compatible with vasospasm require reassessment.","Use the linked Subarachnoid hemorrhage stabilization, monitoring, prevention, and rehabilitation pathway.",Recognize and immediately manage vasospasm while escalating to the relevant specialty pathway.,Step 1; Step 2 CK; Step 3,Neurology; Internal Medicine; Pediatrics; Emergency Medicine,partially_source_supported
DCP-NEUR-1DBB8237933A,DIS-N-0060,COM-NEUR-996370968F00,"acute, delayed, or chronic according to the linked disease course",clinically important,high,true,"Severity, delayed recognition, and disease-specific physiology increase risk of delayed cerebral ischemia in Subarachnoid hemorrhage.","New deterioration, organ dysfunction, or symptoms compatible with delayed cerebral ischemia require reassessment.","Use the linked Subarachnoid hemorrhage stabilization, monitoring, prevention, and rehabilitation pathway.",Recognize and immediately manage delayed cerebral ischemia while escalating to the relevant specialty pathway.,Step 1; Step 2 CK; Step 3,Neurology; Internal Medicine; Pediatrics; Emergency Medicine,partially_source_supported
DCP-NEUR-D94965F1229E,DIS-N-0060,COM-COV-013,"acute, delayed, or chronic according to the linked disease course",clinically important,high,true,"Severity, delayed recognition, and disease-specific physiology increase risk of hydrocephalus in Subarachnoid hemorrhage.","New deterioration, organ dysfunction, or symptoms compatible with hydrocephalus require reassessment.","Use the linked Subarachnoid hemorrhage stabilization, monitoring, prevention, and rehabilitation pathway.",Recognize and immediately manage hydrocephalus while escalating to the relevant specialty pathway.,Step 1; Step 2 CK; Step 3,Neurology; Internal Medicine; Pediatrics; Emergency Medicine,partially_source_supported
DCP-NEUR-CF7CA07CD693,DIS-NEUR-014,COM-NEUR-29B382B9E8A2,"acute, delayed, or chronic according to the linked disease course",clinically important,high,true,"Severity, delayed recognition, and disease-specific physiology increase risk of falls in Epidural hematoma.","New deterioration, organ dysfunction, or symptoms compatible with falls require reassessment.","Use the linked Epidural hematoma stabilization, monitoring, prevention, and rehabilitation pathway.",Recognize and immediately manage falls while escalating to the relevant specialty pathway.,Step 1; Step 2 CK; Step 3,Neurology; Internal Medicine; Pediatrics; Emergency Medicine,partially_source_supported
DCP-NEUR-E6DF0CEEEAF3,DIS-NEUR-014,COM-NEUR-ASPIRATION,"acute, delayed, or chronic according to the linked disease course",clinically important,high,true,"Severity, delayed recognition, and disease-specific physiology increase risk of aspiration in Epidural hematoma.","New deterioration, organ dysfunction, or symptoms compatible with aspiration require reassessment.","Use the linked Epidural hematoma stabilization, monitoring, prevention, and rehabilitation pathway.",Recognize and immediately manage aspiration while escalating to the relevant specialty pathway.,Step 1; Step 2 CK; Step 3,Neurology; Internal Medicine; Pediatrics; Emergency Medicine,partially_source_supported
DCP-NEUR-1BC543578CC4,DIS-NEUR-014,COM-NEUR-D72F393064D3,"acute, delayed, or chronic according to the linked disease course",clinically important,high,true,"Severity, delayed recognition, and disease-specific physiology increase risk of caregiver burden in Epidural hematoma.","New deterioration, organ dysfunction, or symptoms compatible with caregiver burden require reassessment.","Use the linked Epidural hematoma stabilization, monitoring, prevention, and rehabilitation pathway.",Recognize and immediately manage caregiver burden while escalating to the relevant specialty pathway.,Step 1; Step 2 CK; Step 3,Neurology; Internal Medicine; Pediatrics; Emergency Medicine,partially_source_supported
DCP-NEUR-DF990DFDF926,DIS-NEUR-014,COM-NEUR-B5D23B8686BF,"acute, delayed, or chronic according to the linked disease course",clinically important,high,true,"Severity, delayed recognition, and disease-specific physiology increase risk of medication adverse effects in Epidural hematoma.","New deterioration, organ dysfunction, or symptoms compatible with medication adverse effects require reassessment.","Use the linked Epidural hematoma stabilization, monitoring, prevention, and rehabilitation pathway.",Recognize and immediately manage medication adverse effects while escalating to the relevant specialty pathway.,Step 1; Step 2 CK; Step 3,Neurology; Internal Medicine; Pediatrics; Emergency Medicine,partially_source_supported
DCP-NEUR-BC01E8A56C87,DIS-NEUR-015,COM-NEUR-29B382B9E8A2,"acute, delayed, or chronic according to the linked disease course",clinically important,high,true,"Severity, delayed recognition, and disease-specific physiology increase risk of falls in Subdural hematoma.","New deterioration, organ dysfunction, or symptoms compatible with falls require reassessment.","Use the linked Subdural hematoma stabilization, monitoring, prevention, and rehabilitation pathway.",Recognize and immediately manage falls while escalating to the relevant specialty pathway.,Step 1; Step 2 CK; Step 3,Neurology; Internal Medicine; Pediatrics; Emergency Medicine,partially_source_supported
DCP-NEUR-2FDB40DD1936,DIS-NEUR-015,COM-NEUR-ASPIRATION,"acute, delayed, or chronic according to the linked disease course",clinically important,high,true,"Severity, delayed recognition, and disease-specific physiology increase risk of aspiration in Subdural hematoma.","New deterioration, organ dysfunction, or symptoms compatible with aspiration require reassessment.","Use the linked Subdural hematoma stabilization, monitoring, prevention, and rehabilitation pathway.",Recognize and immediately manage aspiration while escalating to the relevant specialty pathway.,Step 1; Step 2 CK; Step 3,Neurology; Internal Medicine; Pediatrics; Emergency Medicine,partially_source_supported
DCP-NEUR-3C1976283FB8,DIS-NEUR-015,COM-NEUR-D72F393064D3,"acute, delayed, or chronic according to the linked disease course",clinically important,high,true,"Severity, delayed recognition, and disease-specific physiology increase risk of caregiver burden in Subdural hematoma.","New deterioration, organ dysfunction, or symptoms compatible with caregiver burden require reassessment.","Use the linked Subdural hematoma stabilization, monitoring, prevention, and rehabilitation pathway.",Recognize and immediately manage caregiver burden while escalating to the relevant specialty pathway.,Step 1; Step 2 CK; Step 3,Neurology; Internal Medicine; Pediatrics; Emergency Medicine,partially_source_supported
DCP-NEUR-7B0021400D73,DIS-NEUR-015,COM-NEUR-B5D23B8686BF,"acute, delayed, or chronic according to the linked disease course",clinically important,high,true,"Severity, delayed recognition, and disease-specific physiology increase risk of medication adverse effects in Subdural hematoma.","New deterioration, organ dysfunction, or symptoms compatible with medication adverse effects require reassessment.","Use the linked Subdural hematoma stabilization, monitoring, prevention, and rehabilitation pathway.",Recognize and immediately manage medication adverse effects while escalating to the relevant specialty pathway.,Step 1; Step 2 CK; Step 3,Neurology; Internal Medicine; Pediatrics; Emergency Medicine,partially_source_supported
DCP-NEUR-E1A011E9237B,DIS-NEUR-016,COM-NEUR-CEREBRALEDEMA,"acute, delayed, or chronic according to the linked disease course",clinically important,high,true,"Severity, delayed recognition, and disease-specific physiology increase risk of cerebral edema in Intraventricular hemorrhage.","New deterioration, organ dysfunction, or symptoms compatible with cerebral edema require reassessment.","Use the linked Intraventricular hemorrhage stabilization, monitoring, prevention, and rehabilitation pathway.",Recognize and immediately manage cerebral edema while escalating to the relevant specialty pathway.,Step 1; Step 2 CK; Step 3,Neurology; Internal Medicine; Pediatrics; Emergency Medicine,partially_source_supported
DCP-NEUR-37433AE6E53D,DIS-NEUR-016,COM-NEUR-HEMORRHAGICTRANSFORM,"acute, delayed, or chronic according to the linked disease course",clinically important,high,true,"Severity, delayed recognition, and disease-specific physiology increase risk of hemorrhagic transformation in Intraventricular hemorrhage.","New deterioration, organ dysfunction, or symptoms compatible with hemorrhagic transformation require reassessment.","Use the linked Intraventricular hemorrhage stabilization, monitoring, prevention, and rehabilitation pathway.",Recognize and immediately manage hemorrhagic transformation while escalating to the relevant specialty pathway.,Step 1; Step 2 CK; Step 3,Neurology; Internal Medicine; Pediatrics; Emergency Medicine,partially_source_supported
DCP-NEUR-FC66C7C7E8A0,DIS-NEUR-016,COM-NEUR-ASPIRATION,"acute, delayed, or chronic according to the linked disease course",clinically important,high,true,"Severity, delayed recognition, and disease-specific physiology increase risk of aspiration in Intraventricular hemorrhage.","New deterioration, organ dysfunction, or symptoms compatible with aspiration require reassessment.","Use the linked Intraventricular hemorrhage stabilization, monitoring, prevention, and rehabilitation pathway.",Recognize and immediately manage aspiration while escalating to the relevant specialty pathway.,Step 1; Step 2 CK; Step 3,Neurology; Internal Medicine; Pediatrics; Emergency Medicine,partially_source_supported
DCP-NEUR-11974E00D699,DIS-NEUR-016,COM-NEUR-DEEPVENOUSTHROMBOSIS,"acute, delayed, or chronic according to the linked disease course",clinically important,high,true,"Severity, delayed recognition, and disease-specific physiology increase risk of deep venous thrombosis in Intraventricular hemorrhage.","New deterioration, organ dysfunction, or symptoms compatible with deep venous thrombosis require reassessment.","Use the linked Intraventricular hemorrhage stabilization, monitoring, prevention, and rehabilitation pathway.",Recognize and immediately manage deep venous thrombosis while escalating to the relevant specialty pathway.,Step 1; Step 2 CK; Step 3,Neurology; Internal Medicine; Pediatrics; Emergency Medicine,partially_source_supported
DCP-NEUR-3745D7E3CF4A,DIS-NEUR-017,COM-NEUR-CEREBRALEDEMA,"acute, delayed, or chronic according to the linked disease course",clinically important,high,true,"Severity, delayed recognition, and disease-specific physiology increase risk of cerebral edema in Hypertensive cerebral hemorrhage.","New deterioration, organ dysfunction, or symptoms compatible with cerebral edema require reassessment.","Use the linked Hypertensive cerebral hemorrhage stabilization, monitoring, prevention, and rehabilitation pathway.",Recognize and immediately manage cerebral edema while escalating to the relevant specialty pathway.,Step 1; Step 2 CK; Step 3,Neurology; Internal Medicine; Pediatrics; Emergency Medicine,partially_source_supported
DCP-NEUR-E08D9B6E2831,DIS-NEUR-017,COM-NEUR-HEMORRHAGICTRANSFORM,"acute, delayed, or chronic according to the linked disease course",clinically important,high,true,"Severity, delayed recognition, and disease-specific physiology increase risk of hemorrhagic transformation in Hypertensive cerebral hemorrhage.","New deterioration, organ dysfunction, or symptoms compatible with hemorrhagic transformation require reassessment.","Use the linked Hypertensive cerebral hemorrhage stabilization, monitoring, prevention, and rehabilitation pathway.",Recognize and immediately manage hemorrhagic transformation while escalating to the relevant specialty pathway.,Step 1; Step 2 CK; Step 3,Neurology; Internal Medicine; Pediatrics; Emergency Medicine,partially_source_supported
DCP-NEUR-BA84B9C21B9D,DIS-NEUR-017,COM-NEUR-ASPIRATION,"acute, delayed, or chronic according to the linked disease course",clinically important,high,true,"Severity, delayed recognition, and disease-specific physiology increase risk of aspiration in Hypertensive cerebral hemorrhage.","New deterioration, organ dysfunction, or symptoms compatible with aspiration require reassessment.","Use the linked Hypertensive cerebral hemorrhage stabilization, monitoring, prevention, and rehabilitation pathway.",Recognize and immediately manage aspiration while escalating to the relevant specialty pathway.,Step 1; Step 2 CK; Step 3,Neurology; Internal Medicine; Pediatrics; Emergency Medicine,partially_source_supported
DCP-NEUR-04C2EB4DA30A,DIS-NEUR-017,COM-NEUR-DEEPVENOUSTHROMBOSIS,"acute, delayed, or chronic according to the linked disease course",clinically important,high,true,"Severity, delayed recognition, and disease-specific physiology increase risk of deep venous thrombosis in Hypertensive cerebral hemorrhage.","New deterioration, organ dysfunction, or symptoms compatible with deep venous thrombosis require reassessment.","Use the linked Hypertensive cerebral hemorrhage stabilization, monitoring, prevention, and rehabilitation pathway.",Recognize and immediately manage deep venous thrombosis while escalating to the relevant specialty pathway.,Step 1; Step 2 CK; Step 3,Neurology; Internal Medicine; Pediatrics; Emergency Medicine,partially_source_supported
DCP-NEUR-665C01639785,DIS-NEUR-018,COM-NEUR-29B382B9E8A2,"acute, delayed, or chronic according to the linked disease course",clinically important,high,true,"Severity, delayed recognition, and disease-specific physiology increase risk of falls in Cerebral amyloid angiopathy.","New deterioration, organ dysfunction, or symptoms compatible with falls require reassessment.","Use the linked Cerebral amyloid angiopathy stabilization, monitoring, prevention, and rehabilitation pathway.",Recognize and immediately manage falls while escalating to the relevant specialty pathway.,Step 1; Step 2 CK; Step 3,Neurology; Internal Medicine; Pediatrics; Emergency Medicine,partially_source_supported
DCP-NEUR-CEF07853C98A,DIS-NEUR-018,COM-NEUR-ASPIRATION,"acute, delayed, or chronic according to the linked disease course",clinically important,high,true,"Severity, delayed recognition, and disease-specific physiology increase risk of aspiration in Cerebral amyloid angiopathy.","New deterioration, organ dysfunction, or symptoms compatible with aspiration require reassessment.","Use the linked Cerebral amyloid angiopathy stabilization, monitoring, prevention, and rehabilitation pathway.",Recognize and immediately manage aspiration while escalating to the relevant specialty pathway.,Step 1; Step 2 CK; Step 3,Neurology; Internal Medicine; Pediatrics; Emergency Medicine,partially_source_supported
DCP-NEUR-ABC4F2E00A39,DIS-NEUR-018,COM-NEUR-D72F393064D3,"acute, delayed, or chronic according to the linked disease course",clinically important,high,true,"Severity, delayed recognition, and disease-specific physiology increase risk of caregiver burden in Cerebral amyloid angiopathy.","New deterioration, organ dysfunction, or symptoms compatible with caregiver burden require reassessment.","Use the linked Cerebral amyloid angiopathy stabilization, monitoring, prevention, and rehabilitation pathway.",Recognize and immediately manage caregiver burden while escalating to the relevant specialty pathway.,Step 1; Step 2 CK; Step 3,Neurology; Internal Medicine; Pediatrics; Emergency Medicine,partially_source_supported
DCP-NEUR-81800F7543F2,DIS-NEUR-018,COM-NEUR-B5D23B8686BF,"acute, delayed, or chronic according to the linked disease course",clinically important,high,true,"Severity, delayed recognition, and disease-specific physiology increase risk of medication adverse effects in Cerebral amyloid angiopathy.","New deterioration, organ dysfunction, or symptoms compatible with medication adverse effects require reassessment.","Use the linked Cerebral amyloid angiopathy stabilization, monitoring, prevention, and rehabilitation pathway.",Recognize and immediately manage medication adverse effects while escalating to the relevant specialty pathway.,Step 1; Step 2 CK; Step 3,Neurology; Internal Medicine; Pediatrics; Emergency Medicine,partially_source_supported
DCP-NEUR-897C1EA5FA55,DIS-NEUR-019,COM-NEUR-CEREBRALEDEMA,"acute, delayed, or chronic according to the linked disease course",clinically important,high,true,"Severity, delayed recognition, and disease-specific physiology increase risk of cerebral edema in Carotid artery dissection.","New deterioration, organ dysfunction, or symptoms compatible with cerebral edema require reassessment.","Use the linked Carotid artery dissection stabilization, monitoring, prevention, and rehabilitation pathway.",Recognize and immediately manage cerebral edema while escalating to the relevant specialty pathway.,Step 1; Step 2 CK; Step 3,Neurology; Internal Medicine; Pediatrics; Emergency Medicine,partially_source_supported
DCP-NEUR-2AD4B954D6D6,DIS-NEUR-019,COM-NEUR-HEMORRHAGICTRANSFORM,"acute, delayed, or chronic according to the linked disease course",clinically important,high,true,"Severity, delayed recognition, and disease-specific physiology increase risk of hemorrhagic transformation in Carotid artery dissection.","New deterioration, organ dysfunction, or symptoms compatible with hemorrhagic transformation require reassessment.","Use the linked Carotid artery dissection stabilization, monitoring, prevention, and rehabilitation pathway.",Recognize and immediately manage hemorrhagic transformation while escalating to the relevant specialty pathway.,Step 1; Step 2 CK; Step 3,Neurology; Internal Medicine; Pediatrics; Emergency Medicine,partially_source_supported
DCP-NEUR-27A20FA16513,DIS-NEUR-019,COM-NEUR-ASPIRATION,"acute, delayed, or chronic according to the linked disease course",clinically important,high,true,"Severity, delayed recognition, and disease-specific physiology increase risk of aspiration in Carotid artery dissection.","New deterioration, organ dysfunction, or symptoms compatible with aspiration require reassessment.","Use the linked Carotid artery dissection stabilization, monitoring, prevention, and rehabilitation pathway.",Recognize and immediately manage aspiration while escalating to the relevant specialty pathway.,Step 1; Step 2 CK; Step 3,Neurology; Internal Medicine; Pediatrics; Emergency Medicine,partially_source_supported
DCP-NEUR-21F11CB1DABD,DIS-NEUR-019,COM-NEUR-DEEPVENOUSTHROMBOSIS,"acute, delayed, or chronic according to the linked disease course",clinically important,high,true,"Severity, delayed recognition, and disease-specific physiology increase risk of deep venous thrombosis in Carotid artery dissection.","New deterioration, organ dysfunction, or symptoms compatible with deep venous thrombosis require reassessment.","Use the linked Carotid artery dissection stabilization, monitoring, prevention, and rehabilitation pathway.",Recognize and immediately manage deep venous thrombosis while escalating to the relevant specialty pathway.,Step 1; Step 2 CK; Step 3,Neurology; Internal Medicine; Pediatrics; Emergency Medicine,partially_source_supported
DCP-NEUR-A2CFF2CC3ADE,DIS-NEUR-020,COM-NEUR-CEREBRALEDEMA,"acute, delayed, or chronic according to the linked disease course",clinically important,high,true,"Severity, delayed recognition, and disease-specific physiology increase risk of cerebral edema in Vertebral artery dissection.","New deterioration, organ dysfunction, or symptoms compatible with cerebral edema require reassessment.","Use the linked Vertebral artery dissection stabilization, monitoring, prevention, and rehabilitation pathway.",Recognize and immediately manage cerebral edema while escalating to the relevant specialty pathway.,Step 1; Step 2 CK; Step 3,Neurology; Internal Medicine; Pediatrics; Emergency Medicine,partially_source_supported
DCP-NEUR-6118C64027F5,DIS-NEUR-020,COM-NEUR-HEMORRHAGICTRANSFORM,"acute, delayed, or chronic according to the linked disease course",clinically important,high,true,"Severity, delayed recognition, and disease-specific physiology increase risk of hemorrhagic transformation in Vertebral artery dissection.","New deterioration, organ dysfunction, or symptoms compatible with hemorrhagic transformation require reassessment.","Use the linked Vertebral artery dissection stabilization, monitoring, prevention, and rehabilitation pathway.",Recognize and immediately manage hemorrhagic transformation while escalating to the relevant specialty pathway.,Step 1; Step 2 CK; Step 3,Neurology; Internal Medicine; Pediatrics; Emergency Medicine,partially_source_supported
DCP-NEUR-BB1FB9C4EA77,DIS-NEUR-020,COM-NEUR-ASPIRATION,"acute, delayed, or chronic according to the linked disease course",clinically important,high,true,"Severity, delayed recognition, and disease-specific physiology increase risk of aspiration in Vertebral artery dissection.","New deterioration, organ dysfunction, or symptoms compatible with aspiration require reassessment.","Use the linked Vertebral artery dissection stabilization, monitoring, prevention, and rehabilitation pathway.",Recognize and immediately manage aspiration while escalating to the relevant specialty pathway.,Step 1; Step 2 CK; Step 3,Neurology; Internal Medicine; Pediatrics; Emergency Medicine,partially_source_supported
DCP-NEUR-0D8F966245C3,DIS-NEUR-020,COM-NEUR-DEEPVENOUSTHROMBOSIS,"acute, delayed, or chronic according to the linked disease course",clinically important,high,true,"Severity, delayed recognition, and disease-specific physiology increase risk of deep venous thrombosis in Vertebral artery dissection.","New deterioration, organ dysfunction, or symptoms compatible with deep venous thrombosis require reassessment.","Use the linked Vertebral artery dissection stabilization, monitoring, prevention, and rehabilitation pathway.",Recognize and immediately manage deep venous thrombosis while escalating to the relevant specialty pathway.,Step 1; Step 2 CK; Step 3,Neurology; Internal Medicine; Pediatrics; Emergency Medicine,partially_source_supported
DCP-NEUR-2CDC87119F03,DIS-NEUR-021,COM-NEUR-29B382B9E8A2,"acute, delayed, or chronic according to the linked disease course",clinically important,high,true,"Severity, delayed recognition, and disease-specific physiology increase risk of falls in Carotid artery stenosis.","New deterioration, organ dysfunction, or symptoms compatible with falls require reassessment.","Use the linked Carotid artery stenosis stabilization, monitoring, prevention, and rehabilitation pathway.",Recognize and immediately manage falls while escalating to the relevant specialty pathway.,Step 1; Step 2 CK; Step 3,Neurology; Internal Medicine; Pediatrics; Emergency Medicine,partially_source_supported
DCP-NEUR-FBF6D98D4262,DIS-NEUR-021,COM-NEUR-ASPIRATION,"acute, delayed, or chronic according to the linked disease course",clinically important,high,true,"Severity, delayed recognition, and disease-specific physiology increase risk of aspiration in Carotid artery stenosis.","New deterioration, organ dysfunction, or symptoms compatible with aspiration require reassessment.","Use the linked Carotid artery stenosis stabilization, monitoring, prevention, and rehabilitation pathway.",Recognize and immediately manage aspiration while escalating to the relevant specialty pathway.,Step 1; Step 2 CK; Step 3,Neurology; Internal Medicine; Pediatrics; Emergency Medicine,partially_source_supported
DCP-NEUR-C3A2481DAAD4,DIS-NEUR-021,COM-NEUR-D72F393064D3,"acute, delayed, or chronic according to the linked disease course",clinically important,high,true,"Severity, delayed recognition, and disease-specific physiology increase risk of caregiver burden in Carotid artery stenosis.","New deterioration, organ dysfunction, or symptoms compatible with caregiver burden require reassessment.","Use the linked Carotid artery stenosis stabilization, monitoring, prevention, and rehabilitation pathway.",Recognize and immediately manage caregiver burden while escalating to the relevant specialty pathway.,Step 1; Step 2 CK; Step 3,Neurology; Internal Medicine; Pediatrics; Emergency Medicine,partially_source_supported
DCP-NEUR-D6A6A05D8E13,DIS-NEUR-021,COM-NEUR-B5D23B8686BF,"acute, delayed, or chronic according to the linked disease course",clinically important,high,true,"Severity, delayed recognition, and disease-specific physiology increase risk of medication adverse effects in Carotid artery stenosis.","New deterioration, organ dysfunction, or symptoms compatible with medication adverse effects require reassessment.","Use the linked Carotid artery stenosis stabilization, monitoring, prevention, and rehabilitation pathway.",Recognize and immediately manage medication adverse effects while escalating to the relevant specialty pathway.,Step 1; Step 2 CK; Step 3,Neurology; Internal Medicine; Pediatrics; Emergency Medicine,partially_source_supported
DCP-NEUR-0E87A21BE617,DIS-NEUR-022,COM-NEUR-CEREBRALEDEMA,"acute, delayed, or chronic according to the linked disease course",clinically important,high,true,"Severity, delayed recognition, and disease-specific physiology increase risk of cerebral edema in Moyamoya disease.","New deterioration, organ dysfunction, or symptoms compatible with cerebral edema require reassessment.","Use the linked Moyamoya disease stabilization, monitoring, prevention, and rehabilitation pathway.",Recognize and immediately manage cerebral edema while escalating to the relevant specialty pathway.,Step 1; Step 2 CK; Step 3,Neurology; Internal Medicine; Pediatrics; Emergency Medicine,partially_source_supported
DCP-NEUR-313539E13389,DIS-NEUR-022,COM-NEUR-HEMORRHAGICTRANSFORM,"acute, delayed, or chronic according to the linked disease course",clinically important,high,true,"Severity, delayed recognition, and disease-specific physiology increase risk of hemorrhagic transformation in Moyamoya disease.","New deterioration, organ dysfunction, or symptoms compatible with hemorrhagic transformation require reassessment.","Use the linked Moyamoya disease stabilization, monitoring, prevention, and rehabilitation pathway.",Recognize and immediately manage hemorrhagic transformation while escalating to the relevant specialty pathway.,Step 1; Step 2 CK; Step 3,Neurology; Internal Medicine; Pediatrics; Emergency Medicine,partially_source_supported
DCP-NEUR-9C4DE20891E6,DIS-NEUR-022,COM-NEUR-ASPIRATION,"acute, delayed, or chronic according to the linked disease course",clinically important,high,true,"Severity, delayed recognition, and disease-specific physiology increase risk of aspiration in Moyamoya disease.","New deterioration, organ dysfunction, or symptoms compatible with aspiration require reassessment.","Use the linked Moyamoya disease stabilization, monitoring, prevention, and rehabilitation pathway.",Recognize and immediately manage aspiration while escalating to the relevant specialty pathway.,Step 1; Step 2 CK; Step 3,Neurology; Internal Medicine; Pediatrics; Emergency Medicine,partially_source_supported
DCP-NEUR-5B8282419CE3,DIS-NEUR-022,COM-NEUR-DEEPVENOUSTHROMBOSIS,"acute, delayed, or chronic according to the linked disease course",clinically important,high,true,"Severity, delayed recognition, and disease-specific physiology increase risk of deep venous thrombosis in Moyamoya disease.","New deterioration, organ dysfunction, or symptoms compatible with deep venous thrombosis require reassessment.","Use the linked Moyamoya disease stabilization, monitoring, prevention, and rehabilitation pathway.",Recognize and immediately manage deep venous thrombosis while escalating to the relevant specialty pathway.,Step 1; Step 2 CK; Step 3,Neurology; Internal Medicine; Pediatrics; Emergency Medicine,partially_source_supported
DCP-NEUR-1065ABD60CD5,DIS-NEUR-023,COM-NEUR-29B382B9E8A2,"acute, delayed, or chronic according to the linked disease course",clinically important,high,true,"Severity, delayed recognition, and disease-specific physiology increase risk of falls in Reversible cerebral vasoconstriction syndrome.","New deterioration, organ dysfunction, or symptoms compatible with falls require reassessment.","Use the linked Reversible cerebral vasoconstriction syndrome stabilization, monitoring, prevention, and rehabilitation pathway.",Recognize and immediately manage falls while escalating to the relevant specialty pathway.,Step 1; Step 2 CK; Step 3,Neurology; Internal Medicine; Pediatrics; Emergency Medicine,partially_source_supported
DCP-NEUR-AB2AEC8C8B2C,DIS-NEUR-023,COM-NEUR-ASPIRATION,"acute, delayed, or chronic according to the linked disease course",clinically important,high,true,"Severity, delayed recognition, and disease-specific physiology increase risk of aspiration in Reversible cerebral vasoconstriction syndrome.","New deterioration, organ dysfunction, or symptoms compatible with aspiration require reassessment.","Use the linked Reversible cerebral vasoconstriction syndrome stabilization, monitoring, prevention, and rehabilitation pathway.",Recognize and immediately manage aspiration while escalating to the relevant specialty pathway.,Step 1; Step 2 CK; Step 3,Neurology; Internal Medicine; Pediatrics; Emergency Medicine,partially_source_supported
DCP-NEUR-4AE3D3A5A807,DIS-NEUR-023,COM-NEUR-D72F393064D3,"acute, delayed, or chronic according to the linked disease course",clinically important,high,true,"Severity, delayed recognition, and disease-specific physiology increase risk of caregiver burden in Reversible cerebral vasoconstriction syndrome.","New deterioration, organ dysfunction, or symptoms compatible with caregiver burden require reassessment.","Use the linked Reversible cerebral vasoconstriction syndrome stabilization, monitoring, prevention, and rehabilitation pathway.",Recognize and immediately manage caregiver burden while escalating to the relevant specialty pathway.,Step 1; Step 2 CK; Step 3,Neurology; Internal Medicine; Pediatrics; Emergency Medicine,partially_source_supported
DCP-NEUR-60AF3ABB6C17,DIS-NEUR-023,COM-NEUR-B5D23B8686BF,"acute, delayed, or chronic according to the linked disease course",clinically important,high,true,"Severity, delayed recognition, and disease-specific physiology increase risk of medication adverse effects in Reversible cerebral vasoconstriction syndrome.","New deterioration, organ dysfunction, or symptoms compatible with medication adverse effects require reassessment.","Use the linked Reversible cerebral vasoconstriction syndrome stabilization, monitoring, prevention, and rehabilitation pathway.",Recognize and immediately manage medication adverse effects while escalating to the relevant specialty pathway.,Step 1; Step 2 CK; Step 3,Neurology; Internal Medicine; Pediatrics; Emergency Medicine,partially_source_supported
DCP-NEUR-404774D9D4C3,DIS-NEUR-024,COM-NEUR-B2DFA2B49A99,"acute, delayed, or chronic according to the linked disease course",clinically important,high,true,"Severity, delayed recognition, and disease-specific physiology increase risk of seizures in Posterior reversible encephalopathy syndrome.","New deterioration, organ dysfunction, or symptoms compatible with seizures require reassessment.","Use the linked Posterior reversible encephalopathy syndrome stabilization, monitoring, prevention, and rehabilitation pathway.",Recognize and immediately manage seizures while escalating to the relevant specialty pathway.,Step 1; Step 2 CK; Step 3,Neurology; Internal Medicine; Pediatrics; Emergency Medicine,partially_source_supported
DCP-NEUR-DC706ABACFC8,DIS-NEUR-024,COM-COV-013,"acute, delayed, or chronic according to the linked disease course",clinically important,high,true,"Severity, delayed recognition, and disease-specific physiology increase risk of hydrocephalus in Posterior reversible encephalopathy syndrome.","New deterioration, organ dysfunction, or symptoms compatible with hydrocephalus require reassessment.","Use the linked Posterior reversible encephalopathy syndrome stabilization, monitoring, prevention, and rehabilitation pathway.",Recognize and immediately manage hydrocephalus while escalating to the relevant specialty pathway.,Step 1; Step 2 CK; Step 3,Neurology; Internal Medicine; Pediatrics; Emergency Medicine,partially_source_supported
DCP-NEUR-FF370C8FBA6B,DIS-NEUR-024,COM-NEUR-CEREBRALEDEMA,"acute, delayed, or chronic according to the linked disease course",clinically important,high,true,"Severity, delayed recognition, and disease-specific physiology increase risk of cerebral edema in Posterior reversible encephalopathy syndrome.","New deterioration, organ dysfunction, or symptoms compatible with cerebral edema require reassessment.","Use the linked Posterior reversible encephalopathy syndrome stabilization, monitoring, prevention, and rehabilitation pathway.",Recognize and immediately manage cerebral edema while escalating to the relevant specialty pathway.,Step 1; Step 2 CK; Step 3,Neurology; Internal Medicine; Pediatrics; Emergency Medicine,partially_source_supported
DCP-NEUR-387C2FBD5D37,DIS-NEUR-024,COM-COV-012,"acute, delayed, or chronic according to the linked disease course",clinically important,high,true,"Severity, delayed recognition, and disease-specific physiology increase risk of hearing loss in Posterior reversible encephalopathy syndrome.","New deterioration, organ dysfunction, or symptoms compatible with hearing loss require reassessment.","Use the linked Posterior reversible encephalopathy syndrome stabilization, monitoring, prevention, and rehabilitation pathway.",Recognize and immediately manage hearing loss while escalating to the relevant specialty pathway.,Step 1; Step 2 CK; Step 3,Neurology; Internal Medicine; Pediatrics; Emergency Medicine,partially_source_supported
DCP-NEUR-F784E3E54BEF,DIS-NEUR-025,COM-NEUR-CEREBRALEDEMA,"acute, delayed, or chronic according to the linked disease course",clinically important,variable,false,"Severity, delayed recognition, and disease-specific physiology increase risk of cerebral edema in Vascular dementia.","New deterioration, organ dysfunction, or symptoms compatible with cerebral edema require reassessment.","Use the linked Vascular dementia stabilization, monitoring, prevention, and rehabilitation pathway.",Recognize and immediately manage cerebral edema while escalating to the relevant specialty pathway.,Step 1; Step 2 CK; Step 3,Neurology; Internal Medicine; Pediatrics; Emergency Medicine,partially_source_supported
DCP-NEUR-A51CF4467928,DIS-NEUR-025,COM-NEUR-HEMORRHAGICTRANSFORM,"acute, delayed, or chronic according to the linked disease course",clinically important,variable,false,"Severity, delayed recognition, and disease-specific physiology increase risk of hemorrhagic transformation in Vascular dementia.","New deterioration, organ dysfunction, or symptoms compatible with hemorrhagic transformation require reassessment.","Use the linked Vascular dementia stabilization, monitoring, prevention, and rehabilitation pathway.",Recognize and immediately manage hemorrhagic transformation while escalating to the relevant specialty pathway.,Step 1; Step 2 CK; Step 3,Neurology; Internal Medicine; Pediatrics; Emergency Medicine,partially_source_supported
DCP-NEUR-0402B77FBC02,DIS-NEUR-026,COM-NEUR-CEREBRALEDEMA,"acute, delayed, or chronic according to the linked disease course",clinically important,high,true,"Severity, delayed recognition, and disease-specific physiology increase risk of cerebral edema in Middle cerebral artery syndrome.","New deterioration, organ dysfunction, or symptoms compatible with cerebral edema require reassessment.","Use the linked Middle cerebral artery syndrome stabilization, monitoring, prevention, and rehabilitation pathway.",Recognize and immediately manage cerebral edema while escalating to the relevant specialty pathway.,Step 1; Step 2 CK; Step 3,Neurology; Internal Medicine; Pediatrics; Emergency Medicine,partially_source_supported
DCP-NEUR-DCD0DB4758C5,DIS-NEUR-026,COM-NEUR-HEMORRHAGICTRANSFORM,"acute, delayed, or chronic according to the linked disease course",clinically important,high,true,"Severity, delayed recognition, and disease-specific physiology increase risk of hemorrhagic transformation in Middle cerebral artery syndrome.","New deterioration, organ dysfunction, or symptoms compatible with hemorrhagic transformation require reassessment.","Use the linked Middle cerebral artery syndrome stabilization, monitoring, prevention, and rehabilitation pathway.",Recognize and immediately manage hemorrhagic transformation while escalating to the relevant specialty pathway.,Step 1; Step 2 CK; Step 3,Neurology; Internal Medicine; Pediatrics; Emergency Medicine,partially_source_supported
DCP-NEUR-A747C442AA35,DIS-NEUR-026,COM-NEUR-ASPIRATION,"acute, delayed, or chronic according to the linked disease course",clinically important,high,true,"Severity, delayed recognition, and disease-specific physiology increase risk of aspiration in Middle cerebral artery syndrome.","New deterioration, organ dysfunction, or symptoms compatible with aspiration require reassessment.","Use the linked Middle cerebral artery syndrome stabilization, monitoring, prevention, and rehabilitation pathway.",Recognize and immediately manage aspiration while escalating to the relevant specialty pathway.,Step 1; Step 2 CK; Step 3,Neurology; Internal Medicine; Pediatrics; Emergency Medicine,partially_source_supported
DCP-NEUR-AD0ED4BC22CE,DIS-NEUR-026,COM-NEUR-DEEPVENOUSTHROMBOSIS,"acute, delayed, or chronic according to the linked disease course",clinically important,high,true,"Severity, delayed recognition, and disease-specific physiology increase risk of deep venous thrombosis in Middle cerebral artery syndrome.","New deterioration, organ dysfunction, or symptoms compatible with deep venous thrombosis require reassessment.","Use the linked Middle cerebral artery syndrome stabilization, monitoring, prevention, and rehabilitation pathway.",Recognize and immediately manage deep venous thrombosis while escalating to the relevant specialty pathway.,Step 1; Step 2 CK; Step 3,Neurology; Internal Medicine; Pediatrics; Emergency Medicine,partially_source_supported
DCP-NEUR-19103EE95119,DIS-NEUR-027,COM-NEUR-CEREBRALEDEMA,"acute, delayed, or chronic according to the linked disease course",clinically important,high,true,"Severity, delayed recognition, and disease-specific physiology increase risk of cerebral edema in Anterior cerebral artery syndrome.","New deterioration, organ dysfunction, or symptoms compatible with cerebral edema require reassessment.","Use the linked Anterior cerebral artery syndrome stabilization, monitoring, prevention, and rehabilitation pathway.",Recognize and immediately manage cerebral edema while escalating to the relevant specialty pathway.,Step 1; Step 2 CK; Step 3,Neurology; Internal Medicine; Pediatrics; Emergency Medicine,partially_source_supported
DCP-NEUR-2669ADB83843,DIS-NEUR-027,COM-NEUR-HEMORRHAGICTRANSFORM,"acute, delayed, or chronic according to the linked disease course",clinically important,high,true,"Severity, delayed recognition, and disease-specific physiology increase risk of hemorrhagic transformation in Anterior cerebral artery syndrome.","New deterioration, organ dysfunction, or symptoms compatible with hemorrhagic transformation require reassessment.","Use the linked Anterior cerebral artery syndrome stabilization, monitoring, prevention, and rehabilitation pathway.",Recognize and immediately manage hemorrhagic transformation while escalating to the relevant specialty pathway.,Step 1; Step 2 CK; Step 3,Neurology; Internal Medicine; Pediatrics; Emergency Medicine,partially_source_supported
DCP-NEUR-701C9A2F9DBA,DIS-NEUR-027,COM-NEUR-ASPIRATION,"acute, delayed, or chronic according to the linked disease course",clinically important,high,true,"Severity, delayed recognition, and disease-specific physiology increase risk of aspiration in Anterior cerebral artery syndrome.","New deterioration, organ dysfunction, or symptoms compatible with aspiration require reassessment.","Use the linked Anterior cerebral artery syndrome stabilization, monitoring, prevention, and rehabilitation pathway.",Recognize and immediately manage aspiration while escalating to the relevant specialty pathway.,Step 1; Step 2 CK; Step 3,Neurology; Internal Medicine; Pediatrics; Emergency Medicine,partially_source_supported
DCP-NEUR-593BBB9651F8,DIS-NEUR-027,COM-NEUR-DEEPVENOUSTHROMBOSIS,"acute, delayed, or chronic according to the linked disease course",clinically important,high,true,"Severity, delayed recognition, and disease-specific physiology increase risk of deep venous thrombosis in Anterior cerebral artery syndrome.","New deterioration, organ dysfunction, or symptoms compatible with deep venous thrombosis require reassessment.","Use the linked Anterior cerebral artery syndrome stabilization, monitoring, prevention, and rehabilitation pathway.",Recognize and immediately manage deep venous thrombosis while escalating to the relevant specialty pathway.,Step 1; Step 2 CK; Step 3,Neurology; Internal Medicine; Pediatrics; Emergency Medicine,partially_source_supported
DCP-NEUR-1BC4D5ED6CE9,DIS-NEUR-028,COM-NEUR-CEREBRALEDEMA,"acute, delayed, or chronic according to the linked disease course",clinically important,high,true,"Severity, delayed recognition, and disease-specific physiology increase risk of cerebral edema in Posterior cerebral artery syndrome.","New deterioration, organ dysfunction, or symptoms compatible with cerebral edema require reassessment.","Use the linked Posterior cerebral artery syndrome stabilization, monitoring, prevention, and rehabilitation pathway.",Recognize and immediately manage cerebral edema while escalating to the relevant specialty pathway.,Step 1; Step 2 CK; Step 3,Neurology; Internal Medicine; Pediatrics; Emergency Medicine,partially_source_supported
DCP-NEUR-2A081D8114FD,DIS-NEUR-028,COM-NEUR-HEMORRHAGICTRANSFORM,"acute, delayed, or chronic according to the linked disease course",clinically important,high,true,"Severity, delayed recognition, and disease-specific physiology increase risk of hemorrhagic transformation in Posterior cerebral artery syndrome.","New deterioration, organ dysfunction, or symptoms compatible with hemorrhagic transformation require reassessment.","Use the linked Posterior cerebral artery syndrome stabilization, monitoring, prevention, and rehabilitation pathway.",Recognize and immediately manage hemorrhagic transformation while escalating to the relevant specialty pathway.,Step 1; Step 2 CK; Step 3,Neurology; Internal Medicine; Pediatrics; Emergency Medicine,partially_source_supported
DCP-NEUR-226D8AD0284B,DIS-NEUR-028,COM-NEUR-ASPIRATION,"acute, delayed, or chronic according to the linked disease course",clinically important,high,true,"Severity, delayed recognition, and disease-specific physiology increase risk of aspiration in Posterior cerebral artery syndrome.","New deterioration, organ dysfunction, or symptoms compatible with aspiration require reassessment.","Use the linked Posterior cerebral artery syndrome stabilization, monitoring, prevention, and rehabilitation pathway.",Recognize and immediately manage aspiration while escalating to the relevant specialty pathway.,Step 1; Step 2 CK; Step 3,Neurology; Internal Medicine; Pediatrics; Emergency Medicine,partially_source_supported
DCP-NEUR-0893CF5AEF15,DIS-NEUR-028,COM-NEUR-DEEPVENOUSTHROMBOSIS,"acute, delayed, or chronic according to the linked disease course",clinically important,high,true,"Severity, delayed recognition, and disease-specific physiology increase risk of deep venous thrombosis in Posterior cerebral artery syndrome.","New deterioration, organ dysfunction, or symptoms compatible with deep venous thrombosis require reassessment.","Use the linked Posterior cerebral artery syndrome stabilization, monitoring, prevention, and rehabilitation pathway.",Recognize and immediately manage deep venous thrombosis while escalating to the relevant specialty pathway.,Step 1; Step 2 CK; Step 3,Neurology; Internal Medicine; Pediatrics; Emergency Medicine,partially_source_supported
DCP-NEUR-9C5CE154D74E,DIS-NEUR-029,COM-NEUR-CEREBRALEDEMA,"acute, delayed, or chronic according to the linked disease course",clinically important,high,true,"Severity, delayed recognition, and disease-specific physiology increase risk of cerebral edema in Basilar artery syndrome.","New deterioration, organ dysfunction, or symptoms compatible with cerebral edema require reassessment.","Use the linked Basilar artery syndrome stabilization, monitoring, prevention, and rehabilitation pathway.",Recognize and immediately manage cerebral edema while escalating to the relevant specialty pathway.,Step 1; Step 2 CK; Step 3,Neurology; Internal Medicine; Pediatrics; Emergency Medicine,partially_source_supported
DCP-NEUR-774AB5E05151,DIS-NEUR-029,COM-NEUR-HEMORRHAGICTRANSFORM,"acute, delayed, or chronic according to the linked disease course",clinically important,high,true,"Severity, delayed recognition, and disease-specific physiology increase risk of hemorrhagic transformation in Basilar artery syndrome.","New deterioration, organ dysfunction, or symptoms compatible with hemorrhagic transformation require reassessment.","Use the linked Basilar artery syndrome stabilization, monitoring, prevention, and rehabilitation pathway.",Recognize and immediately manage hemorrhagic transformation while escalating to the relevant specialty pathway.,Step 1; Step 2 CK; Step 3,Neurology; Internal Medicine; Pediatrics; Emergency Medicine,partially_source_supported
DCP-NEUR-BD22C073A6F5,DIS-NEUR-029,COM-NEUR-ASPIRATION,"acute, delayed, or chronic according to the linked disease course",clinically important,high,true,"Severity, delayed recognition, and disease-specific physiology increase risk of aspiration in Basilar artery syndrome.","New deterioration, organ dysfunction, or symptoms compatible with aspiration require reassessment.","Use the linked Basilar artery syndrome stabilization, monitoring, prevention, and rehabilitation pathway.",Recognize and immediately manage aspiration while escalating to the relevant specialty pathway.,Step 1; Step 2 CK; Step 3,Neurology; Internal Medicine; Pediatrics; Emergency Medicine,partially_source_supported
DCP-NEUR-0D4616CFD614,DIS-NEUR-029,COM-NEUR-DEEPVENOUSTHROMBOSIS,"acute, delayed, or chronic according to the linked disease course",clinically important,high,true,"Severity, delayed recognition, and disease-specific physiology increase risk of deep venous thrombosis in Basilar artery syndrome.","New deterioration, organ dysfunction, or symptoms compatible with deep venous thrombosis require reassessment.","Use the linked Basilar artery syndrome stabilization, monitoring, prevention, and rehabilitation pathway.",Recognize and immediately manage deep venous thrombosis while escalating to the relevant specialty pathway.,Step 1; Step 2 CK; Step 3,Neurology; Internal Medicine; Pediatrics; Emergency Medicine,partially_source_supported
DCP-NEUR-25EF3D388827,DIS-NEUR-030,COM-NEUR-29B382B9E8A2,"acute, delayed, or chronic according to the linked disease course",clinically important,high,true,"Severity, delayed recognition, and disease-specific physiology increase risk of falls in Lateral medullary syndrome.","New deterioration, organ dysfunction, or symptoms compatible with falls require reassessment.","Use the linked Lateral medullary syndrome stabilization, monitoring, prevention, and rehabilitation pathway.",Recognize and immediately manage falls while escalating to the relevant specialty pathway.,Step 1; Step 2 CK; Step 3,Neurology; Internal Medicine; Pediatrics; Emergency Medicine,partially_source_supported
DCP-NEUR-FA5413D80D56,DIS-NEUR-030,COM-NEUR-ASPIRATION,"acute, delayed, or chronic according to the linked disease course",clinically important,high,true,"Severity, delayed recognition, and disease-specific physiology increase risk of aspiration in Lateral medullary syndrome.","New deterioration, organ dysfunction, or symptoms compatible with aspiration require reassessment.","Use the linked Lateral medullary syndrome stabilization, monitoring, prevention, and rehabilitation pathway.",Recognize and immediately manage aspiration while escalating to the relevant specialty pathway.,Step 1; Step 2 CK; Step 3,Neurology; Internal Medicine; Pediatrics; Emergency Medicine,partially_source_supported
DCP-NEUR-151C9DF0147F,DIS-NEUR-030,COM-NEUR-D72F393064D3,"acute, delayed, or chronic according to the linked disease course",clinically important,high,true,"Severity, delayed recognition, and disease-specific physiology increase risk of caregiver burden in Lateral medullary syndrome.","New deterioration, organ dysfunction, or symptoms compatible with caregiver burden require reassessment.","Use the linked Lateral medullary syndrome stabilization, monitoring, prevention, and rehabilitation pathway.",Recognize and immediately manage caregiver burden while escalating to the relevant specialty pathway.,Step 1; Step 2 CK; Step 3,Neurology; Internal Medicine; Pediatrics; Emergency Medicine,partially_source_supported
DCP-NEUR-88C564C60520,DIS-NEUR-030,COM-NEUR-B5D23B8686BF,"acute, delayed, or chronic according to the linked disease course",clinically important,high,true,"Severity, delayed recognition, and disease-specific physiology increase risk of medication adverse effects in Lateral medullary syndrome.","New deterioration, organ dysfunction, or symptoms compatible with medication adverse effects require reassessment.","Use the linked Lateral medullary syndrome stabilization, monitoring, prevention, and rehabilitation pathway.",Recognize and immediately manage medication adverse effects while escalating to the relevant specialty pathway.,Step 1; Step 2 CK; Step 3,Neurology; Internal Medicine; Pediatrics; Emergency Medicine,partially_source_supported
DCP-NEUR-93DBADE5C39B,DIS-NEUR-031,COM-NEUR-29B382B9E8A2,"acute, delayed, or chronic according to the linked disease course",clinically important,high,true,"Severity, delayed recognition, and disease-specific physiology increase risk of falls in Medial medullary syndrome.","New deterioration, organ dysfunction, or symptoms compatible with falls require reassessment.","Use the linked Medial medullary syndrome stabilization, monitoring, prevention, and rehabilitation pathway.",Recognize and immediately manage falls while escalating to the relevant specialty pathway.,Step 1; Step 2 CK; Step 3,Neurology; Internal Medicine; Pediatrics; Emergency Medicine,partially_source_supported
DCP-NEUR-4CD49E4F7587,DIS-NEUR-031,COM-NEUR-ASPIRATION,"acute, delayed, or chronic according to the linked disease course",clinically important,high,true,"Severity, delayed recognition, and disease-specific physiology increase risk of aspiration in Medial medullary syndrome.","New deterioration, organ dysfunction, or symptoms compatible with aspiration require reassessment.","Use the linked Medial medullary syndrome stabilization, monitoring, prevention, and rehabilitation pathway.",Recognize and immediately manage aspiration while escalating to the relevant specialty pathway.,Step 1; Step 2 CK; Step 3,Neurology; Internal Medicine; Pediatrics; Emergency Medicine,partially_source_supported
DCP-NEUR-C3DA6F567940,DIS-NEUR-031,COM-NEUR-D72F393064D3,"acute, delayed, or chronic according to the linked disease course",clinically important,high,true,"Severity, delayed recognition, and disease-specific physiology increase risk of caregiver burden in Medial medullary syndrome.","New deterioration, organ dysfunction, or symptoms compatible with caregiver burden require reassessment.","Use the linked Medial medullary syndrome stabilization, monitoring, prevention, and rehabilitation pathway.",Recognize and immediately manage caregiver burden while escalating to the relevant specialty pathway.,Step 1; Step 2 CK; Step 3,Neurology; Internal Medicine; Pediatrics; Emergency Medicine,partially_source_supported
DCP-NEUR-95A7FECE0EDA,DIS-NEUR-031,COM-NEUR-B5D23B8686BF,"acute, delayed, or chronic according to the linked disease course",clinically important,high,true,"Severity, delayed recognition, and disease-specific physiology increase risk of medication adverse effects in Medial medullary syndrome.","New deterioration, organ dysfunction, or symptoms compatible with medication adverse effects require reassessment.","Use the linked Medial medullary syndrome stabilization, monitoring, prevention, and rehabilitation pathway.",Recognize and immediately manage medication adverse effects while escalating to the relevant specialty pathway.,Step 1; Step 2 CK; Step 3,Neurology; Internal Medicine; Pediatrics; Emergency Medicine,partially_source_supported
DCP-NEUR-0110837B7DB3,DIS-NEUR-032,COM-NEUR-29B382B9E8A2,"acute, delayed, or chronic according to the linked disease course",clinically important,high,true,"Severity, delayed recognition, and disease-specific physiology increase risk of falls in Locked-in syndrome.","New deterioration, organ dysfunction, or symptoms compatible with falls require reassessment.","Use the linked Locked-in syndrome stabilization, monitoring, prevention, and rehabilitation pathway.",Recognize and immediately manage falls while escalating to the relevant specialty pathway.,Step 1; Step 2 CK; Step 3,Neurology; Internal Medicine; Pediatrics; Emergency Medicine,partially_source_supported
DCP-NEUR-890B48C1FB1F,DIS-NEUR-032,COM-NEUR-ASPIRATION,"acute, delayed, or chronic according to the linked disease course",clinically important,high,true,"Severity, delayed recognition, and disease-specific physiology increase risk of aspiration in Locked-in syndrome.","New deterioration, organ dysfunction, or symptoms compatible with aspiration require reassessment.","Use the linked Locked-in syndrome stabilization, monitoring, prevention, and rehabilitation pathway.",Recognize and immediately manage aspiration while escalating to the relevant specialty pathway.,Step 1; Step 2 CK; Step 3,Neurology; Internal Medicine; Pediatrics; Emergency Medicine,partially_source_supported
DCP-NEUR-613D859D1567,DIS-NEUR-032,COM-NEUR-D72F393064D3,"acute, delayed, or chronic according to the linked disease course",clinically important,high,true,"Severity, delayed recognition, and disease-specific physiology increase risk of caregiver burden in Locked-in syndrome.","New deterioration, organ dysfunction, or symptoms compatible with caregiver burden require reassessment.","Use the linked Locked-in syndrome stabilization, monitoring, prevention, and rehabilitation pathway.",Recognize and immediately manage caregiver burden while escalating to the relevant specialty pathway.,Step 1; Step 2 CK; Step 3,Neurology; Internal Medicine; Pediatrics; Emergency Medicine,partially_source_supported
DCP-NEUR-270E940543A6,DIS-NEUR-032,COM-NEUR-B5D23B8686BF,"acute, delayed, or chronic according to the linked disease course",clinically important,high,true,"Severity, delayed recognition, and disease-specific physiology increase risk of medication adverse effects in Locked-in syndrome.","New deterioration, organ dysfunction, or symptoms compatible with medication adverse effects require reassessment.","Use the linked Locked-in syndrome stabilization, monitoring, prevention, and rehabilitation pathway.",Recognize and immediately manage medication adverse effects while escalating to the relevant specialty pathway.,Step 1; Step 2 CK; Step 3,Neurology; Internal Medicine; Pediatrics; Emergency Medicine,partially_source_supported
DCP-NEUR-9DF6EA62AE6D,DIS-NEUR-033,COM-NEUR-CEREBRALEDEMA,"acute, delayed, or chronic according to the linked disease course",clinically important,high,true,"Severity, delayed recognition, and disease-specific physiology increase risk of cerebral edema in Pure motor lacunar syndrome.","New deterioration, organ dysfunction, or symptoms compatible with cerebral edema require reassessment.","Use the linked Pure motor lacunar syndrome stabilization, monitoring, prevention, and rehabilitation pathway.",Recognize and immediately manage cerebral edema while escalating to the relevant specialty pathway.,Step 1; Step 2 CK; Step 3,Neurology; Internal Medicine; Pediatrics; Emergency Medicine,partially_source_supported
DCP-NEUR-B2A6FC132A3A,DIS-NEUR-033,COM-NEUR-HEMORRHAGICTRANSFORM,"acute, delayed, or chronic according to the linked disease course",clinically important,high,true,"Severity, delayed recognition, and disease-specific physiology increase risk of hemorrhagic transformation in Pure motor lacunar syndrome.","New deterioration, organ dysfunction, or symptoms compatible with hemorrhagic transformation require reassessment.","Use the linked Pure motor lacunar syndrome stabilization, monitoring, prevention, and rehabilitation pathway.",Recognize and immediately manage hemorrhagic transformation while escalating to the relevant specialty pathway.,Step 1; Step 2 CK; Step 3,Neurology; Internal Medicine; Pediatrics; Emergency Medicine,partially_source_supported
DCP-NEUR-ECEA08FAEF27,DIS-NEUR-033,COM-NEUR-ASPIRATION,"acute, delayed, or chronic according to the linked disease course",clinically important,high,true,"Severity, delayed recognition, and disease-specific physiology increase risk of aspiration in Pure motor lacunar syndrome.","New deterioration, organ dysfunction, or symptoms compatible with aspiration require reassessment.","Use the linked Pure motor lacunar syndrome stabilization, monitoring, prevention, and rehabilitation pathway.",Recognize and immediately manage aspiration while escalating to the relevant specialty pathway.,Step 1; Step 2 CK; Step 3,Neurology; Internal Medicine; Pediatrics; Emergency Medicine,partially_source_supported
DCP-NEUR-80621D9860C4,DIS-NEUR-033,COM-NEUR-DEEPVENOUSTHROMBOSIS,"acute, delayed, or chronic according to the linked disease course",clinically important,high,true,"Severity, delayed recognition, and disease-specific physiology increase risk of deep venous thrombosis in Pure motor lacunar syndrome.","New deterioration, organ dysfunction, or symptoms compatible with deep venous thrombosis require reassessment.","Use the linked Pure motor lacunar syndrome stabilization, monitoring, prevention, and rehabilitation pathway.",Recognize and immediately manage deep venous thrombosis while escalating to the relevant specialty pathway.,Step 1; Step 2 CK; Step 3,Neurology; Internal Medicine; Pediatrics; Emergency Medicine,partially_source_supported
DCP-NEUR-2401E7FE9D44,DIS-NEUR-034,COM-NEUR-ASPIRATION,"acute, delayed, or chronic according to the linked disease course",clinically important,high,true,"Severity, delayed recognition, and disease-specific physiology increase risk of aspiration in First unprovoked seizure.","New deterioration, organ dysfunction, or symptoms compatible with aspiration require reassessment.","Use the linked First unprovoked seizure stabilization, monitoring, prevention, and rehabilitation pathway.",Recognize and immediately manage aspiration while escalating to the relevant specialty pathway.,Step 1; Step 2 CK; Step 3,Neurology; Internal Medicine; Pediatrics; Emergency Medicine,partially_source_supported
DCP-NEUR-6F58CFAEB3A8,DIS-NEUR-034,COM-NEUR-RESPIRATORYFAILURE,"acute, delayed, or chronic according to the linked disease course",clinically important,high,true,"Severity, delayed recognition, and disease-specific physiology increase risk of respiratory failure in First unprovoked seizure.","New deterioration, organ dysfunction, or symptoms compatible with respiratory failure require reassessment.","Use the linked First unprovoked seizure stabilization, monitoring, prevention, and rehabilitation pathway.",Recognize and immediately manage respiratory failure while escalating to the relevant specialty pathway.,Step 1; Step 2 CK; Step 3,Neurology; Internal Medicine; Pediatrics; Emergency Medicine,partially_source_supported
DCP-NEUR-51392AACD5C3,DIS-NEUR-034,COM-NEUR-CFED5392E86B,"acute, delayed, or chronic according to the linked disease course",clinically important,high,true,"Severity, delayed recognition, and disease-specific physiology increase risk of rhabdomyolysis in First unprovoked seizure.","New deterioration, organ dysfunction, or symptoms compatible with rhabdomyolysis require reassessment.","Use the linked First unprovoked seizure stabilization, monitoring, prevention, and rehabilitation pathway.",Recognize and immediately manage rhabdomyolysis while escalating to the relevant specialty pathway.,Step 1; Step 2 CK; Step 3,Neurology; Internal Medicine; Pediatrics; Emergency Medicine,partially_source_supported
DCP-NEUR-20605C12EC68,DIS-NEUR-034,COM-NEUR-B3E860A83965,"acute, delayed, or chronic according to the linked disease course",clinically important,high,true,"Severity, delayed recognition, and disease-specific physiology increase risk of traumatic injury in First unprovoked seizure.","New deterioration, organ dysfunction, or symptoms compatible with traumatic injury require reassessment.","Use the linked First unprovoked seizure stabilization, monitoring, prevention, and rehabilitation pathway.",Recognize and immediately manage traumatic injury while escalating to the relevant specialty pathway.,Step 1; Step 2 CK; Step 3,Neurology; Internal Medicine; Pediatrics; Emergency Medicine,partially_source_supported
DCP-NEUR-5DB4179A02FB,DIS-NEUR-035,COM-NEUR-ASPIRATION,"acute, delayed, or chronic according to the linked disease course",clinically important,high,true,"Severity, delayed recognition, and disease-specific physiology increase risk of aspiration in Focal aware seizure.","New deterioration, organ dysfunction, or symptoms compatible with aspiration require reassessment.","Use the linked Focal aware seizure stabilization, monitoring, prevention, and rehabilitation pathway.",Recognize and immediately manage aspiration while escalating to the relevant specialty pathway.,Step 1; Step 2 CK; Step 3,Neurology; Internal Medicine; Pediatrics; Emergency Medicine,partially_source_supported
DCP-NEUR-8B5153F55DAF,DIS-NEUR-035,COM-NEUR-RESPIRATORYFAILURE,"acute, delayed, or chronic according to the linked disease course",clinically important,high,true,"Severity, delayed recognition, and disease-specific physiology increase risk of respiratory failure in Focal aware seizure.","New deterioration, organ dysfunction, or symptoms compatible with respiratory failure require reassessment.","Use the linked Focal aware seizure stabilization, monitoring, prevention, and rehabilitation pathway.",Recognize and immediately manage respiratory failure while escalating to the relevant specialty pathway.,Step 1; Step 2 CK; Step 3,Neurology; Internal Medicine; Pediatrics; Emergency Medicine,partially_source_supported
DCP-NEUR-A79F6FDF8404,DIS-NEUR-035,COM-NEUR-CFED5392E86B,"acute, delayed, or chronic according to the linked disease course",clinically important,high,true,"Severity, delayed recognition, and disease-specific physiology increase risk of rhabdomyolysis in Focal aware seizure.","New deterioration, organ dysfunction, or symptoms compatible with rhabdomyolysis require reassessment.","Use the linked Focal aware seizure stabilization, monitoring, prevention, and rehabilitation pathway.",Recognize and immediately manage rhabdomyolysis while escalating to the relevant specialty pathway.,Step 1; Step 2 CK; Step 3,Neurology; Internal Medicine; Pediatrics; Emergency Medicine,partially_source_supported
DCP-NEUR-19846F83F9C6,DIS-NEUR-035,COM-NEUR-B3E860A83965,"acute, delayed, or chronic according to the linked disease course",clinically important,high,true,"Severity, delayed recognition, and disease-specific physiology increase risk of traumatic injury in Focal aware seizure.","New deterioration, organ dysfunction, or symptoms compatible with traumatic injury require reassessment.","Use the linked Focal aware seizure stabilization, monitoring, prevention, and rehabilitation pathway.",Recognize and immediately manage traumatic injury while escalating to the relevant specialty pathway.,Step 1; Step 2 CK; Step 3,Neurology; Internal Medicine; Pediatrics; Emergency Medicine,partially_source_supported
DCP-NEUR-E543F6E5A22E,DIS-NEUR-036,COM-NEUR-ASPIRATION,"acute, delayed, or chronic according to the linked disease course",clinically important,high,true,"Severity, delayed recognition, and disease-specific physiology increase risk of aspiration in Focal impaired-awareness seizure.","New deterioration, organ dysfunction, or symptoms compatible with aspiration require reassessment.","Use the linked Focal impaired-awareness seizure stabilization, monitoring, prevention, and rehabilitation pathway.",Recognize and immediately manage aspiration while escalating to the relevant specialty pathway.,Step 1; Step 2 CK; Step 3,Neurology; Internal Medicine; Pediatrics; Emergency Medicine,partially_source_supported
DCP-NEUR-AF98C3EDB4CE,DIS-NEUR-036,COM-NEUR-RESPIRATORYFAILURE,"acute, delayed, or chronic according to the linked disease course",clinically important,high,true,"Severity, delayed recognition, and disease-specific physiology increase risk of respiratory failure in Focal impaired-awareness seizure.","New deterioration, organ dysfunction, or symptoms compatible with respiratory failure require reassessment.","Use the linked Focal impaired-awareness seizure stabilization, monitoring, prevention, and rehabilitation pathway.",Recognize and immediately manage respiratory failure while escalating to the relevant specialty pathway.,Step 1; Step 2 CK; Step 3,Neurology; Internal Medicine; Pediatrics; Emergency Medicine,partially_source_supported
DCP-NEUR-51035704F14F,DIS-NEUR-036,COM-NEUR-CFED5392E86B,"acute, delayed, or chronic according to the linked disease course",clinically important,high,true,"Severity, delayed recognition, and disease-specific physiology increase risk of rhabdomyolysis in Focal impaired-awareness seizure.","New deterioration, organ dysfunction, or symptoms compatible with rhabdomyolysis require reassessment.","Use the linked Focal impaired-awareness seizure stabilization, monitoring, prevention, and rehabilitation pathway.",Recognize and immediately manage rhabdomyolysis while escalating to the relevant specialty pathway.,Step 1; Step 2 CK; Step 3,Neurology; Internal Medicine; Pediatrics; Emergency Medicine,partially_source_supported
DCP-NEUR-3D919481EE20,DIS-NEUR-036,COM-NEUR-B3E860A83965,"acute, delayed, or chronic according to the linked disease course",clinically important,high,true,"Severity, delayed recognition, and disease-specific physiology increase risk of traumatic injury in Focal impaired-awareness seizure.","New deterioration, organ dysfunction, or symptoms compatible with traumatic injury require reassessment.","Use the linked Focal impaired-awareness seizure stabilization, monitoring, prevention, and rehabilitation pathway.",Recognize and immediately manage traumatic injury while escalating to the relevant specialty pathway.,Step 1; Step 2 CK; Step 3,Neurology; Internal Medicine; Pediatrics; Emergency Medicine,partially_source_supported
DCP-NEUR-373D17CB76C0,DIS-NEUR-037,COM-NEUR-ASPIRATION,"acute, delayed, or chronic according to the linked disease course",clinically important,high,true,"Severity, delayed recognition, and disease-specific physiology increase risk of aspiration in Focal to bilateral tonic-clonic seizure.","New deterioration, organ dysfunction, or symptoms compatible with aspiration require reassessment.","Use the linked Focal to bilateral tonic-clonic seizure stabilization, monitoring, prevention, and rehabilitation pathway.",Recognize and immediately manage aspiration while escalating to the relevant specialty pathway.,Step 1; Step 2 CK; Step 3,Neurology; Internal Medicine; Pediatrics; Emergency Medicine,partially_source_supported
DCP-NEUR-FC051EFD013C,DIS-NEUR-037,COM-NEUR-RESPIRATORYFAILURE,"acute, delayed, or chronic according to the linked disease course",clinically important,high,true,"Severity, delayed recognition, and disease-specific physiology increase risk of respiratory failure in Focal to bilateral tonic-clonic seizure.","New deterioration, organ dysfunction, or symptoms compatible with respiratory failure require reassessment.","Use the linked Focal to bilateral tonic-clonic seizure stabilization, monitoring, prevention, and rehabilitation pathway.",Recognize and immediately manage respiratory failure while escalating to the relevant specialty pathway.,Step 1; Step 2 CK; Step 3,Neurology; Internal Medicine; Pediatrics; Emergency Medicine,partially_source_supported
DCP-NEUR-C71F47D1F475,DIS-NEUR-037,COM-NEUR-CFED5392E86B,"acute, delayed, or chronic according to the linked disease course",clinically important,high,true,"Severity, delayed recognition, and disease-specific physiology increase risk of rhabdomyolysis in Focal to bilateral tonic-clonic seizure.","New deterioration, organ dysfunction, or symptoms compatible with rhabdomyolysis require reassessment.","Use the linked Focal to bilateral tonic-clonic seizure stabilization, monitoring, prevention, and rehabilitation pathway.",Recognize and immediately manage rhabdomyolysis while escalating to the relevant specialty pathway.,Step 1; Step 2 CK; Step 3,Neurology; Internal Medicine; Pediatrics; Emergency Medicine,partially_source_supported
DCP-NEUR-867CADDA4522,DIS-NEUR-037,COM-NEUR-B3E860A83965,"acute, delayed, or chronic according to the linked disease course",clinically important,high,true,"Severity, delayed recognition, and disease-specific physiology increase risk of traumatic injury in Focal to bilateral tonic-clonic seizure.","New deterioration, organ dysfunction, or symptoms compatible with traumatic injury require reassessment.","Use the linked Focal to bilateral tonic-clonic seizure stabilization, monitoring, prevention, and rehabilitation pathway.",Recognize and immediately manage traumatic injury while escalating to the relevant specialty pathway.,Step 1; Step 2 CK; Step 3,Neurology; Internal Medicine; Pediatrics; Emergency Medicine,partially_source_supported
DCP-NEUR-75EEC42C8295,DIS-NEUR-038,COM-NEUR-ASPIRATION,"acute, delayed, or chronic according to the linked disease course",clinically important,high,true,"Severity, delayed recognition, and disease-specific physiology increase risk of aspiration in Generalized tonic-clonic seizure.","New deterioration, organ dysfunction, or symptoms compatible with aspiration require reassessment.","Use the linked Generalized tonic-clonic seizure stabilization, monitoring, prevention, and rehabilitation pathway.",Recognize and immediately manage aspiration while escalating to the relevant specialty pathway.,Step 1; Step 2 CK; Step 3,Neurology; Internal Medicine; Pediatrics; Emergency Medicine,partially_source_supported
DCP-NEUR-5209A346A8E1,DIS-NEUR-038,COM-NEUR-RESPIRATORYFAILURE,"acute, delayed, or chronic according to the linked disease course",clinically important,high,true,"Severity, delayed recognition, and disease-specific physiology increase risk of respiratory failure in Generalized tonic-clonic seizure.","New deterioration, organ dysfunction, or symptoms compatible with respiratory failure require reassessment.","Use the linked Generalized tonic-clonic seizure stabilization, monitoring, prevention, and rehabilitation pathway.",Recognize and immediately manage respiratory failure while escalating to the relevant specialty pathway.,Step 1; Step 2 CK; Step 3,Neurology; Internal Medicine; Pediatrics; Emergency Medicine,partially_source_supported
DCP-NEUR-B15A89A92C5B,DIS-NEUR-038,COM-NEUR-CFED5392E86B,"acute, delayed, or chronic according to the linked disease course",clinically important,high,true,"Severity, delayed recognition, and disease-specific physiology increase risk of rhabdomyolysis in Generalized tonic-clonic seizure.","New deterioration, organ dysfunction, or symptoms compatible with rhabdomyolysis require reassessment.","Use the linked Generalized tonic-clonic seizure stabilization, monitoring, prevention, and rehabilitation pathway.",Recognize and immediately manage rhabdomyolysis while escalating to the relevant specialty pathway.,Step 1; Step 2 CK; Step 3,Neurology; Internal Medicine; Pediatrics; Emergency Medicine,partially_source_supported
DCP-NEUR-EBAE95B5E185,DIS-NEUR-038,COM-NEUR-B3E860A83965,"acute, delayed, or chronic according to the linked disease course",clinically important,high,true,"Severity, delayed recognition, and disease-specific physiology increase risk of traumatic injury in Generalized tonic-clonic seizure.","New deterioration, organ dysfunction, or symptoms compatible with traumatic injury require reassessment.","Use the linked Generalized tonic-clonic seizure stabilization, monitoring, prevention, and rehabilitation pathway.",Recognize and immediately manage traumatic injury while escalating to the relevant specialty pathway.,Step 1; Step 2 CK; Step 3,Neurology; Internal Medicine; Pediatrics; Emergency Medicine,partially_source_supported
DCP-NEUR-5F027B03F385,DIS-NEUR-039,COM-NEUR-ASPIRATION,"acute, delayed, or chronic according to the linked disease course",clinically important,high,true,"Severity, delayed recognition, and disease-specific physiology increase risk of aspiration in Absence seizure.","New deterioration, organ dysfunction, or symptoms compatible with aspiration require reassessment.","Use the linked Absence seizure stabilization, monitoring, prevention, and rehabilitation pathway.",Recognize and immediately manage aspiration while escalating to the relevant specialty pathway.,Step 1; Step 2 CK; Step 3,Neurology; Internal Medicine; Pediatrics; Emergency Medicine,partially_source_supported
DCP-NEUR-FBDD02B727F7,DIS-NEUR-039,COM-NEUR-RESPIRATORYFAILURE,"acute, delayed, or chronic according to the linked disease course",clinically important,high,true,"Severity, delayed recognition, and disease-specific physiology increase risk of respiratory failure in Absence seizure.","New deterioration, organ dysfunction, or symptoms compatible with respiratory failure require reassessment.","Use the linked Absence seizure stabilization, monitoring, prevention, and rehabilitation pathway.",Recognize and immediately manage respiratory failure while escalating to the relevant specialty pathway.,Step 1; Step 2 CK; Step 3,Neurology; Internal Medicine; Pediatrics; Emergency Medicine,partially_source_supported
DCP-NEUR-59A20DBC2DD8,DIS-NEUR-039,COM-NEUR-CFED5392E86B,"acute, delayed, or chronic according to the linked disease course",clinically important,high,true,"Severity, delayed recognition, and disease-specific physiology increase risk of rhabdomyolysis in Absence seizure.","New deterioration, organ dysfunction, or symptoms compatible with rhabdomyolysis require reassessment.","Use the linked Absence seizure stabilization, monitoring, prevention, and rehabilitation pathway.",Recognize and immediately manage rhabdomyolysis while escalating to the relevant specialty pathway.,Step 1; Step 2 CK; Step 3,Neurology; Internal Medicine; Pediatrics; Emergency Medicine,partially_source_supported
DCP-NEUR-6E0FFCE578E2,DIS-NEUR-039,COM-NEUR-B3E860A83965,"acute, delayed, or chronic according to the linked disease course",clinically important,high,true,"Severity, delayed recognition, and disease-specific physiology increase risk of traumatic injury in Absence seizure.","New deterioration, organ dysfunction, or symptoms compatible with traumatic injury require reassessment.","Use the linked Absence seizure stabilization, monitoring, prevention, and rehabilitation pathway.",Recognize and immediately manage traumatic injury while escalating to the relevant specialty pathway.,Step 1; Step 2 CK; Step 3,Neurology; Internal Medicine; Pediatrics; Emergency Medicine,partially_source_supported
DCP-NEUR-A48260D6C958,DIS-NEUR-040,COM-NEUR-ASPIRATION,"acute, delayed, or chronic according to the linked disease course",clinically important,high,true,"Severity, delayed recognition, and disease-specific physiology increase risk of aspiration in Myoclonic seizure.","New deterioration, organ dysfunction, or symptoms compatible with aspiration require reassessment.","Use the linked Myoclonic seizure stabilization, monitoring, prevention, and rehabilitation pathway.",Recognize and immediately manage aspiration while escalating to the relevant specialty pathway.,Step 1; Step 2 CK; Step 3,Neurology; Internal Medicine; Pediatrics; Emergency Medicine,partially_source_supported
DCP-NEUR-FAD39F0ADD5C,DIS-NEUR-040,COM-NEUR-RESPIRATORYFAILURE,"acute, delayed, or chronic according to the linked disease course",clinically important,high,true,"Severity, delayed recognition, and disease-specific physiology increase risk of respiratory failure in Myoclonic seizure.","New deterioration, organ dysfunction, or symptoms compatible with respiratory failure require reassessment.","Use the linked Myoclonic seizure stabilization, monitoring, prevention, and rehabilitation pathway.",Recognize and immediately manage respiratory failure while escalating to the relevant specialty pathway.,Step 1; Step 2 CK; Step 3,Neurology; Internal Medicine; Pediatrics; Emergency Medicine,partially_source_supported
DCP-NEUR-4A2C3777C5E3,DIS-NEUR-040,COM-NEUR-CFED5392E86B,"acute, delayed, or chronic according to the linked disease course",clinically important,high,true,"Severity, delayed recognition, and disease-specific physiology increase risk of rhabdomyolysis in Myoclonic seizure.","New deterioration, organ dysfunction, or symptoms compatible with rhabdomyolysis require reassessment.","Use the linked Myoclonic seizure stabilization, monitoring, prevention, and rehabilitation pathway.",Recognize and immediately manage rhabdomyolysis while escalating to the relevant specialty pathway.,Step 1; Step 2 CK; Step 3,Neurology; Internal Medicine; Pediatrics; Emergency Medicine,partially_source_supported
DCP-NEUR-FB5F33FA0F3A,DIS-NEUR-040,COM-NEUR-B3E860A83965,"acute, delayed, or chronic according to the linked disease course",clinically important,high,true,"Severity, delayed recognition, and disease-specific physiology increase risk of traumatic injury in Myoclonic seizure.","New deterioration, organ dysfunction, or symptoms compatible with traumatic injury require reassessment.","Use the linked Myoclonic seizure stabilization, monitoring, prevention, and rehabilitation pathway.",Recognize and immediately manage traumatic injury while escalating to the relevant specialty pathway.,Step 1; Step 2 CK; Step 3,Neurology; Internal Medicine; Pediatrics; Emergency Medicine,partially_source_supported
DCP-NEUR-7E27A6E18EA3,DIS-NEUR-041,COM-NEUR-ASPIRATION,"acute, delayed, or chronic according to the linked disease course",clinically important,high,true,"Severity, delayed recognition, and disease-specific physiology increase risk of aspiration in Atonic seizure.","New deterioration, organ dysfunction, or symptoms compatible with aspiration require reassessment.","Use the linked Atonic seizure stabilization, monitoring, prevention, and rehabilitation pathway.",Recognize and immediately manage aspiration while escalating to the relevant specialty pathway.,Step 1; Step 2 CK; Step 3,Neurology; Internal Medicine; Pediatrics; Emergency Medicine,partially_source_supported
DCP-NEUR-4C12085E1B1C,DIS-NEUR-041,COM-NEUR-RESPIRATORYFAILURE,"acute, delayed, or chronic according to the linked disease course",clinically important,high,true,"Severity, delayed recognition, and disease-specific physiology increase risk of respiratory failure in Atonic seizure.","New deterioration, organ dysfunction, or symptoms compatible with respiratory failure require reassessment.","Use the linked Atonic seizure stabilization, monitoring, prevention, and rehabilitation pathway.",Recognize and immediately manage respiratory failure while escalating to the relevant specialty pathway.,Step 1; Step 2 CK; Step 3,Neurology; Internal Medicine; Pediatrics; Emergency Medicine,partially_source_supported
DCP-NEUR-DAAA73E04165,DIS-NEUR-041,COM-NEUR-CFED5392E86B,"acute, delayed, or chronic according to the linked disease course",clinically important,high,true,"Severity, delayed recognition, and disease-specific physiology increase risk of rhabdomyolysis in Atonic seizure.","New deterioration, organ dysfunction, or symptoms compatible with rhabdomyolysis require reassessment.","Use the linked Atonic seizure stabilization, monitoring, prevention, and rehabilitation pathway.",Recognize and immediately manage rhabdomyolysis while escalating to the relevant specialty pathway.,Step 1; Step 2 CK; Step 3,Neurology; Internal Medicine; Pediatrics; Emergency Medicine,partially_source_supported
DCP-NEUR-457E0FF80D67,DIS-NEUR-041,COM-NEUR-B3E860A83965,"acute, delayed, or chronic according to the linked disease course",clinically important,high,true,"Severity, delayed recognition, and disease-specific physiology increase risk of traumatic injury in Atonic seizure.","New deterioration, organ dysfunction, or symptoms compatible with traumatic injury require reassessment.","Use the linked Atonic seizure stabilization, monitoring, prevention, and rehabilitation pathway.",Recognize and immediately manage traumatic injury while escalating to the relevant specialty pathway.,Step 1; Step 2 CK; Step 3,Neurology; Internal Medicine; Pediatrics; Emergency Medicine,partially_source_supported
DCP-NEUR-867B395621FA,DIS-NEUR-042,COM-NEUR-ASPIRATION,"acute, delayed, or chronic according to the linked disease course",clinically important,high,true,"Severity, delayed recognition, and disease-specific physiology increase risk of aspiration in Infantile spasms.","New deterioration, organ dysfunction, or symptoms compatible with aspiration require reassessment.","Use the linked Infantile spasms stabilization, monitoring, prevention, and rehabilitation pathway.",Recognize and immediately manage aspiration while escalating to the relevant specialty pathway.,Step 1; Step 2 CK; Step 3,Neurology; Internal Medicine; Pediatrics; Emergency Medicine,partially_source_supported
DCP-NEUR-ED27079B171C,DIS-NEUR-042,COM-NEUR-RESPIRATORYFAILURE,"acute, delayed, or chronic according to the linked disease course",clinically important,high,true,"Severity, delayed recognition, and disease-specific physiology increase risk of respiratory failure in Infantile spasms.","New deterioration, organ dysfunction, or symptoms compatible with respiratory failure require reassessment.","Use the linked Infantile spasms stabilization, monitoring, prevention, and rehabilitation pathway.",Recognize and immediately manage respiratory failure while escalating to the relevant specialty pathway.,Step 1; Step 2 CK; Step 3,Neurology; Internal Medicine; Pediatrics; Emergency Medicine,partially_source_supported
DCP-NEUR-BFBA88880E63,DIS-NEUR-042,COM-NEUR-CFED5392E86B,"acute, delayed, or chronic according to the linked disease course",clinically important,high,true,"Severity, delayed recognition, and disease-specific physiology increase risk of rhabdomyolysis in Infantile spasms.","New deterioration, organ dysfunction, or symptoms compatible with rhabdomyolysis require reassessment.","Use the linked Infantile spasms stabilization, monitoring, prevention, and rehabilitation pathway.",Recognize and immediately manage rhabdomyolysis while escalating to the relevant specialty pathway.,Step 1; Step 2 CK; Step 3,Neurology; Internal Medicine; Pediatrics; Emergency Medicine,partially_source_supported
DCP-NEUR-4752F3C453D6,DIS-NEUR-042,COM-NEUR-B3E860A83965,"acute, delayed, or chronic according to the linked disease course",clinically important,high,true,"Severity, delayed recognition, and disease-specific physiology increase risk of traumatic injury in Infantile spasms.","New deterioration, organ dysfunction, or symptoms compatible with traumatic injury require reassessment.","Use the linked Infantile spasms stabilization, monitoring, prevention, and rehabilitation pathway.",Recognize and immediately manage traumatic injury while escalating to the relevant specialty pathway.,Step 1; Step 2 CK; Step 3,Neurology; Internal Medicine; Pediatrics; Emergency Medicine,partially_source_supported
DCP-NEUR-C6C3E8B32412,DIS-P-0113,COM-NEUR-ASPIRATION,"acute, delayed, or chronic according to the linked disease course",clinically important,high,true,"Severity, delayed recognition, and disease-specific physiology increase risk of aspiration in Febrile seizure.","New deterioration, organ dysfunction, or symptoms compatible with aspiration require reassessment.","Use the linked Febrile seizure stabilization, monitoring, prevention, and rehabilitation pathway.",Recognize and immediately manage aspiration while escalating to the relevant specialty pathway.,Step 1; Step 2 CK; Step 3,Neurology; Internal Medicine; Pediatrics; Emergency Medicine,partially_source_supported
DCP-NEUR-7C37425A7CB4,DIS-P-0113,COM-NEUR-RESPIRATORYFAILURE,"acute, delayed, or chronic according to the linked disease course",clinically important,high,true,"Severity, delayed recognition, and disease-specific physiology increase risk of respiratory failure in Febrile seizure.","New deterioration, organ dysfunction, or symptoms compatible with respiratory failure require reassessment.","Use the linked Febrile seizure stabilization, monitoring, prevention, and rehabilitation pathway.",Recognize and immediately manage respiratory failure while escalating to the relevant specialty pathway.,Step 1; Step 2 CK; Step 3,Neurology; Internal Medicine; Pediatrics; Emergency Medicine,partially_source_supported
DCP-NEUR-8AB56DB6A871,DIS-P-0113,COM-NEUR-CFED5392E86B,"acute, delayed, or chronic according to the linked disease course",clinically important,high,true,"Severity, delayed recognition, and disease-specific physiology increase risk of rhabdomyolysis in Febrile seizure.","New deterioration, organ dysfunction, or symptoms compatible with rhabdomyolysis require reassessment.","Use the linked Febrile seizure stabilization, monitoring, prevention, and rehabilitation pathway.",Recognize and immediately manage rhabdomyolysis while escalating to the relevant specialty pathway.,Step 1; Step 2 CK; Step 3,Neurology; Internal Medicine; Pediatrics; Emergency Medicine,partially_source_supported
DCP-NEUR-7AA119BFC3D2,DIS-P-0113,COM-NEUR-B3E860A83965,"acute, delayed, or chronic according to the linked disease course",clinically important,high,true,"Severity, delayed recognition, and disease-specific physiology increase risk of traumatic injury in Febrile seizure.","New deterioration, organ dysfunction, or symptoms compatible with traumatic injury require reassessment.","Use the linked Febrile seizure stabilization, monitoring, prevention, and rehabilitation pathway.",Recognize and immediately manage traumatic injury while escalating to the relevant specialty pathway.,Step 1; Step 2 CK; Step 3,Neurology; Internal Medicine; Pediatrics; Emergency Medicine,partially_source_supported
DCP-NEUR-82E21E601363,DIS-N-0062,COM-NEUR-ASPIRATION,"acute, delayed, or chronic according to the linked disease course",clinically important,high,true,"Severity, delayed recognition, and disease-specific physiology increase risk of aspiration in Status epilepticus.","New deterioration, organ dysfunction, or symptoms compatible with aspiration require reassessment.","Use the linked Status epilepticus stabilization, monitoring, prevention, and rehabilitation pathway.",Recognize and immediately manage aspiration while escalating to the relevant specialty pathway.,Step 1; Step 2 CK; Step 3,Neurology; Internal Medicine; Pediatrics; Emergency Medicine,partially_source_supported
DCP-NEUR-145D5ED7B01F,DIS-N-0062,COM-NEUR-RESPIRATORYFAILURE,"acute, delayed, or chronic according to the linked disease course",clinically important,high,true,"Severity, delayed recognition, and disease-specific physiology increase risk of respiratory failure in Status epilepticus.","New deterioration, organ dysfunction, or symptoms compatible with respiratory failure require reassessment.","Use the linked Status epilepticus stabilization, monitoring, prevention, and rehabilitation pathway.",Recognize and immediately manage respiratory failure while escalating to the relevant specialty pathway.,Step 1; Step 2 CK; Step 3,Neurology; Internal Medicine; Pediatrics; Emergency Medicine,partially_source_supported
DCP-NEUR-F2818FAA2D6D,DIS-N-0062,COM-NEUR-CFED5392E86B,"acute, delayed, or chronic according to the linked disease course",clinically important,high,true,"Severity, delayed recognition, and disease-specific physiology increase risk of rhabdomyolysis in Status epilepticus.","New deterioration, organ dysfunction, or symptoms compatible with rhabdomyolysis require reassessment.","Use the linked Status epilepticus stabilization, monitoring, prevention, and rehabilitation pathway.",Recognize and immediately manage rhabdomyolysis while escalating to the relevant specialty pathway.,Step 1; Step 2 CK; Step 3,Neurology; Internal Medicine; Pediatrics; Emergency Medicine,partially_source_supported
DCP-NEUR-9953C0DAE1AD,DIS-N-0062,COM-NEUR-5DA9C56A3C1D,"acute, delayed, or chronic according to the linked disease course",clinically important,high,true,"Severity, delayed recognition, and disease-specific physiology increase risk of hyperthermia in Status epilepticus.","New deterioration, organ dysfunction, or symptoms compatible with hyperthermia require reassessment.","Use the linked Status epilepticus stabilization, monitoring, prevention, and rehabilitation pathway.",Recognize and immediately manage hyperthermia while escalating to the relevant specialty pathway.,Step 1; Step 2 CK; Step 3,Neurology; Internal Medicine; Pediatrics; Emergency Medicine,partially_source_supported
DCP-NEUR-72F39BD76815,DIS-NEUR-045,COM-NEUR-ASPIRATION,"acute, delayed, or chronic according to the linked disease course",clinically important,high,true,"Severity, delayed recognition, and disease-specific physiology increase risk of aspiration in Nonconvulsive status epilepticus.","New deterioration, organ dysfunction, or symptoms compatible with aspiration require reassessment.","Use the linked Nonconvulsive status epilepticus stabilization, monitoring, prevention, and rehabilitation pathway.",Recognize and immediately manage aspiration while escalating to the relevant specialty pathway.,Step 1; Step 2 CK; Step 3,Neurology; Internal Medicine; Pediatrics; Emergency Medicine,partially_source_supported
DCP-NEUR-0DC1CD18C628,DIS-NEUR-045,COM-NEUR-RESPIRATORYFAILURE,"acute, delayed, or chronic according to the linked disease course",clinically important,high,true,"Severity, delayed recognition, and disease-specific physiology increase risk of respiratory failure in Nonconvulsive status epilepticus.","New deterioration, organ dysfunction, or symptoms compatible with respiratory failure require reassessment.","Use the linked Nonconvulsive status epilepticus stabilization, monitoring, prevention, and rehabilitation pathway.",Recognize and immediately manage respiratory failure while escalating to the relevant specialty pathway.,Step 1; Step 2 CK; Step 3,Neurology; Internal Medicine; Pediatrics; Emergency Medicine,partially_source_supported
DCP-NEUR-AAEA4294F559,DIS-NEUR-045,COM-NEUR-CFED5392E86B,"acute, delayed, or chronic according to the linked disease course",clinically important,high,true,"Severity, delayed recognition, and disease-specific physiology increase risk of rhabdomyolysis in Nonconvulsive status epilepticus.","New deterioration, organ dysfunction, or symptoms compatible with rhabdomyolysis require reassessment.","Use the linked Nonconvulsive status epilepticus stabilization, monitoring, prevention, and rehabilitation pathway.",Recognize and immediately manage rhabdomyolysis while escalating to the relevant specialty pathway.,Step 1; Step 2 CK; Step 3,Neurology; Internal Medicine; Pediatrics; Emergency Medicine,partially_source_supported
DCP-NEUR-463094A66FA3,DIS-NEUR-045,COM-NEUR-B3E860A83965,"acute, delayed, or chronic according to the linked disease course",clinically important,high,true,"Severity, delayed recognition, and disease-specific physiology increase risk of traumatic injury in Nonconvulsive status epilepticus.","New deterioration, organ dysfunction, or symptoms compatible with traumatic injury require reassessment.","Use the linked Nonconvulsive status epilepticus stabilization, monitoring, prevention, and rehabilitation pathway.",Recognize and immediately manage traumatic injury while escalating to the relevant specialty pathway.,Step 1; Step 2 CK; Step 3,Neurology; Internal Medicine; Pediatrics; Emergency Medicine,partially_source_supported
DCP-NEUR-404471B39909,DIS-NEUR-046,COM-NEUR-ASPIRATION,"acute, delayed, or chronic according to the linked disease course",clinically important,high,true,"Severity, delayed recognition, and disease-specific physiology increase risk of aspiration in Psychogenic nonepileptic seizures.","New deterioration, organ dysfunction, or symptoms compatible with aspiration require reassessment.","Use the linked Psychogenic nonepileptic seizures stabilization, monitoring, prevention, and rehabilitation pathway.",Recognize and immediately manage aspiration while escalating to the relevant specialty pathway.,Step 1; Step 2 CK; Step 3,Neurology; Internal Medicine; Pediatrics; Emergency Medicine,partially_source_supported
DCP-NEUR-62D519976432,DIS-NEUR-046,COM-NEUR-RESPIRATORYFAILURE,"acute, delayed, or chronic according to the linked disease course",clinically important,high,true,"Severity, delayed recognition, and disease-specific physiology increase risk of respiratory failure in Psychogenic nonepileptic seizures.","New deterioration, organ dysfunction, or symptoms compatible with respiratory failure require reassessment.","Use the linked Psychogenic nonepileptic seizures stabilization, monitoring, prevention, and rehabilitation pathway.",Recognize and immediately manage respiratory failure while escalating to the relevant specialty pathway.,Step 1; Step 2 CK; Step 3,Neurology; Internal Medicine; Pediatrics; Emergency Medicine,partially_source_supported
DCP-NEUR-977AA6F24889,DIS-NEUR-046,COM-NEUR-CFED5392E86B,"acute, delayed, or chronic according to the linked disease course",clinically important,high,true,"Severity, delayed recognition, and disease-specific physiology increase risk of rhabdomyolysis in Psychogenic nonepileptic seizures.","New deterioration, organ dysfunction, or symptoms compatible with rhabdomyolysis require reassessment.","Use the linked Psychogenic nonepileptic seizures stabilization, monitoring, prevention, and rehabilitation pathway.",Recognize and immediately manage rhabdomyolysis while escalating to the relevant specialty pathway.,Step 1; Step 2 CK; Step 3,Neurology; Internal Medicine; Pediatrics; Emergency Medicine,partially_source_supported
DCP-NEUR-64C423960428,DIS-NEUR-046,COM-NEUR-B3E860A83965,"acute, delayed, or chronic according to the linked disease course",clinically important,high,true,"Severity, delayed recognition, and disease-specific physiology increase risk of traumatic injury in Psychogenic nonepileptic seizures.","New deterioration, organ dysfunction, or symptoms compatible with traumatic injury require reassessment.","Use the linked Psychogenic nonepileptic seizures stabilization, monitoring, prevention, and rehabilitation pathway.",Recognize and immediately manage traumatic injury while escalating to the relevant specialty pathway.,Step 1; Step 2 CK; Step 3,Neurology; Internal Medicine; Pediatrics; Emergency Medicine,partially_source_supported
DCP-NEUR-1F0419116856,DIS-NEUR-047,COM-NEUR-ASPIRATION,"acute, delayed, or chronic according to the linked disease course",clinically important,high,true,"Severity, delayed recognition, and disease-specific physiology increase risk of aspiration in Juvenile myoclonic epilepsy.","New deterioration, organ dysfunction, or symptoms compatible with aspiration require reassessment.","Use the linked Juvenile myoclonic epilepsy stabilization, monitoring, prevention, and rehabilitation pathway.",Recognize and immediately manage aspiration while escalating to the relevant specialty pathway.,Step 1; Step 2 CK; Step 3,Neurology; Internal Medicine; Pediatrics; Emergency Medicine,partially_source_supported
DCP-NEUR-4888FF931CD9,DIS-NEUR-047,COM-NEUR-RESPIRATORYFAILURE,"acute, delayed, or chronic according to the linked disease course",clinically important,high,true,"Severity, delayed recognition, and disease-specific physiology increase risk of respiratory failure in Juvenile myoclonic epilepsy.","New deterioration, organ dysfunction, or symptoms compatible with respiratory failure require reassessment.","Use the linked Juvenile myoclonic epilepsy stabilization, monitoring, prevention, and rehabilitation pathway.",Recognize and immediately manage respiratory failure while escalating to the relevant specialty pathway.,Step 1; Step 2 CK; Step 3,Neurology; Internal Medicine; Pediatrics; Emergency Medicine,partially_source_supported
DCP-NEUR-F5DEEC9A0E65,DIS-NEUR-047,COM-NEUR-CFED5392E86B,"acute, delayed, or chronic according to the linked disease course",clinically important,high,true,"Severity, delayed recognition, and disease-specific physiology increase risk of rhabdomyolysis in Juvenile myoclonic epilepsy.","New deterioration, organ dysfunction, or symptoms compatible with rhabdomyolysis require reassessment.","Use the linked Juvenile myoclonic epilepsy stabilization, monitoring, prevention, and rehabilitation pathway.",Recognize and immediately manage rhabdomyolysis while escalating to the relevant specialty pathway.,Step 1; Step 2 CK; Step 3,Neurology; Internal Medicine; Pediatrics; Emergency Medicine,partially_source_supported
DCP-NEUR-00290570DBC3,DIS-NEUR-047,COM-NEUR-B3E860A83965,"acute, delayed, or chronic according to the linked disease course",clinically important,high,true,"Severity, delayed recognition, and disease-specific physiology increase risk of traumatic injury in Juvenile myoclonic epilepsy.","New deterioration, organ dysfunction, or symptoms compatible with traumatic injury require reassessment.","Use the linked Juvenile myoclonic epilepsy stabilization, monitoring, prevention, and rehabilitation pathway.",Recognize and immediately manage traumatic injury while escalating to the relevant specialty pathway.,Step 1; Step 2 CK; Step 3,Neurology; Internal Medicine; Pediatrics; Emergency Medicine,partially_source_supported
DCP-NEUR-7E942BB10DE4,DIS-NEUR-048,COM-NEUR-ASPIRATION,"acute, delayed, or chronic according to the linked disease course",clinically important,high,true,"Severity, delayed recognition, and disease-specific physiology increase risk of aspiration in Childhood absence epilepsy.","New deterioration, organ dysfunction, or symptoms compatible with aspiration require reassessment.","Use the linked Childhood absence epilepsy stabilization, monitoring, prevention, and rehabilitation pathway.",Recognize and immediately manage aspiration while escalating to the relevant specialty pathway.,Step 1; Step 2 CK; Step 3,Neurology; Internal Medicine; Pediatrics; Emergency Medicine,partially_source_supported
DCP-NEUR-F68C0FC042BC,DIS-NEUR-048,COM-NEUR-RESPIRATORYFAILURE,"acute, delayed, or chronic according to the linked disease course",clinically important,high,true,"Severity, delayed recognition, and disease-specific physiology increase risk of respiratory failure in Childhood absence epilepsy.","New deterioration, organ dysfunction, or symptoms compatible with respiratory failure require reassessment.","Use the linked Childhood absence epilepsy stabilization, monitoring, prevention, and rehabilitation pathway.",Recognize and immediately manage respiratory failure while escalating to the relevant specialty pathway.,Step 1; Step 2 CK; Step 3,Neurology; Internal Medicine; Pediatrics; Emergency Medicine,partially_source_supported
DCP-NEUR-DA2039A9397D,DIS-NEUR-048,COM-NEUR-CFED5392E86B,"acute, delayed, or chronic according to the linked disease course",clinically important,high,true,"Severity, delayed recognition, and disease-specific physiology increase risk of rhabdomyolysis in Childhood absence epilepsy.","New deterioration, organ dysfunction, or symptoms compatible with rhabdomyolysis require reassessment.","Use the linked Childhood absence epilepsy stabilization, monitoring, prevention, and rehabilitation pathway.",Recognize and immediately manage rhabdomyolysis while escalating to the relevant specialty pathway.,Step 1; Step 2 CK; Step 3,Neurology; Internal Medicine; Pediatrics; Emergency Medicine,partially_source_supported
DCP-NEUR-B0D7323A3503,DIS-NEUR-048,COM-NEUR-B3E860A83965,"acute, delayed, or chronic according to the linked disease course",clinically important,high,true,"Severity, delayed recognition, and disease-specific physiology increase risk of traumatic injury in Childhood absence epilepsy.","New deterioration, organ dysfunction, or symptoms compatible with traumatic injury require reassessment.","Use the linked Childhood absence epilepsy stabilization, monitoring, prevention, and rehabilitation pathway.",Recognize and immediately manage traumatic injury while escalating to the relevant specialty pathway.,Step 1; Step 2 CK; Step 3,Neurology; Internal Medicine; Pediatrics; Emergency Medicine,partially_source_supported
DCP-NEUR-3C58E0307E17,DIS-NEUR-049,COM-NEUR-ASPIRATION,"acute, delayed, or chronic according to the linked disease course",clinically important,high,true,"Severity, delayed recognition, and disease-specific physiology increase risk of aspiration in Temporal-lobe epilepsy.","New deterioration, organ dysfunction, or symptoms compatible with aspiration require reassessment.","Use the linked Temporal-lobe epilepsy stabilization, monitoring, prevention, and rehabilitation pathway.",Recognize and immediately manage aspiration while escalating to the relevant specialty pathway.,Step 1; Step 2 CK; Step 3,Neurology; Internal Medicine; Pediatrics; Emergency Medicine,partially_source_supported
DCP-NEUR-B4F7DE58B445,DIS-NEUR-049,COM-NEUR-RESPIRATORYFAILURE,"acute, delayed, or chronic according to the linked disease course",clinically important,high,true,"Severity, delayed recognition, and disease-specific physiology increase risk of respiratory failure in Temporal-lobe epilepsy.","New deterioration, organ dysfunction, or symptoms compatible with respiratory failure require reassessment.","Use the linked Temporal-lobe epilepsy stabilization, monitoring, prevention, and rehabilitation pathway.",Recognize and immediately manage respiratory failure while escalating to the relevant specialty pathway.,Step 1; Step 2 CK; Step 3,Neurology; Internal Medicine; Pediatrics; Emergency Medicine,partially_source_supported
DCP-NEUR-6D2A48FCBD08,DIS-NEUR-049,COM-NEUR-CFED5392E86B,"acute, delayed, or chronic according to the linked disease course",clinically important,high,true,"Severity, delayed recognition, and disease-specific physiology increase risk of rhabdomyolysis in Temporal-lobe epilepsy.","New deterioration, organ dysfunction, or symptoms compatible with rhabdomyolysis require reassessment.","Use the linked Temporal-lobe epilepsy stabilization, monitoring, prevention, and rehabilitation pathway.",Recognize and immediately manage rhabdomyolysis while escalating to the relevant specialty pathway.,Step 1; Step 2 CK; Step 3,Neurology; Internal Medicine; Pediatrics; Emergency Medicine,partially_source_supported
DCP-NEUR-A4676F53538A,DIS-NEUR-049,COM-NEUR-B3E860A83965,"acute, delayed, or chronic according to the linked disease course",clinically important,high,true,"Severity, delayed recognition, and disease-specific physiology increase risk of traumatic injury in Temporal-lobe epilepsy.","New deterioration, organ dysfunction, or symptoms compatible with traumatic injury require reassessment.","Use the linked Temporal-lobe epilepsy stabilization, monitoring, prevention, and rehabilitation pathway.",Recognize and immediately manage traumatic injury while escalating to the relevant specialty pathway.,Step 1; Step 2 CK; Step 3,Neurology; Internal Medicine; Pediatrics; Emergency Medicine,partially_source_supported
DCP-NEUR-6F7DDB388F70,DIS-NEUR-050,COM-NEUR-29B382B9E8A2,"acute, delayed, or chronic according to the linked disease course",clinically important,high,true,"Severity, delayed recognition, and disease-specific physiology increase risk of falls in Lennox-Gastaut syndrome.","New deterioration, organ dysfunction, or symptoms compatible with falls require reassessment.","Use the linked Lennox-Gastaut syndrome stabilization, monitoring, prevention, and rehabilitation pathway.",Recognize and immediately manage falls while escalating to the relevant specialty pathway.,Step 1; Step 2 CK; Step 3,Neurology; Internal Medicine; Pediatrics; Emergency Medicine,partially_source_supported
DCP-NEUR-79B1C64EE82A,DIS-NEUR-050,COM-NEUR-ASPIRATION,"acute, delayed, or chronic according to the linked disease course",clinically important,high,true,"Severity, delayed recognition, and disease-specific physiology increase risk of aspiration in Lennox-Gastaut syndrome.","New deterioration, organ dysfunction, or symptoms compatible with aspiration require reassessment.","Use the linked Lennox-Gastaut syndrome stabilization, monitoring, prevention, and rehabilitation pathway.",Recognize and immediately manage aspiration while escalating to the relevant specialty pathway.,Step 1; Step 2 CK; Step 3,Neurology; Internal Medicine; Pediatrics; Emergency Medicine,partially_source_supported
DCP-NEUR-51FBAE2253A7,DIS-NEUR-050,COM-NEUR-D72F393064D3,"acute, delayed, or chronic according to the linked disease course",clinically important,high,true,"Severity, delayed recognition, and disease-specific physiology increase risk of caregiver burden in Lennox-Gastaut syndrome.","New deterioration, organ dysfunction, or symptoms compatible with caregiver burden require reassessment.","Use the linked Lennox-Gastaut syndrome stabilization, monitoring, prevention, and rehabilitation pathway.",Recognize and immediately manage caregiver burden while escalating to the relevant specialty pathway.,Step 1; Step 2 CK; Step 3,Neurology; Internal Medicine; Pediatrics; Emergency Medicine,partially_source_supported
DCP-NEUR-FC7017992C6F,DIS-NEUR-050,COM-NEUR-B5D23B8686BF,"acute, delayed, or chronic according to the linked disease course",clinically important,high,true,"Severity, delayed recognition, and disease-specific physiology increase risk of medication adverse effects in Lennox-Gastaut syndrome.","New deterioration, organ dysfunction, or symptoms compatible with medication adverse effects require reassessment.","Use the linked Lennox-Gastaut syndrome stabilization, monitoring, prevention, and rehabilitation pathway.",Recognize and immediately manage medication adverse effects while escalating to the relevant specialty pathway.,Step 1; Step 2 CK; Step 3,Neurology; Internal Medicine; Pediatrics; Emergency Medicine,partially_source_supported
DCP-NEUR-6A79ED2B6E20,DIS-NEUR-051,COM-NEUR-29B382B9E8A2,"acute, delayed, or chronic according to the linked disease course",clinically important,high,true,"Severity, delayed recognition, and disease-specific physiology increase risk of falls in West syndrome.","New deterioration, organ dysfunction, or symptoms compatible with falls require reassessment.","Use the linked West syndrome stabilization, monitoring, prevention, and rehabilitation pathway.",Recognize and immediately manage falls while escalating to the relevant specialty pathway.,Step 1; Step 2 CK; Step 3,Neurology; Internal Medicine; Pediatrics; Emergency Medicine,partially_source_supported
DCP-NEUR-E148719B551D,DIS-NEUR-051,COM-NEUR-ASPIRATION,"acute, delayed, or chronic according to the linked disease course",clinically important,high,true,"Severity, delayed recognition, and disease-specific physiology increase risk of aspiration in West syndrome.","New deterioration, organ dysfunction, or symptoms compatible with aspiration require reassessment.","Use the linked West syndrome stabilization, monitoring, prevention, and rehabilitation pathway.",Recognize and immediately manage aspiration while escalating to the relevant specialty pathway.,Step 1; Step 2 CK; Step 3,Neurology; Internal Medicine; Pediatrics; Emergency Medicine,partially_source_supported
DCP-NEUR-0FCE5941D018,DIS-NEUR-051,COM-NEUR-D72F393064D3,"acute, delayed, or chronic according to the linked disease course",clinically important,high,true,"Severity, delayed recognition, and disease-specific physiology increase risk of caregiver burden in West syndrome.","New deterioration, organ dysfunction, or symptoms compatible with caregiver burden require reassessment.","Use the linked West syndrome stabilization, monitoring, prevention, and rehabilitation pathway.",Recognize and immediately manage caregiver burden while escalating to the relevant specialty pathway.,Step 1; Step 2 CK; Step 3,Neurology; Internal Medicine; Pediatrics; Emergency Medicine,partially_source_supported
DCP-NEUR-1AECB56CD23E,DIS-NEUR-051,COM-NEUR-B5D23B8686BF,"acute, delayed, or chronic according to the linked disease course",clinically important,high,true,"Severity, delayed recognition, and disease-specific physiology increase risk of medication adverse effects in West syndrome.","New deterioration, organ dysfunction, or symptoms compatible with medication adverse effects require reassessment.","Use the linked West syndrome stabilization, monitoring, prevention, and rehabilitation pathway.",Recognize and immediately manage medication adverse effects while escalating to the relevant specialty pathway.,Step 1; Step 2 CK; Step 3,Neurology; Internal Medicine; Pediatrics; Emergency Medicine,partially_source_supported
DCP-NEUR-839CFBE5E553,DIS-NEUR-052,COM-NEUR-29B382B9E8A2,"acute, delayed, or chronic according to the linked disease course",clinically important,high,true,"Severity, delayed recognition, and disease-specific physiology increase risk of falls in Dravet syndrome.","New deterioration, organ dysfunction, or symptoms compatible with falls require reassessment.","Use the linked Dravet syndrome stabilization, monitoring, prevention, and rehabilitation pathway.",Recognize and immediately manage falls while escalating to the relevant specialty pathway.,Step 1; Step 2 CK; Step 3,Neurology; Internal Medicine; Pediatrics; Emergency Medicine,partially_source_supported
DCP-NEUR-1D9943BB6807,DIS-NEUR-052,COM-NEUR-ASPIRATION,"acute, delayed, or chronic according to the linked disease course",clinically important,high,true,"Severity, delayed recognition, and disease-specific physiology increase risk of aspiration in Dravet syndrome.","New deterioration, organ dysfunction, or symptoms compatible with aspiration require reassessment.","Use the linked Dravet syndrome stabilization, monitoring, prevention, and rehabilitation pathway.",Recognize and immediately manage aspiration while escalating to the relevant specialty pathway.,Step 1; Step 2 CK; Step 3,Neurology; Internal Medicine; Pediatrics; Emergency Medicine,partially_source_supported
DCP-NEUR-B0692C0F1CFE,DIS-NEUR-052,COM-NEUR-D72F393064D3,"acute, delayed, or chronic according to the linked disease course",clinically important,high,true,"Severity, delayed recognition, and disease-specific physiology increase risk of caregiver burden in Dravet syndrome.","New deterioration, organ dysfunction, or symptoms compatible with caregiver burden require reassessment.","Use the linked Dravet syndrome stabilization, monitoring, prevention, and rehabilitation pathway.",Recognize and immediately manage caregiver burden while escalating to the relevant specialty pathway.,Step 1; Step 2 CK; Step 3,Neurology; Internal Medicine; Pediatrics; Emergency Medicine,partially_source_supported
DCP-NEUR-2CECA2FC5777,DIS-NEUR-052,COM-NEUR-B5D23B8686BF,"acute, delayed, or chronic according to the linked disease course",clinically important,high,true,"Severity, delayed recognition, and disease-specific physiology increase risk of medication adverse effects in Dravet syndrome.","New deterioration, organ dysfunction, or symptoms compatible with medication adverse effects require reassessment.","Use the linked Dravet syndrome stabilization, monitoring, prevention, and rehabilitation pathway.",Recognize and immediately manage medication adverse effects while escalating to the relevant specialty pathway.,Step 1; Step 2 CK; Step 3,Neurology; Internal Medicine; Pediatrics; Emergency Medicine,partially_source_supported
DCP-NEUR-064AE261CE7D,DIS-NEUR-053,COM-NEUR-7EAAA858B9CF,"acute, delayed, or chronic according to the linked disease course",clinically important,variable,false,"Severity, delayed recognition, and disease-specific physiology increase risk of medication-overuse headache in Migraine without aura.","New deterioration, organ dysfunction, or symptoms compatible with medication-overuse headache require reassessment.","Use the linked Migraine without aura stabilization, monitoring, prevention, and rehabilitation pathway.",Recognize and immediately manage medication-overuse headache while escalating to the relevant specialty pathway.,Step 1; Step 2 CK; Step 3,Neurology; Internal Medicine; Pediatrics; Emergency Medicine,partially_source_supported
DCP-NEUR-ADBB0916DF88,DIS-NEUR-053,COM-NEUR-8E7438F147E4,"acute, delayed, or chronic according to the linked disease course",clinically important,variable,false,"Severity, delayed recognition, and disease-specific physiology increase risk of visual loss in Migraine without aura.","New deterioration, organ dysfunction, or symptoms compatible with visual loss require reassessment.","Use the linked Migraine without aura stabilization, monitoring, prevention, and rehabilitation pathway.",Recognize and immediately manage visual loss while escalating to the relevant specialty pathway.,Step 1; Step 2 CK; Step 3,Neurology; Internal Medicine; Pediatrics; Emergency Medicine,partially_source_supported
DCP-NEUR-592B675DE835,DIS-NEUR-054,COM-NEUR-7EAAA858B9CF,"acute, delayed, or chronic according to the linked disease course",clinically important,variable,false,"Severity, delayed recognition, and disease-specific physiology increase risk of medication-overuse headache in Migraine with aura.","New deterioration, organ dysfunction, or symptoms compatible with medication-overuse headache require reassessment.","Use the linked Migraine with aura stabilization, monitoring, prevention, and rehabilitation pathway.",Recognize and immediately manage medication-overuse headache while escalating to the relevant specialty pathway.,Step 1; Step 2 CK; Step 3,Neurology; Internal Medicine; Pediatrics; Emergency Medicine,partially_source_supported
DCP-NEUR-76D7590EA4D6,DIS-NEUR-054,COM-NEUR-8E7438F147E4,"acute, delayed, or chronic according to the linked disease course",clinically important,variable,false,"Severity, delayed recognition, and disease-specific physiology increase risk of visual loss in Migraine with aura.","New deterioration, organ dysfunction, or symptoms compatible with visual loss require reassessment.","Use the linked Migraine with aura stabilization, monitoring, prevention, and rehabilitation pathway.",Recognize and immediately manage visual loss while escalating to the relevant specialty pathway.,Step 1; Step 2 CK; Step 3,Neurology; Internal Medicine; Pediatrics; Emergency Medicine,partially_source_supported
DCP-NEUR-AAAFCF1E5A4E,DIS-NEUR-055,COM-NEUR-7EAAA858B9CF,"acute, delayed, or chronic according to the linked disease course",clinically important,variable,false,"Severity, delayed recognition, and disease-specific physiology increase risk of medication-overuse headache in Hemiplegic migraine.","New deterioration, organ dysfunction, or symptoms compatible with medication-overuse headache require reassessment.","Use the linked Hemiplegic migraine stabilization, monitoring, prevention, and rehabilitation pathway.",Recognize and immediately manage medication-overuse headache while escalating to the relevant specialty pathway.,Step 1; Step 2 CK; Step 3,Neurology; Internal Medicine; Pediatrics; Emergency Medicine,partially_source_supported
DCP-NEUR-6AA650919DA6,DIS-NEUR-055,COM-NEUR-8E7438F147E4,"acute, delayed, or chronic according to the linked disease course",clinically important,variable,false,"Severity, delayed recognition, and disease-specific physiology increase risk of visual loss in Hemiplegic migraine.","New deterioration, organ dysfunction, or symptoms compatible with visual loss require reassessment.","Use the linked Hemiplegic migraine stabilization, monitoring, prevention, and rehabilitation pathway.",Recognize and immediately manage visual loss while escalating to the relevant specialty pathway.,Step 1; Step 2 CK; Step 3,Neurology; Internal Medicine; Pediatrics; Emergency Medicine,partially_source_supported
DCP-NEUR-1D6C054CB3C9,DIS-NEUR-056,COM-NEUR-7EAAA858B9CF,"acute, delayed, or chronic according to the linked disease course",clinically important,variable,false,"Severity, delayed recognition, and disease-specific physiology increase risk of medication-overuse headache in Cluster headache.","New deterioration, organ dysfunction, or symptoms compatible with medication-overuse headache require reassessment.","Use the linked Cluster headache stabilization, monitoring, prevention, and rehabilitation pathway.",Recognize and immediately manage medication-overuse headache while escalating to the relevant specialty pathway.,Step 1; Step 2 CK; Step 3,Neurology; Internal Medicine; Pediatrics; Emergency Medicine,partially_source_supported
DCP-NEUR-12F999FA920E,DIS-NEUR-056,COM-NEUR-8E7438F147E4,"acute, delayed, or chronic according to the linked disease course",clinically important,variable,false,"Severity, delayed recognition, and disease-specific physiology increase risk of visual loss in Cluster headache.","New deterioration, organ dysfunction, or symptoms compatible with visual loss require reassessment.","Use the linked Cluster headache stabilization, monitoring, prevention, and rehabilitation pathway.",Recognize and immediately manage visual loss while escalating to the relevant specialty pathway.,Step 1; Step 2 CK; Step 3,Neurology; Internal Medicine; Pediatrics; Emergency Medicine,partially_source_supported
DCP-NEUR-A50876F03F8A,DIS-NEUR-057,COM-NEUR-7EAAA858B9CF,"acute, delayed, or chronic according to the linked disease course",clinically important,variable,false,"Severity, delayed recognition, and disease-specific physiology increase risk of medication-overuse headache in Trigeminal neuralgia.","New deterioration, organ dysfunction, or symptoms compatible with medication-overuse headache require reassessment.","Use the linked Trigeminal neuralgia stabilization, monitoring, prevention, and rehabilitation pathway.",Recognize and immediately manage medication-overuse headache while escalating to the relevant specialty pathway.,Step 1; Step 2 CK; Step 3,Neurology; Internal Medicine; Pediatrics; Emergency Medicine,partially_source_supported
DCP-NEUR-D7FC365605CC,DIS-NEUR-057,COM-NEUR-8E7438F147E4,"acute, delayed, or chronic according to the linked disease course",clinically important,variable,false,"Severity, delayed recognition, and disease-specific physiology increase risk of visual loss in Trigeminal neuralgia.","New deterioration, organ dysfunction, or symptoms compatible with visual loss require reassessment.","Use the linked Trigeminal neuralgia stabilization, monitoring, prevention, and rehabilitation pathway.",Recognize and immediately manage visual loss while escalating to the relevant specialty pathway.,Step 1; Step 2 CK; Step 3,Neurology; Internal Medicine; Pediatrics; Emergency Medicine,partially_source_supported
DCP-NEUR-BA3CE9376F3D,DIS-NEUR-058,COM-NEUR-29B382B9E8A2,"acute, delayed, or chronic according to the linked disease course",clinically important,variable,false,"Severity, delayed recognition, and disease-specific physiology increase risk of falls in Idiopathic intracranial hypertension.","New deterioration, organ dysfunction, or symptoms compatible with falls require reassessment.","Use the linked Idiopathic intracranial hypertension stabilization, monitoring, prevention, and rehabilitation pathway.",Recognize and immediately manage falls while escalating to the relevant specialty pathway.,Step 1; Step 2 CK; Step 3,Neurology; Internal Medicine; Pediatrics; Emergency Medicine,partially_source_supported
DCP-NEUR-AE5F53457B57,DIS-NEUR-058,COM-NEUR-ASPIRATION,"acute, delayed, or chronic according to the linked disease course",clinically important,variable,false,"Severity, delayed recognition, and disease-specific physiology increase risk of aspiration in Idiopathic intracranial hypertension.","New deterioration, organ dysfunction, or symptoms compatible with aspiration require reassessment.","Use the linked Idiopathic intracranial hypertension stabilization, monitoring, prevention, and rehabilitation pathway.",Recognize and immediately manage aspiration while escalating to the relevant specialty pathway.,Step 1; Step 2 CK; Step 3,Neurology; Internal Medicine; Pediatrics; Emergency Medicine,partially_source_supported
DCP-NEUR-5CAD267A2D57,DIS-NEUR-059,COM-NEUR-7EAAA858B9CF,"acute, delayed, or chronic according to the linked disease course",clinically important,variable,false,"Severity, delayed recognition, and disease-specific physiology increase risk of medication-overuse headache in Intracranial hypotension.","New deterioration, organ dysfunction, or symptoms compatible with medication-overuse headache require reassessment.","Use the linked Intracranial hypotension stabilization, monitoring, prevention, and rehabilitation pathway.",Recognize and immediately manage medication-overuse headache while escalating to the relevant specialty pathway.,Step 1; Step 2 CK; Step 3,Neurology; Internal Medicine; Pediatrics; Emergency Medicine,partially_source_supported
DCP-NEUR-19048C5FB49D,DIS-NEUR-059,COM-NEUR-8E7438F147E4,"acute, delayed, or chronic according to the linked disease course",clinically important,variable,false,"Severity, delayed recognition, and disease-specific physiology increase risk of visual loss in Intracranial hypotension.","New deterioration, organ dysfunction, or symptoms compatible with visual loss require reassessment.","Use the linked Intracranial hypotension stabilization, monitoring, prevention, and rehabilitation pathway.",Recognize and immediately manage visual loss while escalating to the relevant specialty pathway.,Step 1; Step 2 CK; Step 3,Neurology; Internal Medicine; Pediatrics; Emergency Medicine,partially_source_supported
DCP-NEUR-46A0A2B597E0,DIS-NEUR-061,COM-NEUR-7EAAA858B9CF,"acute, delayed, or chronic according to the linked disease course",clinically important,variable,false,"Severity, delayed recognition, and disease-specific physiology increase risk of medication-overuse headache in Post-dural-puncture headache.","New deterioration, organ dysfunction, or symptoms compatible with medication-overuse headache require reassessment.","Use the linked Post-dural-puncture headache stabilization, monitoring, prevention, and rehabilitation pathway.",Recognize and immediately manage medication-overuse headache while escalating to the relevant specialty pathway.,Step 1; Step 2 CK; Step 3,Neurology; Internal Medicine; Pediatrics; Emergency Medicine,partially_source_supported
DCP-NEUR-050F19818B29,DIS-NEUR-061,COM-NEUR-8E7438F147E4,"acute, delayed, or chronic according to the linked disease course",clinically important,variable,false,"Severity, delayed recognition, and disease-specific physiology increase risk of visual loss in Post-dural-puncture headache.","New deterioration, organ dysfunction, or symptoms compatible with visual loss require reassessment.","Use the linked Post-dural-puncture headache stabilization, monitoring, prevention, and rehabilitation pathway.",Recognize and immediately manage visual loss while escalating to the relevant specialty pathway.,Step 1; Step 2 CK; Step 3,Neurology; Internal Medicine; Pediatrics; Emergency Medicine,partially_source_supported
DCP-NEUR-53DB60DFBBF7,DIS-NEUR-062,COM-COV-012,"acute, delayed, or chronic according to the linked disease course",clinically important,high,true,"Severity, delayed recognition, and disease-specific physiology increase risk of hearing loss in Acute bacterial meningitis.","New deterioration, organ dysfunction, or symptoms compatible with hearing loss require reassessment.","Use the linked Acute bacterial meningitis stabilization, monitoring, prevention, and rehabilitation pathway.",Recognize and immediately manage hearing loss while escalating to the relevant specialty pathway.,Step 1; Step 2 CK; Step 3,Neurology; Internal Medicine; Pediatrics; Emergency Medicine,partially_source_supported
DCP-NEUR-882AB9362EE5,DIS-NEUR-062,COM-NEUR-B2DFA2B49A99,"acute, delayed, or chronic according to the linked disease course",clinically important,high,true,"Severity, delayed recognition, and disease-specific physiology increase risk of seizures in Acute bacterial meningitis.","New deterioration, organ dysfunction, or symptoms compatible with seizures require reassessment.","Use the linked Acute bacterial meningitis stabilization, monitoring, prevention, and rehabilitation pathway.",Recognize and immediately manage seizures while escalating to the relevant specialty pathway.,Step 1; Step 2 CK; Step 3,Neurology; Internal Medicine; Pediatrics; Emergency Medicine,partially_source_supported
DCP-NEUR-B6E2AA236EA2,DIS-NEUR-062,COM-COV-013,"acute, delayed, or chronic according to the linked disease course",clinically important,high,true,"Severity, delayed recognition, and disease-specific physiology increase risk of hydrocephalus in Acute bacterial meningitis.","New deterioration, organ dysfunction, or symptoms compatible with hydrocephalus require reassessment.","Use the linked Acute bacterial meningitis stabilization, monitoring, prevention, and rehabilitation pathway.",Recognize and immediately manage hydrocephalus while escalating to the relevant specialty pathway.,Step 1; Step 2 CK; Step 3,Neurology; Internal Medicine; Pediatrics; Emergency Medicine,partially_source_supported
DCP-NEUR-62E7E47FFC1E,DIS-NEUR-062,COM-NEUR-CEREBRALEDEMA,"acute, delayed, or chronic according to the linked disease course",clinically important,high,true,"Severity, delayed recognition, and disease-specific physiology increase risk of cerebral edema in Acute bacterial meningitis.","New deterioration, organ dysfunction, or symptoms compatible with cerebral edema require reassessment.","Use the linked Acute bacterial meningitis stabilization, monitoring, prevention, and rehabilitation pathway.",Recognize and immediately manage cerebral edema while escalating to the relevant specialty pathway.,Step 1; Step 2 CK; Step 3,Neurology; Internal Medicine; Pediatrics; Emergency Medicine,partially_source_supported
DCP-NEUR-3A5BD83A0ACB,DIS-NEUR-063,COM-NEUR-B2DFA2B49A99,"acute, delayed, or chronic according to the linked disease course",clinically important,high,true,"Severity, delayed recognition, and disease-specific physiology increase risk of seizures in Viral meningitis.","New deterioration, organ dysfunction, or symptoms compatible with seizures require reassessment.","Use the linked Viral meningitis stabilization, monitoring, prevention, and rehabilitation pathway.",Recognize and immediately manage seizures while escalating to the relevant specialty pathway.,Step 1; Step 2 CK; Step 3,Neurology; Internal Medicine; Pediatrics; Emergency Medicine,partially_source_supported
DCP-NEUR-9689CCF68C11,DIS-NEUR-063,COM-COV-013,"acute, delayed, or chronic according to the linked disease course",clinically important,high,true,"Severity, delayed recognition, and disease-specific physiology increase risk of hydrocephalus in Viral meningitis.","New deterioration, organ dysfunction, or symptoms compatible with hydrocephalus require reassessment.","Use the linked Viral meningitis stabilization, monitoring, prevention, and rehabilitation pathway.",Recognize and immediately manage hydrocephalus while escalating to the relevant specialty pathway.,Step 1; Step 2 CK; Step 3,Neurology; Internal Medicine; Pediatrics; Emergency Medicine,partially_source_supported
DCP-NEUR-4181930BDE4A,DIS-NEUR-063,COM-NEUR-CEREBRALEDEMA,"acute, delayed, or chronic according to the linked disease course",clinically important,high,true,"Severity, delayed recognition, and disease-specific physiology increase risk of cerebral edema in Viral meningitis.","New deterioration, organ dysfunction, or symptoms compatible with cerebral edema require reassessment.","Use the linked Viral meningitis stabilization, monitoring, prevention, and rehabilitation pathway.",Recognize and immediately manage cerebral edema while escalating to the relevant specialty pathway.,Step 1; Step 2 CK; Step 3,Neurology; Internal Medicine; Pediatrics; Emergency Medicine,partially_source_supported
DCP-NEUR-6CC717B8BC1A,DIS-NEUR-063,COM-COV-012,"acute, delayed, or chronic according to the linked disease course",clinically important,high,true,"Severity, delayed recognition, and disease-specific physiology increase risk of hearing loss in Viral meningitis.","New deterioration, organ dysfunction, or symptoms compatible with hearing loss require reassessment.","Use the linked Viral meningitis stabilization, monitoring, prevention, and rehabilitation pathway.",Recognize and immediately manage hearing loss while escalating to the relevant specialty pathway.,Step 1; Step 2 CK; Step 3,Neurology; Internal Medicine; Pediatrics; Emergency Medicine,partially_source_supported
DCP-NEUR-EDD9D700058D,DIS-NEUR-064,COM-NEUR-B2DFA2B49A99,"acute, delayed, or chronic according to the linked disease course",clinically important,high,true,"Severity, delayed recognition, and disease-specific physiology increase risk of seizures in Tuberculous meningitis.","New deterioration, organ dysfunction, or symptoms compatible with seizures require reassessment.","Use the linked Tuberculous meningitis stabilization, monitoring, prevention, and rehabilitation pathway.",Recognize and immediately manage seizures while escalating to the relevant specialty pathway.,Step 1; Step 2 CK; Step 3,Neurology; Internal Medicine; Pediatrics; Emergency Medicine,partially_source_supported
DCP-NEUR-9F7783151FE6,DIS-NEUR-064,COM-COV-013,"acute, delayed, or chronic according to the linked disease course",clinically important,high,true,"Severity, delayed recognition, and disease-specific physiology increase risk of hydrocephalus in Tuberculous meningitis.","New deterioration, organ dysfunction, or symptoms compatible with hydrocephalus require reassessment.","Use the linked Tuberculous meningitis stabilization, monitoring, prevention, and rehabilitation pathway.",Recognize and immediately manage hydrocephalus while escalating to the relevant specialty pathway.,Step 1; Step 2 CK; Step 3,Neurology; Internal Medicine; Pediatrics; Emergency Medicine,partially_source_supported
DCP-NEUR-3E3061AD319B,DIS-NEUR-064,COM-NEUR-CEREBRALEDEMA,"acute, delayed, or chronic according to the linked disease course",clinically important,high,true,"Severity, delayed recognition, and disease-specific physiology increase risk of cerebral edema in Tuberculous meningitis.","New deterioration, organ dysfunction, or symptoms compatible with cerebral edema require reassessment.","Use the linked Tuberculous meningitis stabilization, monitoring, prevention, and rehabilitation pathway.",Recognize and immediately manage cerebral edema while escalating to the relevant specialty pathway.,Step 1; Step 2 CK; Step 3,Neurology; Internal Medicine; Pediatrics; Emergency Medicine,partially_source_supported
DCP-NEUR-930739472705,DIS-NEUR-064,COM-COV-012,"acute, delayed, or chronic according to the linked disease course",clinically important,high,true,"Severity, delayed recognition, and disease-specific physiology increase risk of hearing loss in Tuberculous meningitis.","New deterioration, organ dysfunction, or symptoms compatible with hearing loss require reassessment.","Use the linked Tuberculous meningitis stabilization, monitoring, prevention, and rehabilitation pathway.",Recognize and immediately manage hearing loss while escalating to the relevant specialty pathway.,Step 1; Step 2 CK; Step 3,Neurology; Internal Medicine; Pediatrics; Emergency Medicine,partially_source_supported
DCP-NEUR-FB19B0C5F06E,DIS-NEUR-065,COM-NEUR-B2DFA2B49A99,"acute, delayed, or chronic according to the linked disease course",clinically important,high,true,"Severity, delayed recognition, and disease-specific physiology increase risk of seizures in Cryptococcal meningitis.","New deterioration, organ dysfunction, or symptoms compatible with seizures require reassessment.","Use the linked Cryptococcal meningitis stabilization, monitoring, prevention, and rehabilitation pathway.",Recognize and immediately manage seizures while escalating to the relevant specialty pathway.,Step 1; Step 2 CK; Step 3,Neurology; Internal Medicine; Pediatrics; Emergency Medicine,partially_source_supported
DCP-NEUR-6BB8D6150536,DIS-NEUR-065,COM-COV-013,"acute, delayed, or chronic according to the linked disease course",clinically important,high,true,"Severity, delayed recognition, and disease-specific physiology increase risk of hydrocephalus in Cryptococcal meningitis.","New deterioration, organ dysfunction, or symptoms compatible with hydrocephalus require reassessment.","Use the linked Cryptococcal meningitis stabilization, monitoring, prevention, and rehabilitation pathway.",Recognize and immediately manage hydrocephalus while escalating to the relevant specialty pathway.,Step 1; Step 2 CK; Step 3,Neurology; Internal Medicine; Pediatrics; Emergency Medicine,partially_source_supported
DCP-NEUR-443A107D58D5,DIS-NEUR-065,COM-NEUR-CEREBRALEDEMA,"acute, delayed, or chronic according to the linked disease course",clinically important,high,true,"Severity, delayed recognition, and disease-specific physiology increase risk of cerebral edema in Cryptococcal meningitis.","New deterioration, organ dysfunction, or symptoms compatible with cerebral edema require reassessment.","Use the linked Cryptococcal meningitis stabilization, monitoring, prevention, and rehabilitation pathway.",Recognize and immediately manage cerebral edema while escalating to the relevant specialty pathway.,Step 1; Step 2 CK; Step 3,Neurology; Internal Medicine; Pediatrics; Emergency Medicine,partially_source_supported
DCP-NEUR-E8315CDC4445,DIS-NEUR-065,COM-COV-012,"acute, delayed, or chronic according to the linked disease course",clinically important,high,true,"Severity, delayed recognition, and disease-specific physiology increase risk of hearing loss in Cryptococcal meningitis.","New deterioration, organ dysfunction, or symptoms compatible with hearing loss require reassessment.","Use the linked Cryptococcal meningitis stabilization, monitoring, prevention, and rehabilitation pathway.",Recognize and immediately manage hearing loss while escalating to the relevant specialty pathway.,Step 1; Step 2 CK; Step 3,Neurology; Internal Medicine; Pediatrics; Emergency Medicine,partially_source_supported
DCP-NEUR-95948C579480,DIS-N-0064,COM-NEUR-B2DFA2B49A99,"acute, delayed, or chronic according to the linked disease course",clinically important,high,true,"Severity, delayed recognition, and disease-specific physiology increase risk of seizures in Encephalitis.","New deterioration, organ dysfunction, or symptoms compatible with seizures require reassessment.","Use the linked Encephalitis stabilization, monitoring, prevention, and rehabilitation pathway.",Recognize and immediately manage seizures while escalating to the relevant specialty pathway.,Step 1; Step 2 CK; Step 3,Neurology; Internal Medicine; Pediatrics; Emergency Medicine,partially_source_supported
DCP-NEUR-C895F4791AEB,DIS-N-0064,COM-COV-013,"acute, delayed, or chronic according to the linked disease course",clinically important,high,true,"Severity, delayed recognition, and disease-specific physiology increase risk of hydrocephalus in Encephalitis.","New deterioration, organ dysfunction, or symptoms compatible with hydrocephalus require reassessment.","Use the linked Encephalitis stabilization, monitoring, prevention, and rehabilitation pathway.",Recognize and immediately manage hydrocephalus while escalating to the relevant specialty pathway.,Step 1; Step 2 CK; Step 3,Neurology; Internal Medicine; Pediatrics; Emergency Medicine,partially_source_supported
DCP-NEUR-20911239A4BD,DIS-N-0064,COM-NEUR-CEREBRALEDEMA,"acute, delayed, or chronic according to the linked disease course",clinically important,high,true,"Severity, delayed recognition, and disease-specific physiology increase risk of cerebral edema in Encephalitis.","New deterioration, organ dysfunction, or symptoms compatible with cerebral edema require reassessment.","Use the linked Encephalitis stabilization, monitoring, prevention, and rehabilitation pathway.",Recognize and immediately manage cerebral edema while escalating to the relevant specialty pathway.,Step 1; Step 2 CK; Step 3,Neurology; Internal Medicine; Pediatrics; Emergency Medicine,partially_source_supported
DCP-NEUR-30D828876CB4,DIS-N-0064,COM-COV-012,"acute, delayed, or chronic according to the linked disease course",clinically important,high,true,"Severity, delayed recognition, and disease-specific physiology increase risk of hearing loss in Encephalitis.","New deterioration, organ dysfunction, or symptoms compatible with hearing loss require reassessment.","Use the linked Encephalitis stabilization, monitoring, prevention, and rehabilitation pathway.",Recognize and immediately manage hearing loss while escalating to the relevant specialty pathway.,Step 1; Step 2 CK; Step 3,Neurology; Internal Medicine; Pediatrics; Emergency Medicine,partially_source_supported
DCP-NEUR-C364C1EDB81F,DIS-NEUR-067,COM-NEUR-B2DFA2B49A99,"acute, delayed, or chronic according to the linked disease course",clinically important,high,true,"Severity, delayed recognition, and disease-specific physiology increase risk of seizures in HSV encephalitis.","New deterioration, organ dysfunction, or symptoms compatible with seizures require reassessment.","Use the linked HSV encephalitis stabilization, monitoring, prevention, and rehabilitation pathway.",Recognize and immediately manage seizures while escalating to the relevant specialty pathway.,Step 1; Step 2 CK; Step 3,Neurology; Internal Medicine; Pediatrics; Emergency Medicine,partially_source_supported
DCP-NEUR-CF02A3FFC60C,DIS-NEUR-067,COM-COV-013,"acute, delayed, or chronic according to the linked disease course",clinically important,high,true,"Severity, delayed recognition, and disease-specific physiology increase risk of hydrocephalus in HSV encephalitis.","New deterioration, organ dysfunction, or symptoms compatible with hydrocephalus require reassessment.","Use the linked HSV encephalitis stabilization, monitoring, prevention, and rehabilitation pathway.",Recognize and immediately manage hydrocephalus while escalating to the relevant specialty pathway.,Step 1; Step 2 CK; Step 3,Neurology; Internal Medicine; Pediatrics; Emergency Medicine,partially_source_supported
DCP-NEUR-D359E83B2ACF,DIS-NEUR-067,COM-NEUR-CEREBRALEDEMA,"acute, delayed, or chronic according to the linked disease course",clinically important,high,true,"Severity, delayed recognition, and disease-specific physiology increase risk of cerebral edema in HSV encephalitis.","New deterioration, organ dysfunction, or symptoms compatible with cerebral edema require reassessment.","Use the linked HSV encephalitis stabilization, monitoring, prevention, and rehabilitation pathway.",Recognize and immediately manage cerebral edema while escalating to the relevant specialty pathway.,Step 1; Step 2 CK; Step 3,Neurology; Internal Medicine; Pediatrics; Emergency Medicine,partially_source_supported
DCP-NEUR-FEEC3A565C54,DIS-NEUR-067,COM-COV-012,"acute, delayed, or chronic according to the linked disease course",clinically important,high,true,"Severity, delayed recognition, and disease-specific physiology increase risk of hearing loss in HSV encephalitis.","New deterioration, organ dysfunction, or symptoms compatible with hearing loss require reassessment.","Use the linked HSV encephalitis stabilization, monitoring, prevention, and rehabilitation pathway.",Recognize and immediately manage hearing loss while escalating to the relevant specialty pathway.,Step 1; Step 2 CK; Step 3,Neurology; Internal Medicine; Pediatrics; Emergency Medicine,partially_source_supported
DCP-NEUR-90A2F6365284,DIS-NEUR-068,COM-NEUR-B2DFA2B49A99,"acute, delayed, or chronic according to the linked disease course",clinically important,high,true,"Severity, delayed recognition, and disease-specific physiology increase risk of seizures in Brain abscess.","New deterioration, organ dysfunction, or symptoms compatible with seizures require reassessment.","Use the linked Brain abscess stabilization, monitoring, prevention, and rehabilitation pathway.",Recognize and immediately manage seizures while escalating to the relevant specialty pathway.,Step 1; Step 2 CK; Step 3,Neurology; Internal Medicine; Pediatrics; Emergency Medicine,partially_source_supported
DCP-NEUR-8F1227B5BD16,DIS-NEUR-068,COM-COV-013,"acute, delayed, or chronic according to the linked disease course",clinically important,high,true,"Severity, delayed recognition, and disease-specific physiology increase risk of hydrocephalus in Brain abscess.","New deterioration, organ dysfunction, or symptoms compatible with hydrocephalus require reassessment.","Use the linked Brain abscess stabilization, monitoring, prevention, and rehabilitation pathway.",Recognize and immediately manage hydrocephalus while escalating to the relevant specialty pathway.,Step 1; Step 2 CK; Step 3,Neurology; Internal Medicine; Pediatrics; Emergency Medicine,partially_source_supported
DCP-NEUR-85AC36978F28,DIS-NEUR-068,COM-NEUR-CEREBRALEDEMA,"acute, delayed, or chronic according to the linked disease course",clinically important,high,true,"Severity, delayed recognition, and disease-specific physiology increase risk of cerebral edema in Brain abscess.","New deterioration, organ dysfunction, or symptoms compatible with cerebral edema require reassessment.","Use the linked Brain abscess stabilization, monitoring, prevention, and rehabilitation pathway.",Recognize and immediately manage cerebral edema while escalating to the relevant specialty pathway.,Step 1; Step 2 CK; Step 3,Neurology; Internal Medicine; Pediatrics; Emergency Medicine,partially_source_supported
DCP-NEUR-B185C8429001,DIS-NEUR-068,COM-COV-012,"acute, delayed, or chronic according to the linked disease course",clinically important,high,true,"Severity, delayed recognition, and disease-specific physiology increase risk of hearing loss in Brain abscess.","New deterioration, organ dysfunction, or symptoms compatible with hearing loss require reassessment.","Use the linked Brain abscess stabilization, monitoring, prevention, and rehabilitation pathway.",Recognize and immediately manage hearing loss while escalating to the relevant specialty pathway.,Step 1; Step 2 CK; Step 3,Neurology; Internal Medicine; Pediatrics; Emergency Medicine,partially_source_supported
DCP-NEUR-121390D6572E,DIS-NEUR-070,COM-NEUR-B2DFA2B49A99,"acute, delayed, or chronic according to the linked disease course",clinically important,high,true,"Severity, delayed recognition, and disease-specific physiology increase risk of seizures in Neurosyphilis.","New deterioration, organ dysfunction, or symptoms compatible with seizures require reassessment.","Use the linked Neurosyphilis stabilization, monitoring, prevention, and rehabilitation pathway.",Recognize and immediately manage seizures while escalating to the relevant specialty pathway.,Step 1; Step 2 CK; Step 3,Neurology; Internal Medicine; Pediatrics; Emergency Medicine,partially_source_supported
DCP-NEUR-50509F9BF182,DIS-NEUR-070,COM-COV-013,"acute, delayed, or chronic according to the linked disease course",clinically important,high,true,"Severity, delayed recognition, and disease-specific physiology increase risk of hydrocephalus in Neurosyphilis.","New deterioration, organ dysfunction, or symptoms compatible with hydrocephalus require reassessment.","Use the linked Neurosyphilis stabilization, monitoring, prevention, and rehabilitation pathway.",Recognize and immediately manage hydrocephalus while escalating to the relevant specialty pathway.,Step 1; Step 2 CK; Step 3,Neurology; Internal Medicine; Pediatrics; Emergency Medicine,partially_source_supported
DCP-NEUR-78B30F2A33D7,DIS-NEUR-070,COM-NEUR-CEREBRALEDEMA,"acute, delayed, or chronic according to the linked disease course",clinically important,high,true,"Severity, delayed recognition, and disease-specific physiology increase risk of cerebral edema in Neurosyphilis.","New deterioration, organ dysfunction, or symptoms compatible with cerebral edema require reassessment.","Use the linked Neurosyphilis stabilization, monitoring, prevention, and rehabilitation pathway.",Recognize and immediately manage cerebral edema while escalating to the relevant specialty pathway.,Step 1; Step 2 CK; Step 3,Neurology; Internal Medicine; Pediatrics; Emergency Medicine,partially_source_supported
DCP-NEUR-356B58C0827C,DIS-NEUR-070,COM-COV-012,"acute, delayed, or chronic according to the linked disease course",clinically important,high,true,"Severity, delayed recognition, and disease-specific physiology increase risk of hearing loss in Neurosyphilis.","New deterioration, organ dysfunction, or symptoms compatible with hearing loss require reassessment.","Use the linked Neurosyphilis stabilization, monitoring, prevention, and rehabilitation pathway.",Recognize and immediately manage hearing loss while escalating to the relevant specialty pathway.,Step 1; Step 2 CK; Step 3,Neurology; Internal Medicine; Pediatrics; Emergency Medicine,partially_source_supported
DCP-NEUR-298EA74E0DD1,DIS-NEUR-071,COM-NEUR-B2DFA2B49A99,"acute, delayed, or chronic according to the linked disease course",clinically important,high,true,"Severity, delayed recognition, and disease-specific physiology increase risk of seizures in Progressive multifocal leukoencephalopathy.","New deterioration, organ dysfunction, or symptoms compatible with seizures require reassessment.","Use the linked Progressive multifocal leukoencephalopathy stabilization, monitoring, prevention, and rehabilitation pathway.",Recognize and immediately manage seizures while escalating to the relevant specialty pathway.,Step 1; Step 2 CK; Step 3,Neurology; Internal Medicine; Pediatrics; Emergency Medicine,partially_source_supported
DCP-NEUR-FEDBA17EB295,DIS-NEUR-071,COM-COV-013,"acute, delayed, or chronic according to the linked disease course",clinically important,high,true,"Severity, delayed recognition, and disease-specific physiology increase risk of hydrocephalus in Progressive multifocal leukoencephalopathy.","New deterioration, organ dysfunction, or symptoms compatible with hydrocephalus require reassessment.","Use the linked Progressive multifocal leukoencephalopathy stabilization, monitoring, prevention, and rehabilitation pathway.",Recognize and immediately manage hydrocephalus while escalating to the relevant specialty pathway.,Step 1; Step 2 CK; Step 3,Neurology; Internal Medicine; Pediatrics; Emergency Medicine,partially_source_supported
DCP-NEUR-4675CAEB1C73,DIS-NEUR-071,COM-NEUR-CEREBRALEDEMA,"acute, delayed, or chronic according to the linked disease course",clinically important,high,true,"Severity, delayed recognition, and disease-specific physiology increase risk of cerebral edema in Progressive multifocal leukoencephalopathy.","New deterioration, organ dysfunction, or symptoms compatible with cerebral edema require reassessment.","Use the linked Progressive multifocal leukoencephalopathy stabilization, monitoring, prevention, and rehabilitation pathway.",Recognize and immediately manage cerebral edema while escalating to the relevant specialty pathway.,Step 1; Step 2 CK; Step 3,Neurology; Internal Medicine; Pediatrics; Emergency Medicine,partially_source_supported
DCP-NEUR-E939B9DC2D05,DIS-NEUR-071,COM-COV-012,"acute, delayed, or chronic according to the linked disease course",clinically important,high,true,"Severity, delayed recognition, and disease-specific physiology increase risk of hearing loss in Progressive multifocal leukoencephalopathy.","New deterioration, organ dysfunction, or symptoms compatible with hearing loss require reassessment.","Use the linked Progressive multifocal leukoencephalopathy stabilization, monitoring, prevention, and rehabilitation pathway.",Recognize and immediately manage hearing loss while escalating to the relevant specialty pathway.,Step 1; Step 2 CK; Step 3,Neurology; Internal Medicine; Pediatrics; Emergency Medicine,partially_source_supported
DCP-NEUR-C36E52745875,DIS-N-0065,COM-NEUR-NEUROGENICBLADDER,"acute, delayed, or chronic according to the linked disease course",clinically important,variable,false,"Severity, delayed recognition, and disease-specific physiology increase risk of neurogenic bladder in Multiple sclerosis.","New deterioration, organ dysfunction, or symptoms compatible with neurogenic bladder require reassessment.","Use the linked Multiple sclerosis stabilization, monitoring, prevention, and rehabilitation pathway.",Recognize and immediately manage neurogenic bladder while escalating to the relevant specialty pathway.,Step 1; Step 2 CK; Step 3,Neurology; Internal Medicine; Pediatrics; Emergency Medicine,partially_source_supported
DCP-NEUR-3B196F61E3EE,DIS-N-0065,COM-NEUR-SPASTICITY,"acute, delayed, or chronic according to the linked disease course",clinically important,variable,false,"Severity, delayed recognition, and disease-specific physiology increase risk of spasticity in Multiple sclerosis.","New deterioration, organ dysfunction, or symptoms compatible with spasticity require reassessment.","Use the linked Multiple sclerosis stabilization, monitoring, prevention, and rehabilitation pathway.",Recognize and immediately manage spasticity while escalating to the relevant specialty pathway.,Step 1; Step 2 CK; Step 3,Neurology; Internal Medicine; Pediatrics; Emergency Medicine,partially_source_supported
DCP-NEUR-F58792E7401C,DIS-NEUR-073,COM-NEUR-29B382B9E8A2,"acute, delayed, or chronic according to the linked disease course",clinically important,variable,false,"Severity, delayed recognition, and disease-specific physiology increase risk of falls in Clinically isolated syndrome.","New deterioration, organ dysfunction, or symptoms compatible with falls require reassessment.","Use the linked Clinically isolated syndrome stabilization, monitoring, prevention, and rehabilitation pathway.",Recognize and immediately manage falls while escalating to the relevant specialty pathway.,Step 1; Step 2 CK; Step 3,Neurology; Internal Medicine; Pediatrics; Emergency Medicine,partially_source_supported
DCP-NEUR-E810F787718F,DIS-NEUR-073,COM-NEUR-ASPIRATION,"acute, delayed, or chronic according to the linked disease course",clinically important,variable,false,"Severity, delayed recognition, and disease-specific physiology increase risk of aspiration in Clinically isolated syndrome.","New deterioration, organ dysfunction, or symptoms compatible with aspiration require reassessment.","Use the linked Clinically isolated syndrome stabilization, monitoring, prevention, and rehabilitation pathway.",Recognize and immediately manage aspiration while escalating to the relevant specialty pathway.,Step 1; Step 2 CK; Step 3,Neurology; Internal Medicine; Pediatrics; Emergency Medicine,partially_source_supported
DCP-NEUR-813A1D6ED799,DIS-NEUR-074,COM-NEUR-NEUROGENICBLADDER,"acute, delayed, or chronic according to the linked disease course",clinically important,variable,false,"Severity, delayed recognition, and disease-specific physiology increase risk of neurogenic bladder in Neuromyelitis optica spectrum disorder.","New deterioration, organ dysfunction, or symptoms compatible with neurogenic bladder require reassessment.","Use the linked Neuromyelitis optica spectrum disorder stabilization, monitoring, prevention, and rehabilitation pathway.",Recognize and immediately manage neurogenic bladder while escalating to the relevant specialty pathway.,Step 1; Step 2 CK; Step 3,Neurology; Internal Medicine; Pediatrics; Emergency Medicine,partially_source_supported
DCP-NEUR-4CA02CC5543D,DIS-NEUR-074,COM-NEUR-SPASTICITY,"acute, delayed, or chronic according to the linked disease course",clinically important,variable,false,"Severity, delayed recognition, and disease-specific physiology increase risk of spasticity in Neuromyelitis optica spectrum disorder.","New deterioration, organ dysfunction, or symptoms compatible with spasticity require reassessment.","Use the linked Neuromyelitis optica spectrum disorder stabilization, monitoring, prevention, and rehabilitation pathway.",Recognize and immediately manage spasticity while escalating to the relevant specialty pathway.,Step 1; Step 2 CK; Step 3,Neurology; Internal Medicine; Pediatrics; Emergency Medicine,partially_source_supported
DCP-NEUR-12BCAD3D0B52,DIS-NEUR-075,COM-NEUR-NEUROGENICBLADDER,"acute, delayed, or chronic according to the linked disease course",clinically important,variable,false,"Severity, delayed recognition, and disease-specific physiology increase risk of neurogenic bladder in MOG antibody-associated disease.","New deterioration, organ dysfunction, or symptoms compatible with neurogenic bladder require reassessment.","Use the linked MOG antibody-associated disease stabilization, monitoring, prevention, and rehabilitation pathway.",Recognize and immediately manage neurogenic bladder while escalating to the relevant specialty pathway.,Step 1; Step 2 CK; Step 3,Neurology; Internal Medicine; Pediatrics; Emergency Medicine,partially_source_supported
DCP-NEUR-F46CB3937165,DIS-NEUR-075,COM-NEUR-SPASTICITY,"acute, delayed, or chronic according to the linked disease course",clinically important,variable,false,"Severity, delayed recognition, and disease-specific physiology increase risk of spasticity in MOG antibody-associated disease.","New deterioration, organ dysfunction, or symptoms compatible with spasticity require reassessment.","Use the linked MOG antibody-associated disease stabilization, monitoring, prevention, and rehabilitation pathway.",Recognize and immediately manage spasticity while escalating to the relevant specialty pathway.,Step 1; Step 2 CK; Step 3,Neurology; Internal Medicine; Pediatrics; Emergency Medicine,partially_source_supported
DCP-NEUR-D0429FEA080D,DIS-NEUR-076,COM-NEUR-B2DFA2B49A99,"acute, delayed, or chronic according to the linked disease course",clinically important,variable,false,"Severity, delayed recognition, and disease-specific physiology increase risk of seizures in Acute disseminated encephalomyelitis.","New deterioration, organ dysfunction, or symptoms compatible with seizures require reassessment.","Use the linked Acute disseminated encephalomyelitis stabilization, monitoring, prevention, and rehabilitation pathway.",Recognize and immediately manage seizures while escalating to the relevant specialty pathway.,Step 1; Step 2 CK; Step 3,Neurology; Internal Medicine; Pediatrics; Emergency Medicine,partially_source_supported
DCP-NEUR-633780FBD506,DIS-NEUR-076,COM-COV-013,"acute, delayed, or chronic according to the linked disease course",clinically important,variable,false,"Severity, delayed recognition, and disease-specific physiology increase risk of hydrocephalus in Acute disseminated encephalomyelitis.","New deterioration, organ dysfunction, or symptoms compatible with hydrocephalus require reassessment.","Use the linked Acute disseminated encephalomyelitis stabilization, monitoring, prevention, and rehabilitation pathway.",Recognize and immediately manage hydrocephalus while escalating to the relevant specialty pathway.,Step 1; Step 2 CK; Step 3,Neurology; Internal Medicine; Pediatrics; Emergency Medicine,partially_source_supported
DCP-NEUR-7C273E7C6A08,DIS-NEUR-077,COM-NEUR-NEUROGENICBLADDER,"acute, delayed, or chronic according to the linked disease course",clinically important,variable,false,"Severity, delayed recognition, and disease-specific physiology increase risk of neurogenic bladder in Transverse myelitis.","New deterioration, organ dysfunction, or symptoms compatible with neurogenic bladder require reassessment.","Use the linked Transverse myelitis stabilization, monitoring, prevention, and rehabilitation pathway.",Recognize and immediately manage neurogenic bladder while escalating to the relevant specialty pathway.,Step 1; Step 2 CK; Step 3,Neurology; Internal Medicine; Pediatrics; Emergency Medicine,partially_source_supported
DCP-NEUR-4319F08530DA,DIS-NEUR-077,COM-NEUR-SPASTICITY,"acute, delayed, or chronic according to the linked disease course",clinically important,variable,false,"Severity, delayed recognition, and disease-specific physiology increase risk of spasticity in Transverse myelitis.","New deterioration, organ dysfunction, or symptoms compatible with spasticity require reassessment.","Use the linked Transverse myelitis stabilization, monitoring, prevention, and rehabilitation pathway.",Recognize and immediately manage spasticity while escalating to the relevant specialty pathway.,Step 1; Step 2 CK; Step 3,Neurology; Internal Medicine; Pediatrics; Emergency Medicine,partially_source_supported
DCP-NEUR-45FFD31A69DE,DIS-NEUR-078,COM-NEUR-NEUROGENICBLADDER,"acute, delayed, or chronic according to the linked disease course",clinically important,variable,false,"Severity, delayed recognition, and disease-specific physiology increase risk of neurogenic bladder in Optic neuritis.","New deterioration, organ dysfunction, or symptoms compatible with neurogenic bladder require reassessment.","Use the linked Optic neuritis stabilization, monitoring, prevention, and rehabilitation pathway.",Recognize and immediately manage neurogenic bladder while escalating to the relevant specialty pathway.,Step 1; Step 2 CK; Step 3,Neurology; Internal Medicine; Pediatrics; Emergency Medicine,partially_source_supported
DCP-NEUR-54DA5091EBED,DIS-NEUR-078,COM-NEUR-SPASTICITY,"acute, delayed, or chronic according to the linked disease course",clinically important,variable,false,"Severity, delayed recognition, and disease-specific physiology increase risk of spasticity in Optic neuritis.","New deterioration, organ dysfunction, or symptoms compatible with spasticity require reassessment.","Use the linked Optic neuritis stabilization, monitoring, prevention, and rehabilitation pathway.",Recognize and immediately manage spasticity while escalating to the relevant specialty pathway.,Step 1; Step 2 CK; Step 3,Neurology; Internal Medicine; Pediatrics; Emergency Medicine,partially_source_supported
DCP-NEUR-3753120D311F,DIS-N-0068,COM-NEUR-RESPIRATORYFAILURE,"acute, delayed, or chronic according to the linked disease course",clinically important,variable,false,"Severity, delayed recognition, and disease-specific physiology increase risk of respiratory failure in Guillain-Barre syndrome.","New deterioration, organ dysfunction, or symptoms compatible with respiratory failure require reassessment.","Use the linked Guillain-Barre syndrome stabilization, monitoring, prevention, and rehabilitation pathway.",Recognize and immediately manage respiratory failure while escalating to the relevant specialty pathway.,Step 1; Step 2 CK; Step 3,Neurology; Internal Medicine; Pediatrics; Emergency Medicine,partially_source_supported
DCP-NEUR-1053266E79CD,DIS-N-0068,COM-NEUR-DYSAUTONOMIA,"acute, delayed, or chronic according to the linked disease course",clinically important,variable,false,"Severity, delayed recognition, and disease-specific physiology increase risk of dysautonomia in Guillain-Barre syndrome.","New deterioration, organ dysfunction, or symptoms compatible with dysautonomia require reassessment.","Use the linked Guillain-Barre syndrome stabilization, monitoring, prevention, and rehabilitation pathway.",Recognize and immediately manage dysautonomia while escalating to the relevant specialty pathway.,Step 1; Step 2 CK; Step 3,Neurology; Internal Medicine; Pediatrics; Emergency Medicine,partially_source_supported
DCP-NEUR-0B35B4E5B478,DIS-NEUR-080,COM-NEUR-NEUROGENICBLADDER,"acute, delayed, or chronic according to the linked disease course",clinically important,variable,false,"Severity, delayed recognition, and disease-specific physiology increase risk of neurogenic bladder in Chronic inflammatory demyelinating polyneuropathy.","New deterioration, organ dysfunction, or symptoms compatible with neurogenic bladder require reassessment.","Use the linked Chronic inflammatory demyelinating polyneuropathy stabilization, monitoring, prevention, and rehabilitation pathway.",Recognize and immediately manage neurogenic bladder while escalating to the relevant specialty pathway.,Step 1; Step 2 CK; Step 3,Neurology; Internal Medicine; Pediatrics; Emergency Medicine,partially_source_supported
DCP-NEUR-A565F0969574,DIS-NEUR-080,COM-NEUR-SPASTICITY,"acute, delayed, or chronic according to the linked disease course",clinically important,variable,false,"Severity, delayed recognition, and disease-specific physiology increase risk of spasticity in Chronic inflammatory demyelinating polyneuropathy.","New deterioration, organ dysfunction, or symptoms compatible with spasticity require reassessment.","Use the linked Chronic inflammatory demyelinating polyneuropathy stabilization, monitoring, prevention, and rehabilitation pathway.",Recognize and immediately manage spasticity while escalating to the relevant specialty pathway.,Step 1; Step 2 CK; Step 3,Neurology; Internal Medicine; Pediatrics; Emergency Medicine,partially_source_supported
DCP-NEUR-180BF103926C,DIS-NEUR-081,COM-NEUR-B2DFA2B49A99,"acute, delayed, or chronic according to the linked disease course",clinically important,variable,false,"Severity, delayed recognition, and disease-specific physiology increase risk of seizures in Autoimmune encephalitis.","New deterioration, organ dysfunction, or symptoms compatible with seizures require reassessment.","Use the linked Autoimmune encephalitis stabilization, monitoring, prevention, and rehabilitation pathway.",Recognize and immediately manage seizures while escalating to the relevant specialty pathway.,Step 1; Step 2 CK; Step 3,Neurology; Internal Medicine; Pediatrics; Emergency Medicine,partially_source_supported
DCP-NEUR-43791F147511,DIS-NEUR-081,COM-COV-013,"acute, delayed, or chronic according to the linked disease course",clinically important,variable,false,"Severity, delayed recognition, and disease-specific physiology increase risk of hydrocephalus in Autoimmune encephalitis.","New deterioration, organ dysfunction, or symptoms compatible with hydrocephalus require reassessment.","Use the linked Autoimmune encephalitis stabilization, monitoring, prevention, and rehabilitation pathway.",Recognize and immediately manage hydrocephalus while escalating to the relevant specialty pathway.,Step 1; Step 2 CK; Step 3,Neurology; Internal Medicine; Pediatrics; Emergency Medicine,partially_source_supported
DCP-NEUR-7AE6E4019708,DIS-NEUR-082,COM-NEUR-B2DFA2B49A99,"acute, delayed, or chronic according to the linked disease course",clinically important,variable,false,"Severity, delayed recognition, and disease-specific physiology increase risk of seizures in Anti-NMDA receptor encephalitis.","New deterioration, organ dysfunction, or symptoms compatible with seizures require reassessment.","Use the linked Anti-NMDA receptor encephalitis stabilization, monitoring, prevention, and rehabilitation pathway.",Recognize and immediately manage seizures while escalating to the relevant specialty pathway.,Step 1; Step 2 CK; Step 3,Neurology; Internal Medicine; Pediatrics; Emergency Medicine,partially_source_supported
DCP-NEUR-D5CD47921F81,DIS-NEUR-082,COM-COV-013,"acute, delayed, or chronic according to the linked disease course",clinically important,variable,false,"Severity, delayed recognition, and disease-specific physiology increase risk of hydrocephalus in Anti-NMDA receptor encephalitis.","New deterioration, organ dysfunction, or symptoms compatible with hydrocephalus require reassessment.","Use the linked Anti-NMDA receptor encephalitis stabilization, monitoring, prevention, and rehabilitation pathway.",Recognize and immediately manage hydrocephalus while escalating to the relevant specialty pathway.,Step 1; Step 2 CK; Step 3,Neurology; Internal Medicine; Pediatrics; Emergency Medicine,partially_source_supported
DCP-NEUR-3DDDB91A430D,DIS-N-0066,COM-NEUR-29B382B9E8A2,"acute, delayed, or chronic according to the linked disease course",clinically important,variable,false,"Severity, delayed recognition, and disease-specific physiology increase risk of falls in Parkinson disease.","New deterioration, organ dysfunction, or symptoms compatible with falls require reassessment.","Use the linked Parkinson disease stabilization, monitoring, prevention, and rehabilitation pathway.",Recognize and immediately manage falls while escalating to the relevant specialty pathway.,Step 1; Step 2 CK; Step 3,Neurology; Internal Medicine; Pediatrics; Emergency Medicine,partially_source_supported
DCP-NEUR-B179EBAD177F,DIS-N-0066,COM-NEUR-ASPIRATION,"acute, delayed, or chronic according to the linked disease course",clinically important,variable,false,"Severity, delayed recognition, and disease-specific physiology increase risk of aspiration in Parkinson disease.","New deterioration, organ dysfunction, or symptoms compatible with aspiration require reassessment.","Use the linked Parkinson disease stabilization, monitoring, prevention, and rehabilitation pathway.",Recognize and immediately manage aspiration while escalating to the relevant specialty pathway.,Step 1; Step 2 CK; Step 3,Neurology; Internal Medicine; Pediatrics; Emergency Medicine,partially_source_supported
DCP-NEUR-B1492C6420D9,DIS-NEUR-084,COM-NEUR-29B382B9E8A2,"acute, delayed, or chronic according to the linked disease course",clinically important,variable,false,"Severity, delayed recognition, and disease-specific physiology increase risk of falls in Drug-induced parkinsonism.","New deterioration, organ dysfunction, or symptoms compatible with falls require reassessment.","Use the linked Drug-induced parkinsonism stabilization, monitoring, prevention, and rehabilitation pathway.",Recognize and immediately manage falls while escalating to the relevant specialty pathway.,Step 1; Step 2 CK; Step 3,Neurology; Internal Medicine; Pediatrics; Emergency Medicine,partially_source_supported
DCP-NEUR-0EC582DE3F89,DIS-NEUR-084,COM-NEUR-ASPIRATION,"acute, delayed, or chronic according to the linked disease course",clinically important,variable,false,"Severity, delayed recognition, and disease-specific physiology increase risk of aspiration in Drug-induced parkinsonism.","New deterioration, organ dysfunction, or symptoms compatible with aspiration require reassessment.","Use the linked Drug-induced parkinsonism stabilization, monitoring, prevention, and rehabilitation pathway.",Recognize and immediately manage aspiration while escalating to the relevant specialty pathway.,Step 1; Step 2 CK; Step 3,Neurology; Internal Medicine; Pediatrics; Emergency Medicine,partially_source_supported
DCP-NEUR-FCBDC2B54F76,DIS-NEUR-085,COM-NEUR-29B382B9E8A2,"acute, delayed, or chronic according to the linked disease course",clinically important,variable,false,"Severity, delayed recognition, and disease-specific physiology increase risk of falls in Multiple system atrophy.","New deterioration, organ dysfunction, or symptoms compatible with falls require reassessment.","Use the linked Multiple system atrophy stabilization, monitoring, prevention, and rehabilitation pathway.",Recognize and immediately manage falls while escalating to the relevant specialty pathway.,Step 1; Step 2 CK; Step 3,Neurology; Internal Medicine; Pediatrics; Emergency Medicine,partially_source_supported
DCP-NEUR-C434A615B036,DIS-NEUR-085,COM-NEUR-ASPIRATION,"acute, delayed, or chronic according to the linked disease course",clinically important,variable,false,"Severity, delayed recognition, and disease-specific physiology increase risk of aspiration in Multiple system atrophy.","New deterioration, organ dysfunction, or symptoms compatible with aspiration require reassessment.","Use the linked Multiple system atrophy stabilization, monitoring, prevention, and rehabilitation pathway.",Recognize and immediately manage aspiration while escalating to the relevant specialty pathway.,Step 1; Step 2 CK; Step 3,Neurology; Internal Medicine; Pediatrics; Emergency Medicine,partially_source_supported
DCP-NEUR-D26DE4615276,DIS-NEUR-086,COM-NEUR-29B382B9E8A2,"acute, delayed, or chronic according to the linked disease course",clinically important,variable,false,"Severity, delayed recognition, and disease-specific physiology increase risk of falls in Progressive supranuclear palsy.","New deterioration, organ dysfunction, or symptoms compatible with falls require reassessment.","Use the linked Progressive supranuclear palsy stabilization, monitoring, prevention, and rehabilitation pathway.",Recognize and immediately manage falls while escalating to the relevant specialty pathway.,Step 1; Step 2 CK; Step 3,Neurology; Internal Medicine; Pediatrics; Emergency Medicine,partially_source_supported
DCP-NEUR-D30957878810,DIS-NEUR-086,COM-NEUR-6BA96DC8635E,"acute, delayed, or chronic according to the linked disease course",clinically important,variable,false,"Severity, delayed recognition, and disease-specific physiology increase risk of neuropathic pain in Progressive supranuclear palsy.","New deterioration, organ dysfunction, or symptoms compatible with neuropathic pain require reassessment.","Use the linked Progressive supranuclear palsy stabilization, monitoring, prevention, and rehabilitation pathway.",Recognize and immediately manage neuropathic pain while escalating to the relevant specialty pathway.,Step 1; Step 2 CK; Step 3,Neurology; Internal Medicine; Pediatrics; Emergency Medicine,partially_source_supported
DCP-NEUR-4ED2F7E2E5C1,DIS-NEUR-087,COM-NEUR-29B382B9E8A2,"acute, delayed, or chronic according to the linked disease course",clinically important,variable,false,"Severity, delayed recognition, and disease-specific physiology increase risk of falls in Essential tremor.","New deterioration, organ dysfunction, or symptoms compatible with falls require reassessment.","Use the linked Essential tremor stabilization, monitoring, prevention, and rehabilitation pathway.",Recognize and immediately manage falls while escalating to the relevant specialty pathway.,Step 1; Step 2 CK; Step 3,Neurology; Internal Medicine; Pediatrics; Emergency Medicine,partially_source_supported
DCP-NEUR-511E7DE5242E,DIS-NEUR-087,COM-NEUR-ASPIRATION,"acute, delayed, or chronic according to the linked disease course",clinically important,variable,false,"Severity, delayed recognition, and disease-specific physiology increase risk of aspiration in Essential tremor.","New deterioration, organ dysfunction, or symptoms compatible with aspiration require reassessment.","Use the linked Essential tremor stabilization, monitoring, prevention, and rehabilitation pathway.",Recognize and immediately manage aspiration while escalating to the relevant specialty pathway.,Step 1; Step 2 CK; Step 3,Neurology; Internal Medicine; Pediatrics; Emergency Medicine,partially_source_supported
DCP-NEUR-460DD0115F52,DIS-NEUR-088,COM-NEUR-29B382B9E8A2,"acute, delayed, or chronic according to the linked disease course",clinically important,variable,false,"Severity, delayed recognition, and disease-specific physiology increase risk of falls in Huntington disease.","New deterioration, organ dysfunction, or symptoms compatible with falls require reassessment.","Use the linked Huntington disease stabilization, monitoring, prevention, and rehabilitation pathway.",Recognize and immediately manage falls while escalating to the relevant specialty pathway.,Step 1; Step 2 CK; Step 3,Neurology; Internal Medicine; Pediatrics; Emergency Medicine,partially_source_supported
DCP-NEUR-0BF20ED7ACBB,DIS-NEUR-088,COM-NEUR-ASPIRATION,"acute, delayed, or chronic according to the linked disease course",clinically important,variable,false,"Severity, delayed recognition, and disease-specific physiology increase risk of aspiration in Huntington disease.","New deterioration, organ dysfunction, or symptoms compatible with aspiration require reassessment.","Use the linked Huntington disease stabilization, monitoring, prevention, and rehabilitation pathway.",Recognize and immediately manage aspiration while escalating to the relevant specialty pathway.,Step 1; Step 2 CK; Step 3,Neurology; Internal Medicine; Pediatrics; Emergency Medicine,partially_source_supported
DCP-NEUR-765BD3E3E672,DIS-NEUR-089,COM-NEUR-29B382B9E8A2,"acute, delayed, or chronic according to the linked disease course",clinically important,variable,false,"Severity, delayed recognition, and disease-specific physiology increase risk of falls in Wilson disease.","New deterioration, organ dysfunction, or symptoms compatible with falls require reassessment.","Use the linked Wilson disease stabilization, monitoring, prevention, and rehabilitation pathway.",Recognize and immediately manage falls while escalating to the relevant specialty pathway.,Step 1; Step 2 CK; Step 3,Neurology; Internal Medicine; Pediatrics; Emergency Medicine,partially_source_supported
DCP-NEUR-86761070596C,DIS-NEUR-089,COM-NEUR-ASPIRATION,"acute, delayed, or chronic according to the linked disease course",clinically important,variable,false,"Severity, delayed recognition, and disease-specific physiology increase risk of aspiration in Wilson disease.","New deterioration, organ dysfunction, or symptoms compatible with aspiration require reassessment.","Use the linked Wilson disease stabilization, monitoring, prevention, and rehabilitation pathway.",Recognize and immediately manage aspiration while escalating to the relevant specialty pathway.,Step 1; Step 2 CK; Step 3,Neurology; Internal Medicine; Pediatrics; Emergency Medicine,partially_source_supported
DCP-NEUR-D3EAFA9E0921,DIS-NEUR-090,COM-NEUR-29B382B9E8A2,"acute, delayed, or chronic according to the linked disease course",clinically important,variable,false,"Severity, delayed recognition, and disease-specific physiology increase risk of falls in Tourette disorder.","New deterioration, organ dysfunction, or symptoms compatible with falls require reassessment.","Use the linked Tourette disorder stabilization, monitoring, prevention, and rehabilitation pathway.",Recognize and immediately manage falls while escalating to the relevant specialty pathway.,Step 1; Step 2 CK; Step 3,Neurology; Internal Medicine; Pediatrics; Emergency Medicine,partially_source_supported
DCP-NEUR-D517269A60B7,DIS-NEUR-090,COM-NEUR-ASPIRATION,"acute, delayed, or chronic according to the linked disease course",clinically important,variable,false,"Severity, delayed recognition, and disease-specific physiology increase risk of aspiration in Tourette disorder.","New deterioration, organ dysfunction, or symptoms compatible with aspiration require reassessment.","Use the linked Tourette disorder stabilization, monitoring, prevention, and rehabilitation pathway.",Recognize and immediately manage aspiration while escalating to the relevant specialty pathway.,Step 1; Step 2 CK; Step 3,Neurology; Internal Medicine; Pediatrics; Emergency Medicine,partially_source_supported
DCP-NEUR-2B12C2DB11A9,DIS-NEUR-091,COM-NEUR-29B382B9E8A2,"acute, delayed, or chronic according to the linked disease course",clinically important,variable,false,"Severity, delayed recognition, and disease-specific physiology increase risk of falls in Tardive dyskinesia.","New deterioration, organ dysfunction, or symptoms compatible with falls require reassessment.","Use the linked Tardive dyskinesia stabilization, monitoring, prevention, and rehabilitation pathway.",Recognize and immediately manage falls while escalating to the relevant specialty pathway.,Step 1; Step 2 CK; Step 3,Neurology; Internal Medicine; Pediatrics; Emergency Medicine,partially_source_supported
DCP-NEUR-4D6369813F58,DIS-NEUR-091,COM-NEUR-ASPIRATION,"acute, delayed, or chronic according to the linked disease course",clinically important,variable,false,"Severity, delayed recognition, and disease-specific physiology increase risk of aspiration in Tardive dyskinesia.","New deterioration, organ dysfunction, or symptoms compatible with aspiration require reassessment.","Use the linked Tardive dyskinesia stabilization, monitoring, prevention, and rehabilitation pathway.",Recognize and immediately manage aspiration while escalating to the relevant specialty pathway.,Step 1; Step 2 CK; Step 3,Neurology; Internal Medicine; Pediatrics; Emergency Medicine,partially_source_supported
DCP-NEUR-1335B452EF92,DIS-NEUR-092,COM-NEUR-29B382B9E8A2,"acute, delayed, or chronic according to the linked disease course",clinically important,variable,false,"Severity, delayed recognition, and disease-specific physiology increase risk of falls in Acute dystonia.","New deterioration, organ dysfunction, or symptoms compatible with falls require reassessment.","Use the linked Acute dystonia stabilization, monitoring, prevention, and rehabilitation pathway.",Recognize and immediately manage falls while escalating to the relevant specialty pathway.,Step 1; Step 2 CK; Step 3,Neurology; Internal Medicine; Pediatrics; Emergency Medicine,partially_source_supported
DCP-NEUR-8DB9A11575D1,DIS-NEUR-092,COM-NEUR-ASPIRATION,"acute, delayed, or chronic according to the linked disease course",clinically important,variable,false,"Severity, delayed recognition, and disease-specific physiology increase risk of aspiration in Acute dystonia.","New deterioration, organ dysfunction, or symptoms compatible with aspiration require reassessment.","Use the linked Acute dystonia stabilization, monitoring, prevention, and rehabilitation pathway.",Recognize and immediately manage aspiration while escalating to the relevant specialty pathway.,Step 1; Step 2 CK; Step 3,Neurology; Internal Medicine; Pediatrics; Emergency Medicine,partially_source_supported
DCP-NEUR-A3B5AD64D75F,DIS-NEUR-093,COM-NEUR-29B382B9E8A2,"acute, delayed, or chronic according to the linked disease course",clinically important,variable,false,"Severity, delayed recognition, and disease-specific physiology increase risk of falls in Akathisia.","New deterioration, organ dysfunction, or symptoms compatible with falls require reassessment.","Use the linked Akathisia stabilization, monitoring, prevention, and rehabilitation pathway.",Recognize and immediately manage falls while escalating to the relevant specialty pathway.,Step 1; Step 2 CK; Step 3,Neurology; Internal Medicine; Pediatrics; Emergency Medicine,partially_source_supported
DCP-NEUR-CAB9F803F9F4,DIS-NEUR-093,COM-NEUR-ASPIRATION,"acute, delayed, or chronic according to the linked disease course",clinically important,variable,false,"Severity, delayed recognition, and disease-specific physiology increase risk of aspiration in Akathisia.","New deterioration, organ dysfunction, or symptoms compatible with aspiration require reassessment.","Use the linked Akathisia stabilization, monitoring, prevention, and rehabilitation pathway.",Recognize and immediately manage aspiration while escalating to the relevant specialty pathway.,Step 1; Step 2 CK; Step 3,Neurology; Internal Medicine; Pediatrics; Emergency Medicine,partially_source_supported
DCP-NEUR-C048A0585CF8,DIS-NEUR-094,COM-NEUR-29B382B9E8A2,"acute, delayed, or chronic according to the linked disease course",clinically important,variable,false,"Severity, delayed recognition, and disease-specific physiology increase risk of falls in Neuroleptic malignant syndrome.","New deterioration, organ dysfunction, or symptoms compatible with falls require reassessment.","Use the linked Neuroleptic malignant syndrome stabilization, monitoring, prevention, and rehabilitation pathway.",Recognize and immediately manage falls while escalating to the relevant specialty pathway.,Step 1; Step 2 CK; Step 3,Neurology; Internal Medicine; Pediatrics; Emergency Medicine,partially_source_supported
DCP-NEUR-983778983B3F,DIS-NEUR-094,COM-NEUR-ASPIRATION,"acute, delayed, or chronic according to the linked disease course",clinically important,variable,false,"Severity, delayed recognition, and disease-specific physiology increase risk of aspiration in Neuroleptic malignant syndrome.","New deterioration, organ dysfunction, or symptoms compatible with aspiration require reassessment.","Use the linked Neuroleptic malignant syndrome stabilization, monitoring, prevention, and rehabilitation pathway.",Recognize and immediately manage aspiration while escalating to the relevant specialty pathway.,Step 1; Step 2 CK; Step 3,Neurology; Internal Medicine; Pediatrics; Emergency Medicine,partially_source_supported
DCP-NEUR-96ABB35A04DC,DIS-NEUR-095,COM-NEUR-29B382B9E8A2,"acute, delayed, or chronic according to the linked disease course",clinically important,variable,false,"Severity, delayed recognition, and disease-specific physiology increase risk of falls in Serotonin syndrome.","New deterioration, organ dysfunction, or symptoms compatible with falls require reassessment.","Use the linked Serotonin syndrome stabilization, monitoring, prevention, and rehabilitation pathway.",Recognize and immediately manage falls while escalating to the relevant specialty pathway.,Step 1; Step 2 CK; Step 3,Neurology; Internal Medicine; Pediatrics; Emergency Medicine,partially_source_supported
DCP-NEUR-3C298B664444,DIS-NEUR-095,COM-NEUR-ASPIRATION,"acute, delayed, or chronic according to the linked disease course",clinically important,variable,false,"Severity, delayed recognition, and disease-specific physiology increase risk of aspiration in Serotonin syndrome.","New deterioration, organ dysfunction, or symptoms compatible with aspiration require reassessment.","Use the linked Serotonin syndrome stabilization, monitoring, prevention, and rehabilitation pathway.",Recognize and immediately manage aspiration while escalating to the relevant specialty pathway.,Step 1; Step 2 CK; Step 3,Neurology; Internal Medicine; Pediatrics; Emergency Medicine,partially_source_supported
DCP-NEUR-571B4A78DEE7,DIS-NEUR-096,COM-NEUR-29B382B9E8A2,"acute, delayed, or chronic according to the linked disease course",clinically important,variable,false,"Severity, delayed recognition, and disease-specific physiology increase risk of falls in Alzheimer disease.","New deterioration, organ dysfunction, or symptoms compatible with falls require reassessment.","Use the linked Alzheimer disease stabilization, monitoring, prevention, and rehabilitation pathway.",Recognize and immediately manage falls while escalating to the relevant specialty pathway.,Step 1; Step 2 CK; Step 3,Neurology; Internal Medicine; Pediatrics; Emergency Medicine,partially_source_supported
DCP-NEUR-18D539174730,DIS-NEUR-096,COM-NEUR-ASPIRATION,"acute, delayed, or chronic according to the linked disease course",clinically important,variable,false,"Severity, delayed recognition, and disease-specific physiology increase risk of aspiration in Alzheimer disease.","New deterioration, organ dysfunction, or symptoms compatible with aspiration require reassessment.","Use the linked Alzheimer disease stabilization, monitoring, prevention, and rehabilitation pathway.",Recognize and immediately manage aspiration while escalating to the relevant specialty pathway.,Step 1; Step 2 CK; Step 3,Neurology; Internal Medicine; Pediatrics; Emergency Medicine,partially_source_supported
DCP-NEUR-25898F6D45E8,DIS-NEUR-097,COM-NEUR-29B382B9E8A2,"acute, delayed, or chronic according to the linked disease course",clinically important,variable,false,"Severity, delayed recognition, and disease-specific physiology increase risk of falls in Dementia with Lewy bodies.","New deterioration, organ dysfunction, or symptoms compatible with falls require reassessment.","Use the linked Dementia with Lewy bodies stabilization, monitoring, prevention, and rehabilitation pathway.",Recognize and immediately manage falls while escalating to the relevant specialty pathway.,Step 1; Step 2 CK; Step 3,Neurology; Internal Medicine; Pediatrics; Emergency Medicine,partially_source_supported
DCP-NEUR-C7A0CA4E67D0,DIS-NEUR-097,COM-NEUR-ASPIRATION,"acute, delayed, or chronic according to the linked disease course",clinically important,variable,false,"Severity, delayed recognition, and disease-specific physiology increase risk of aspiration in Dementia with Lewy bodies.","New deterioration, organ dysfunction, or symptoms compatible with aspiration require reassessment.","Use the linked Dementia with Lewy bodies stabilization, monitoring, prevention, and rehabilitation pathway.",Recognize and immediately manage aspiration while escalating to the relevant specialty pathway.,Step 1; Step 2 CK; Step 3,Neurology; Internal Medicine; Pediatrics; Emergency Medicine,partially_source_supported
DCP-NEUR-D490955AA60D,DIS-NEUR-098,COM-NEUR-29B382B9E8A2,"acute, delayed, or chronic according to the linked disease course",clinically important,variable,false,"Severity, delayed recognition, and disease-specific physiology increase risk of falls in Frontotemporal dementia.","New deterioration, organ dysfunction, or symptoms compatible with falls require reassessment.","Use the linked Frontotemporal dementia stabilization, monitoring, prevention, and rehabilitation pathway.",Recognize and immediately manage falls while escalating to the relevant specialty pathway.,Step 1; Step 2 CK; Step 3,Neurology; Internal Medicine; Pediatrics; Emergency Medicine,partially_source_supported
DCP-NEUR-D3C27C8D459B,DIS-NEUR-098,COM-NEUR-ASPIRATION,"acute, delayed, or chronic according to the linked disease course",clinically important,variable,false,"Severity, delayed recognition, and disease-specific physiology increase risk of aspiration in Frontotemporal dementia.","New deterioration, organ dysfunction, or symptoms compatible with aspiration require reassessment.","Use the linked Frontotemporal dementia stabilization, monitoring, prevention, and rehabilitation pathway.",Recognize and immediately manage aspiration while escalating to the relevant specialty pathway.,Step 1; Step 2 CK; Step 3,Neurology; Internal Medicine; Pediatrics; Emergency Medicine,partially_source_supported
DCP-NEUR-A260256B97B1,DIS-NEUR-099,COM-NEUR-29B382B9E8A2,"acute, delayed, or chronic according to the linked disease course",clinically important,variable,false,"Severity, delayed recognition, and disease-specific physiology increase risk of falls in Normal-pressure hydrocephalus.","New deterioration, organ dysfunction, or symptoms compatible with falls require reassessment.","Use the linked Normal-pressure hydrocephalus stabilization, monitoring, prevention, and rehabilitation pathway.",Recognize and immediately manage falls while escalating to the relevant specialty pathway.,Step 1; Step 2 CK; Step 3,Neurology; Internal Medicine; Pediatrics; Emergency Medicine,partially_source_supported
DCP-NEUR-FA1117F02BF4,DIS-NEUR-099,COM-NEUR-ASPIRATION,"acute, delayed, or chronic according to the linked disease course",clinically important,variable,false,"Severity, delayed recognition, and disease-specific physiology increase risk of aspiration in Normal-pressure hydrocephalus.","New deterioration, organ dysfunction, or symptoms compatible with aspiration require reassessment.","Use the linked Normal-pressure hydrocephalus stabilization, monitoring, prevention, and rehabilitation pathway.",Recognize and immediately manage aspiration while escalating to the relevant specialty pathway.,Step 1; Step 2 CK; Step 3,Neurology; Internal Medicine; Pediatrics; Emergency Medicine,partially_source_supported
DCP-NEUR-5B7BB34FDD9E,DIS-NEUR-100,COM-NEUR-29B382B9E8A2,"acute, delayed, or chronic according to the linked disease course",clinically important,variable,false,"Severity, delayed recognition, and disease-specific physiology increase risk of falls in Creutzfeldt-Jakob disease.","New deterioration, organ dysfunction, or symptoms compatible with falls require reassessment.","Use the linked Creutzfeldt-Jakob disease stabilization, monitoring, prevention, and rehabilitation pathway.",Recognize and immediately manage falls while escalating to the relevant specialty pathway.,Step 1; Step 2 CK; Step 3,Neurology; Internal Medicine; Pediatrics; Emergency Medicine,partially_source_supported
DCP-NEUR-5CCFA7C0096A,DIS-NEUR-100,COM-NEUR-ASPIRATION,"acute, delayed, or chronic according to the linked disease course",clinically important,variable,false,"Severity, delayed recognition, and disease-specific physiology increase risk of aspiration in Creutzfeldt-Jakob disease.","New deterioration, organ dysfunction, or symptoms compatible with aspiration require reassessment.","Use the linked Creutzfeldt-Jakob disease stabilization, monitoring, prevention, and rehabilitation pathway.",Recognize and immediately manage aspiration while escalating to the relevant specialty pathway.,Step 1; Step 2 CK; Step 3,Neurology; Internal Medicine; Pediatrics; Emergency Medicine,partially_source_supported
DCP-NEUR-8F57F011956F,DIS-NEUR-101,COM-NEUR-B2DFA2B49A99,"acute, delayed, or chronic according to the linked disease course",clinically important,variable,false,"Severity, delayed recognition, and disease-specific physiology increase risk of seizures in Wernicke encephalopathy.","New deterioration, organ dysfunction, or symptoms compatible with seizures require reassessment.","Use the linked Wernicke encephalopathy stabilization, monitoring, prevention, and rehabilitation pathway.",Recognize and immediately manage seizures while escalating to the relevant specialty pathway.,Step 1; Step 2 CK; Step 3,Neurology; Internal Medicine; Pediatrics; Emergency Medicine,partially_source_supported
DCP-NEUR-53DC34889493,DIS-NEUR-101,COM-COV-013,"acute, delayed, or chronic according to the linked disease course",clinically important,variable,false,"Severity, delayed recognition, and disease-specific physiology increase risk of hydrocephalus in Wernicke encephalopathy.","New deterioration, organ dysfunction, or symptoms compatible with hydrocephalus require reassessment.","Use the linked Wernicke encephalopathy stabilization, monitoring, prevention, and rehabilitation pathway.",Recognize and immediately manage hydrocephalus while escalating to the relevant specialty pathway.,Step 1; Step 2 CK; Step 3,Neurology; Internal Medicine; Pediatrics; Emergency Medicine,partially_source_supported
DCP-NEUR-EF1EBAEDBFC1,DIS-NEUR-102,COM-NEUR-29B382B9E8A2,"acute, delayed, or chronic according to the linked disease course",clinically important,variable,false,"Severity, delayed recognition, and disease-specific physiology increase risk of falls in Korsakoff syndrome.","New deterioration, organ dysfunction, or symptoms compatible with falls require reassessment.","Use the linked Korsakoff syndrome stabilization, monitoring, prevention, and rehabilitation pathway.",Recognize and immediately manage falls while escalating to the relevant specialty pathway.,Step 1; Step 2 CK; Step 3,Neurology; Internal Medicine; Pediatrics; Emergency Medicine,partially_source_supported
DCP-NEUR-FBC9EF07AAC3,DIS-NEUR-102,COM-NEUR-ASPIRATION,"acute, delayed, or chronic according to the linked disease course",clinically important,variable,false,"Severity, delayed recognition, and disease-specific physiology increase risk of aspiration in Korsakoff syndrome.","New deterioration, organ dysfunction, or symptoms compatible with aspiration require reassessment.","Use the linked Korsakoff syndrome stabilization, monitoring, prevention, and rehabilitation pathway.",Recognize and immediately manage aspiration while escalating to the relevant specialty pathway.,Step 1; Step 2 CK; Step 3,Neurology; Internal Medicine; Pediatrics; Emergency Medicine,partially_source_supported
DCP-NEUR-4F2478121A3F,DIS-N-0067,COM-NEUR-CD1369D9D33A,"acute, delayed, or chronic according to the linked disease course",clinically important,variable,false,"Severity, delayed recognition, and disease-specific physiology increase risk of myasthenic crisis in Myasthenia gravis.","New deterioration, organ dysfunction, or symptoms compatible with myasthenic crisis require reassessment.","Use the linked Myasthenia gravis stabilization, monitoring, prevention, and rehabilitation pathway.",Recognize and immediately manage myasthenic crisis while escalating to the relevant specialty pathway.,Step 1; Step 2 CK; Step 3,Neurology; Internal Medicine; Pediatrics; Emergency Medicine,partially_source_supported
DCP-NEUR-0D0F9E2A07D3,DIS-N-0067,COM-NEUR-ASPIRATION,"acute, delayed, or chronic according to the linked disease course",clinically important,variable,false,"Severity, delayed recognition, and disease-specific physiology increase risk of aspiration in Myasthenia gravis.","New deterioration, organ dysfunction, or symptoms compatible with aspiration require reassessment.","Use the linked Myasthenia gravis stabilization, monitoring, prevention, and rehabilitation pathway.",Recognize and immediately manage aspiration while escalating to the relevant specialty pathway.,Step 1; Step 2 CK; Step 3,Neurology; Internal Medicine; Pediatrics; Emergency Medicine,partially_source_supported
DCP-NEUR-A4BA90C1D063,DIS-NEUR-104,COM-NEUR-ASPIRATION,"acute, delayed, or chronic according to the linked disease course",clinically important,variable,false,"Severity, delayed recognition, and disease-specific physiology increase risk of aspiration in Myasthenic crisis.","New deterioration, organ dysfunction, or symptoms compatible with aspiration require reassessment.","Use the linked Myasthenic crisis stabilization, monitoring, prevention, and rehabilitation pathway.",Recognize and immediately manage aspiration while escalating to the relevant specialty pathway.,Step 1; Step 2 CK; Step 3,Neurology; Internal Medicine; Pediatrics; Emergency Medicine,partially_source_supported
DCP-NEUR-55EC50E4DB25,DIS-NEUR-104,COM-NEUR-RESPIRATORYFAILURE,"acute, delayed, or chronic according to the linked disease course",clinically important,variable,false,"Severity, delayed recognition, and disease-specific physiology increase risk of respiratory failure in Myasthenic crisis.","New deterioration, organ dysfunction, or symptoms compatible with respiratory failure require reassessment.","Use the linked Myasthenic crisis stabilization, monitoring, prevention, and rehabilitation pathway.",Recognize and immediately manage respiratory failure while escalating to the relevant specialty pathway.,Step 1; Step 2 CK; Step 3,Neurology; Internal Medicine; Pediatrics; Emergency Medicine,partially_source_supported
DCP-NEUR-7A63C14722BA,DIS-NEUR-105,COM-NEUR-29B382B9E8A2,"acute, delayed, or chronic according to the linked disease course",clinically important,variable,false,"Severity, delayed recognition, and disease-specific physiology increase risk of falls in Cholinergic crisis.","New deterioration, organ dysfunction, or symptoms compatible with falls require reassessment.","Use the linked Cholinergic crisis stabilization, monitoring, prevention, and rehabilitation pathway.",Recognize and immediately manage falls while escalating to the relevant specialty pathway.,Step 1; Step 2 CK; Step 3,Neurology; Internal Medicine; Pediatrics; Emergency Medicine,partially_source_supported
DCP-NEUR-FDBAFE4B50CE,DIS-NEUR-105,COM-NEUR-ASPIRATION,"acute, delayed, or chronic according to the linked disease course",clinically important,variable,false,"Severity, delayed recognition, and disease-specific physiology increase risk of aspiration in Cholinergic crisis.","New deterioration, organ dysfunction, or symptoms compatible with aspiration require reassessment.","Use the linked Cholinergic crisis stabilization, monitoring, prevention, and rehabilitation pathway.",Recognize and immediately manage aspiration while escalating to the relevant specialty pathway.,Step 1; Step 2 CK; Step 3,Neurology; Internal Medicine; Pediatrics; Emergency Medicine,partially_source_supported
DCP-NEUR-125F7223F880,DIS-NEUR-106,COM-NEUR-RESPIRATORYFAILURE,"acute, delayed, or chronic according to the linked disease course",clinically important,variable,false,"Severity, delayed recognition, and disease-specific physiology increase risk of respiratory failure in Lambert-Eaton myasthenic syndrome.","New deterioration, organ dysfunction, or symptoms compatible with respiratory failure require reassessment.","Use the linked Lambert-Eaton myasthenic syndrome stabilization, monitoring, prevention, and rehabilitation pathway.",Recognize and immediately manage respiratory failure while escalating to the relevant specialty pathway.,Step 1; Step 2 CK; Step 3,Neurology; Internal Medicine; Pediatrics; Emergency Medicine,partially_source_supported
DCP-NEUR-230CA594DBCE,DIS-NEUR-106,COM-NEUR-DYSAUTONOMIA,"acute, delayed, or chronic according to the linked disease course",clinically important,variable,false,"Severity, delayed recognition, and disease-specific physiology increase risk of dysautonomia in Lambert-Eaton myasthenic syndrome.","New deterioration, organ dysfunction, or symptoms compatible with dysautonomia require reassessment.","Use the linked Lambert-Eaton myasthenic syndrome stabilization, monitoring, prevention, and rehabilitation pathway.",Recognize and immediately manage dysautonomia while escalating to the relevant specialty pathway.,Step 1; Step 2 CK; Step 3,Neurology; Internal Medicine; Pediatrics; Emergency Medicine,partially_source_supported
DCP-NEUR-E0AD9F38E3B6,DIS-NEUR-107,COM-NEUR-29B382B9E8A2,"acute, delayed, or chronic according to the linked disease course",clinically important,variable,false,"Severity, delayed recognition, and disease-specific physiology increase risk of falls in Botulism.","New deterioration, organ dysfunction, or symptoms compatible with falls require reassessment.","Use the linked Botulism stabilization, monitoring, prevention, and rehabilitation pathway.",Recognize and immediately manage falls while escalating to the relevant specialty pathway.,Step 1; Step 2 CK; Step 3,Neurology; Internal Medicine; Pediatrics; Emergency Medicine,partially_source_supported
DCP-NEUR-54A743DCE807,DIS-NEUR-107,COM-NEUR-ASPIRATION,"acute, delayed, or chronic according to the linked disease course",clinically important,variable,false,"Severity, delayed recognition, and disease-specific physiology increase risk of aspiration in Botulism.","New deterioration, organ dysfunction, or symptoms compatible with aspiration require reassessment.","Use the linked Botulism stabilization, monitoring, prevention, and rehabilitation pathway.",Recognize and immediately manage aspiration while escalating to the relevant specialty pathway.,Step 1; Step 2 CK; Step 3,Neurology; Internal Medicine; Pediatrics; Emergency Medicine,partially_source_supported
DCP-NEUR-2B219C110849,DIS-NEUR-108,COM-NEUR-RESPIRATORYFAILURE,"acute, delayed, or chronic according to the linked disease course",clinically important,variable,false,"Severity, delayed recognition, and disease-specific physiology increase risk of respiratory failure in Duchenne muscular dystrophy.","New deterioration, organ dysfunction, or symptoms compatible with respiratory failure require reassessment.","Use the linked Duchenne muscular dystrophy stabilization, monitoring, prevention, and rehabilitation pathway.",Recognize and immediately manage respiratory failure while escalating to the relevant specialty pathway.,Step 1; Step 2 CK; Step 3,Neurology; Internal Medicine; Pediatrics; Emergency Medicine,partially_source_supported
DCP-NEUR-5872280764A7,DIS-NEUR-108,COM-NEUR-DYSAUTONOMIA,"acute, delayed, or chronic according to the linked disease course",clinically important,variable,false,"Severity, delayed recognition, and disease-specific physiology increase risk of dysautonomia in Duchenne muscular dystrophy.","New deterioration, organ dysfunction, or symptoms compatible with dysautonomia require reassessment.","Use the linked Duchenne muscular dystrophy stabilization, monitoring, prevention, and rehabilitation pathway.",Recognize and immediately manage dysautonomia while escalating to the relevant specialty pathway.,Step 1; Step 2 CK; Step 3,Neurology; Internal Medicine; Pediatrics; Emergency Medicine,partially_source_supported
DCP-NEUR-4809377EF86B,DIS-NEUR-111,COM-NEUR-RESPIRATORYFAILURE,"acute, delayed, or chronic according to the linked disease course",clinically important,variable,false,"Severity, delayed recognition, and disease-specific physiology increase risk of respiratory failure in Rhabdomyolysis.","New deterioration, organ dysfunction, or symptoms compatible with respiratory failure require reassessment.","Use the linked Rhabdomyolysis stabilization, monitoring, prevention, and rehabilitation pathway.",Recognize and immediately manage respiratory failure while escalating to the relevant specialty pathway.,Step 1; Step 2 CK; Step 3,Neurology; Internal Medicine; Pediatrics; Emergency Medicine,partially_source_supported
DCP-NEUR-6ECC63DD38EF,DIS-NEUR-111,COM-NEUR-DYSAUTONOMIA,"acute, delayed, or chronic according to the linked disease course",clinically important,variable,false,"Severity, delayed recognition, and disease-specific physiology increase risk of dysautonomia in Rhabdomyolysis.","New deterioration, organ dysfunction, or symptoms compatible with dysautonomia require reassessment.","Use the linked Rhabdomyolysis stabilization, monitoring, prevention, and rehabilitation pathway.",Recognize and immediately manage dysautonomia while escalating to the relevant specialty pathway.,Step 1; Step 2 CK; Step 3,Neurology; Internal Medicine; Pediatrics; Emergency Medicine,partially_source_supported
DCP-NEUR-1E60DF7DB178,DIS-NEUR-112,COM-NEUR-RESPIRATORYFAILURE,"acute, delayed, or chronic according to the linked disease course",clinically important,variable,false,"Severity, delayed recognition, and disease-specific physiology increase risk of respiratory failure in Malignant hyperthermia.","New deterioration, organ dysfunction, or symptoms compatible with respiratory failure require reassessment.","Use the linked Malignant hyperthermia stabilization, monitoring, prevention, and rehabilitation pathway.",Recognize and immediately manage respiratory failure while escalating to the relevant specialty pathway.,Step 1; Step 2 CK; Step 3,Neurology; Internal Medicine; Pediatrics; Emergency Medicine,partially_source_supported
DCP-NEUR-42185BCC3178,DIS-NEUR-112,COM-NEUR-DYSAUTONOMIA,"acute, delayed, or chronic according to the linked disease course",clinically important,variable,false,"Severity, delayed recognition, and disease-specific physiology increase risk of dysautonomia in Malignant hyperthermia.","New deterioration, organ dysfunction, or symptoms compatible with dysautonomia require reassessment.","Use the linked Malignant hyperthermia stabilization, monitoring, prevention, and rehabilitation pathway.",Recognize and immediately manage dysautonomia while escalating to the relevant specialty pathway.,Step 1; Step 2 CK; Step 3,Neurology; Internal Medicine; Pediatrics; Emergency Medicine,partially_source_supported
DCP-NEUR-EE227E6363F5,DIS-NEUR-113,COM-NEUR-29B382B9E8A2,"acute, delayed, or chronic according to the linked disease course",clinically important,variable,false,"Severity, delayed recognition, and disease-specific physiology increase risk of falls in Diabetic polyneuropathy.","New deterioration, organ dysfunction, or symptoms compatible with falls require reassessment.","Use the linked Diabetic polyneuropathy stabilization, monitoring, prevention, and rehabilitation pathway.",Recognize and immediately manage falls while escalating to the relevant specialty pathway.,Step 1; Step 2 CK; Step 3,Neurology; Internal Medicine; Pediatrics; Emergency Medicine,partially_source_supported
DCP-NEUR-7B156541AAB3,DIS-NEUR-113,COM-NEUR-6BA96DC8635E,"acute, delayed, or chronic according to the linked disease course",clinically important,variable,false,"Severity, delayed recognition, and disease-specific physiology increase risk of neuropathic pain in Diabetic polyneuropathy.","New deterioration, organ dysfunction, or symptoms compatible with neuropathic pain require reassessment.","Use the linked Diabetic polyneuropathy stabilization, monitoring, prevention, and rehabilitation pathway.",Recognize and immediately manage neuropathic pain while escalating to the relevant specialty pathway.,Step 1; Step 2 CK; Step 3,Neurology; Internal Medicine; Pediatrics; Emergency Medicine,partially_source_supported
DCP-NEUR-EF1C3F32A51B,DIS-NEUR-114,COM-NEUR-29B382B9E8A2,"acute, delayed, or chronic according to the linked disease course",clinically important,variable,false,"Severity, delayed recognition, and disease-specific physiology increase risk of falls in Vitamin B12 deficiency neuropathy.","New deterioration, organ dysfunction, or symptoms compatible with falls require reassessment.","Use the linked Vitamin B12 deficiency neuropathy stabilization, monitoring, prevention, and rehabilitation pathway.",Recognize and immediately manage falls while escalating to the relevant specialty pathway.,Step 1; Step 2 CK; Step 3,Neurology; Internal Medicine; Pediatrics; Emergency Medicine,partially_source_supported
DCP-NEUR-ACFF9EAD2CBD,DIS-NEUR-114,COM-NEUR-6BA96DC8635E,"acute, delayed, or chronic according to the linked disease course",clinically important,variable,false,"Severity, delayed recognition, and disease-specific physiology increase risk of neuropathic pain in Vitamin B12 deficiency neuropathy.","New deterioration, organ dysfunction, or symptoms compatible with neuropathic pain require reassessment.","Use the linked Vitamin B12 deficiency neuropathy stabilization, monitoring, prevention, and rehabilitation pathway.",Recognize and immediately manage neuropathic pain while escalating to the relevant specialty pathway.,Step 1; Step 2 CK; Step 3,Neurology; Internal Medicine; Pediatrics; Emergency Medicine,partially_source_supported
DCP-NEUR-4DDB8B920DB4,DIS-NEUR-116,COM-NEUR-29B382B9E8A2,"acute, delayed, or chronic according to the linked disease course",clinically important,variable,false,"Severity, delayed recognition, and disease-specific physiology increase risk of falls in Ulnar neuropathy.","New deterioration, organ dysfunction, or symptoms compatible with falls require reassessment.","Use the linked Ulnar neuropathy stabilization, monitoring, prevention, and rehabilitation pathway.",Recognize and immediately manage falls while escalating to the relevant specialty pathway.,Step 1; Step 2 CK; Step 3,Neurology; Internal Medicine; Pediatrics; Emergency Medicine,partially_source_supported
DCP-NEUR-77B1FD6B6371,DIS-NEUR-116,COM-NEUR-6BA96DC8635E,"acute, delayed, or chronic according to the linked disease course",clinically important,variable,false,"Severity, delayed recognition, and disease-specific physiology increase risk of neuropathic pain in Ulnar neuropathy.","New deterioration, organ dysfunction, or symptoms compatible with neuropathic pain require reassessment.","Use the linked Ulnar neuropathy stabilization, monitoring, prevention, and rehabilitation pathway.",Recognize and immediately manage neuropathic pain while escalating to the relevant specialty pathway.,Step 1; Step 2 CK; Step 3,Neurology; Internal Medicine; Pediatrics; Emergency Medicine,partially_source_supported
DCP-NEUR-76B288310754,DIS-NEUR-117,COM-NEUR-29B382B9E8A2,"acute, delayed, or chronic according to the linked disease course",clinically important,variable,false,"Severity, delayed recognition, and disease-specific physiology increase risk of falls in Common peroneal neuropathy.","New deterioration, organ dysfunction, or symptoms compatible with falls require reassessment.","Use the linked Common peroneal neuropathy stabilization, monitoring, prevention, and rehabilitation pathway.",Recognize and immediately manage falls while escalating to the relevant specialty pathway.,Step 1; Step 2 CK; Step 3,Neurology; Internal Medicine; Pediatrics; Emergency Medicine,partially_source_supported
DCP-NEUR-C90C76EC414A,DIS-NEUR-117,COM-NEUR-6BA96DC8635E,"acute, delayed, or chronic according to the linked disease course",clinically important,variable,false,"Severity, delayed recognition, and disease-specific physiology increase risk of neuropathic pain in Common peroneal neuropathy.","New deterioration, organ dysfunction, or symptoms compatible with neuropathic pain require reassessment.","Use the linked Common peroneal neuropathy stabilization, monitoring, prevention, and rehabilitation pathway.",Recognize and immediately manage neuropathic pain while escalating to the relevant specialty pathway.,Step 1; Step 2 CK; Step 3,Neurology; Internal Medicine; Pediatrics; Emergency Medicine,partially_source_supported
DCP-NEUR-DD1DCAEB3F2A,DIS-NEUR-118,COM-NEUR-29B382B9E8A2,"acute, delayed, or chronic according to the linked disease course",clinically important,variable,false,"Severity, delayed recognition, and disease-specific physiology increase risk of falls in Bell palsy.","New deterioration, organ dysfunction, or symptoms compatible with falls require reassessment.","Use the linked Bell palsy stabilization, monitoring, prevention, and rehabilitation pathway.",Recognize and immediately manage falls while escalating to the relevant specialty pathway.,Step 1; Step 2 CK; Step 3,Neurology; Internal Medicine; Pediatrics; Emergency Medicine,partially_source_supported
DCP-NEUR-5F37FCAA0D4F,DIS-NEUR-118,COM-NEUR-6BA96DC8635E,"acute, delayed, or chronic according to the linked disease course",clinically important,variable,false,"Severity, delayed recognition, and disease-specific physiology increase risk of neuropathic pain in Bell palsy.","New deterioration, organ dysfunction, or symptoms compatible with neuropathic pain require reassessment.","Use the linked Bell palsy stabilization, monitoring, prevention, and rehabilitation pathway.",Recognize and immediately manage neuropathic pain while escalating to the relevant specialty pathway.,Step 1; Step 2 CK; Step 3,Neurology; Internal Medicine; Pediatrics; Emergency Medicine,partially_source_supported
DCP-NEUR-BDB81CB41FD2,DIS-NEUR-119,COM-NEUR-29B382B9E8A2,"acute, delayed, or chronic according to the linked disease course",clinically important,variable,false,"Severity, delayed recognition, and disease-specific physiology increase risk of falls in Ramsay Hunt syndrome.","New deterioration, organ dysfunction, or symptoms compatible with falls require reassessment.","Use the linked Ramsay Hunt syndrome stabilization, monitoring, prevention, and rehabilitation pathway.",Recognize and immediately manage falls while escalating to the relevant specialty pathway.,Step 1; Step 2 CK; Step 3,Neurology; Internal Medicine; Pediatrics; Emergency Medicine,partially_source_supported
DCP-NEUR-047EF8684BBD,DIS-NEUR-119,COM-NEUR-ASPIRATION,"acute, delayed, or chronic according to the linked disease course",clinically important,variable,false,"Severity, delayed recognition, and disease-specific physiology increase risk of aspiration in Ramsay Hunt syndrome.","New deterioration, organ dysfunction, or symptoms compatible with aspiration require reassessment.","Use the linked Ramsay Hunt syndrome stabilization, monitoring, prevention, and rehabilitation pathway.",Recognize and immediately manage aspiration while escalating to the relevant specialty pathway.,Step 1; Step 2 CK; Step 3,Neurology; Internal Medicine; Pediatrics; Emergency Medicine,partially_source_supported
DCP-NEUR-3BCDFDF64FFE,DIS-NEUR-125,COM-NEUR-CEREBRALEDEMA,"acute, delayed, or chronic according to the linked disease course",clinically important,high,true,"Severity, delayed recognition, and disease-specific physiology increase risk of cerebral edema in Anterior spinal artery syndrome.","New deterioration, organ dysfunction, or symptoms compatible with cerebral edema require reassessment.","Use the linked Anterior spinal artery syndrome stabilization, monitoring, prevention, and rehabilitation pathway.",Recognize and immediately manage cerebral edema while escalating to the relevant specialty pathway.,Step 1; Step 2 CK; Step 3,Neurology; Internal Medicine; Pediatrics; Emergency Medicine,partially_source_supported
DCP-NEUR-3F6A6D5F8265,DIS-NEUR-125,COM-NEUR-HEMORRHAGICTRANSFORM,"acute, delayed, or chronic according to the linked disease course",clinically important,high,true,"Severity, delayed recognition, and disease-specific physiology increase risk of hemorrhagic transformation in Anterior spinal artery syndrome.","New deterioration, organ dysfunction, or symptoms compatible with hemorrhagic transformation require reassessment.","Use the linked Anterior spinal artery syndrome stabilization, monitoring, prevention, and rehabilitation pathway.",Recognize and immediately manage hemorrhagic transformation while escalating to the relevant specialty pathway.,Step 1; Step 2 CK; Step 3,Neurology; Internal Medicine; Pediatrics; Emergency Medicine,partially_source_supported
DCP-NEUR-EA7CAE4AD8AE,DIS-NEUR-125,COM-NEUR-ASPIRATION,"acute, delayed, or chronic according to the linked disease course",clinically important,high,true,"Severity, delayed recognition, and disease-specific physiology increase risk of aspiration in Anterior spinal artery syndrome.","New deterioration, organ dysfunction, or symptoms compatible with aspiration require reassessment.","Use the linked Anterior spinal artery syndrome stabilization, monitoring, prevention, and rehabilitation pathway.",Recognize and immediately manage aspiration while escalating to the relevant specialty pathway.,Step 1; Step 2 CK; Step 3,Neurology; Internal Medicine; Pediatrics; Emergency Medicine,partially_source_supported
DCP-NEUR-AA3B24CCFA2C,DIS-NEUR-125,COM-NEUR-DEEPVENOUSTHROMBOSIS,"acute, delayed, or chronic according to the linked disease course",clinically important,high,true,"Severity, delayed recognition, and disease-specific physiology increase risk of deep venous thrombosis in Anterior spinal artery syndrome.","New deterioration, organ dysfunction, or symptoms compatible with deep venous thrombosis require reassessment.","Use the linked Anterior spinal artery syndrome stabilization, monitoring, prevention, and rehabilitation pathway.",Recognize and immediately manage deep venous thrombosis while escalating to the relevant specialty pathway.,Step 1; Step 2 CK; Step 3,Neurology; Internal Medicine; Pediatrics; Emergency Medicine,partially_source_supported
DCP-NEUR-73C26DEF32D0,DIS-NEUR-126,COM-NEUR-7219A304E6FD,"acute, delayed, or chronic according to the linked disease course",clinically important,high,true,"Severity, delayed recognition, and disease-specific physiology increase risk of permanent weakness or paralysis in Brown-Sequard syndrome.","New deterioration, organ dysfunction, or symptoms compatible with permanent weakness or paralysis require reassessment.","Use the linked Brown-Sequard syndrome stabilization, monitoring, prevention, and rehabilitation pathway.",Recognize and immediately manage permanent weakness or paralysis while escalating to the relevant specialty pathway.,Step 1; Step 2 CK; Step 3,Neurology; Internal Medicine; Pediatrics; Emergency Medicine,partially_source_supported
DCP-NEUR-1EDF00C92FD8,DIS-NEUR-126,COM-NEUR-NEUROGENICBLADDER,"acute, delayed, or chronic according to the linked disease course",clinically important,high,true,"Severity, delayed recognition, and disease-specific physiology increase risk of neurogenic bladder in Brown-Sequard syndrome.","New deterioration, organ dysfunction, or symptoms compatible with neurogenic bladder require reassessment.","Use the linked Brown-Sequard syndrome stabilization, monitoring, prevention, and rehabilitation pathway.",Recognize and immediately manage neurogenic bladder while escalating to the relevant specialty pathway.,Step 1; Step 2 CK; Step 3,Neurology; Internal Medicine; Pediatrics; Emergency Medicine,partially_source_supported
DCP-NEUR-1D602CE7D533,DIS-NEUR-126,COM-NEUR-AEE3B0ED7B6F,"acute, delayed, or chronic according to the linked disease course",clinically important,high,true,"Severity, delayed recognition, and disease-specific physiology increase risk of bowel dysfunction in Brown-Sequard syndrome.","New deterioration, organ dysfunction, or symptoms compatible with bowel dysfunction require reassessment.","Use the linked Brown-Sequard syndrome stabilization, monitoring, prevention, and rehabilitation pathway.",Recognize and immediately manage bowel dysfunction while escalating to the relevant specialty pathway.,Step 1; Step 2 CK; Step 3,Neurology; Internal Medicine; Pediatrics; Emergency Medicine,partially_source_supported
DCP-NEUR-EEA32A0281E4,DIS-NEUR-126,COM-NEUR-41A05F841003,"acute, delayed, or chronic according to the linked disease course",clinically important,high,true,"Severity, delayed recognition, and disease-specific physiology increase risk of sexual dysfunction in Brown-Sequard syndrome.","New deterioration, organ dysfunction, or symptoms compatible with sexual dysfunction require reassessment.","Use the linked Brown-Sequard syndrome stabilization, monitoring, prevention, and rehabilitation pathway.",Recognize and immediately manage sexual dysfunction while escalating to the relevant specialty pathway.,Step 1; Step 2 CK; Step 3,Neurology; Internal Medicine; Pediatrics; Emergency Medicine,partially_source_supported
DCP-NEUR-FA6987671D36,DIS-NEUR-127,COM-NEUR-7219A304E6FD,"acute, delayed, or chronic according to the linked disease course",clinically important,high,true,"Severity, delayed recognition, and disease-specific physiology increase risk of permanent weakness or paralysis in Syringomyelia.","New deterioration, organ dysfunction, or symptoms compatible with permanent weakness or paralysis require reassessment.","Use the linked Syringomyelia stabilization, monitoring, prevention, and rehabilitation pathway.",Recognize and immediately manage permanent weakness or paralysis while escalating to the relevant specialty pathway.,Step 1; Step 2 CK; Step 3,Neurology; Internal Medicine; Pediatrics; Emergency Medicine,partially_source_supported
DCP-NEUR-C11E047BAA5B,DIS-NEUR-127,COM-NEUR-NEUROGENICBLADDER,"acute, delayed, or chronic according to the linked disease course",clinically important,high,true,"Severity, delayed recognition, and disease-specific physiology increase risk of neurogenic bladder in Syringomyelia.","New deterioration, organ dysfunction, or symptoms compatible with neurogenic bladder require reassessment.","Use the linked Syringomyelia stabilization, monitoring, prevention, and rehabilitation pathway.",Recognize and immediately manage neurogenic bladder while escalating to the relevant specialty pathway.,Step 1; Step 2 CK; Step 3,Neurology; Internal Medicine; Pediatrics; Emergency Medicine,partially_source_supported
DCP-NEUR-239CDA83069C,DIS-NEUR-127,COM-NEUR-AEE3B0ED7B6F,"acute, delayed, or chronic according to the linked disease course",clinically important,high,true,"Severity, delayed recognition, and disease-specific physiology increase risk of bowel dysfunction in Syringomyelia.","New deterioration, organ dysfunction, or symptoms compatible with bowel dysfunction require reassessment.","Use the linked Syringomyelia stabilization, monitoring, prevention, and rehabilitation pathway.",Recognize and immediately manage bowel dysfunction while escalating to the relevant specialty pathway.,Step 1; Step 2 CK; Step 3,Neurology; Internal Medicine; Pediatrics; Emergency Medicine,partially_source_supported
DCP-NEUR-69F9D0D1DA60,DIS-NEUR-127,COM-NEUR-41A05F841003,"acute, delayed, or chronic according to the linked disease course",clinically important,high,true,"Severity, delayed recognition, and disease-specific physiology increase risk of sexual dysfunction in Syringomyelia.","New deterioration, organ dysfunction, or symptoms compatible with sexual dysfunction require reassessment.","Use the linked Syringomyelia stabilization, monitoring, prevention, and rehabilitation pathway.",Recognize and immediately manage sexual dysfunction while escalating to the relevant specialty pathway.,Step 1; Step 2 CK; Step 3,Neurology; Internal Medicine; Pediatrics; Emergency Medicine,partially_source_supported
DCP-NEUR-72D07C1C3954,DIS-NEUR-128,COM-NEUR-29B382B9E8A2,"acute, delayed, or chronic according to the linked disease course",clinically important,high,true,"Severity, delayed recognition, and disease-specific physiology increase risk of falls in Amyotrophic lateral sclerosis.","New deterioration, organ dysfunction, or symptoms compatible with falls require reassessment.","Use the linked Amyotrophic lateral sclerosis stabilization, monitoring, prevention, and rehabilitation pathway.",Recognize and immediately manage falls while escalating to the relevant specialty pathway.,Step 1; Step 2 CK; Step 3,Neurology; Internal Medicine; Pediatrics; Emergency Medicine,partially_source_supported
DCP-NEUR-FC55B9720DFA,DIS-NEUR-128,COM-NEUR-ASPIRATION,"acute, delayed, or chronic according to the linked disease course",clinically important,high,true,"Severity, delayed recognition, and disease-specific physiology increase risk of aspiration in Amyotrophic lateral sclerosis.","New deterioration, organ dysfunction, or symptoms compatible with aspiration require reassessment.","Use the linked Amyotrophic lateral sclerosis stabilization, monitoring, prevention, and rehabilitation pathway.",Recognize and immediately manage aspiration while escalating to the relevant specialty pathway.,Step 1; Step 2 CK; Step 3,Neurology; Internal Medicine; Pediatrics; Emergency Medicine,partially_source_supported
DCP-NEUR-F0601363598A,DIS-NEUR-128,COM-NEUR-D72F393064D3,"acute, delayed, or chronic according to the linked disease course",clinically important,high,true,"Severity, delayed recognition, and disease-specific physiology increase risk of caregiver burden in Amyotrophic lateral sclerosis.","New deterioration, organ dysfunction, or symptoms compatible with caregiver burden require reassessment.","Use the linked Amyotrophic lateral sclerosis stabilization, monitoring, prevention, and rehabilitation pathway.",Recognize and immediately manage caregiver burden while escalating to the relevant specialty pathway.,Step 1; Step 2 CK; Step 3,Neurology; Internal Medicine; Pediatrics; Emergency Medicine,partially_source_supported
DCP-NEUR-3CC4713D055B,DIS-NEUR-128,COM-NEUR-B5D23B8686BF,"acute, delayed, or chronic according to the linked disease course",clinically important,high,true,"Severity, delayed recognition, and disease-specific physiology increase risk of medication adverse effects in Amyotrophic lateral sclerosis.","New deterioration, organ dysfunction, or symptoms compatible with medication adverse effects require reassessment.","Use the linked Amyotrophic lateral sclerosis stabilization, monitoring, prevention, and rehabilitation pathway.",Recognize and immediately manage medication adverse effects while escalating to the relevant specialty pathway.,Step 1; Step 2 CK; Step 3,Neurology; Internal Medicine; Pediatrics; Emergency Medicine,partially_source_supported
DCP-NEUR-550F18D3B009,DIS-NEUR-129,COM-NEUR-29B382B9E8A2,"acute, delayed, or chronic according to the linked disease course",clinically important,variable,false,"Severity, delayed recognition, and disease-specific physiology increase risk of falls in Glioblastoma.","New deterioration, organ dysfunction, or symptoms compatible with falls require reassessment.","Use the linked Glioblastoma stabilization, monitoring, prevention, and rehabilitation pathway.",Recognize and immediately manage falls while escalating to the relevant specialty pathway.,Step 1; Step 2 CK; Step 3,Neurology; Internal Medicine; Pediatrics; Emergency Medicine,partially_source_supported
DCP-NEUR-0F10318B9A64,DIS-NEUR-129,COM-NEUR-ASPIRATION,"acute, delayed, or chronic according to the linked disease course",clinically important,variable,false,"Severity, delayed recognition, and disease-specific physiology increase risk of aspiration in Glioblastoma.","New deterioration, organ dysfunction, or symptoms compatible with aspiration require reassessment.","Use the linked Glioblastoma stabilization, monitoring, prevention, and rehabilitation pathway.",Recognize and immediately manage aspiration while escalating to the relevant specialty pathway.,Step 1; Step 2 CK; Step 3,Neurology; Internal Medicine; Pediatrics; Emergency Medicine,partially_source_supported
DCP-NEUR-F7E5AEA0E58B,DIS-NEUR-130,COM-NEUR-B2DFA2B49A99,"acute, delayed, or chronic according to the linked disease course",clinically important,variable,false,"Severity, delayed recognition, and disease-specific physiology increase risk of seizures in Oligodendroglioma.","New deterioration, organ dysfunction, or symptoms compatible with seizures require reassessment.","Use the linked Oligodendroglioma stabilization, monitoring, prevention, and rehabilitation pathway.",Recognize and immediately manage seizures while escalating to the relevant specialty pathway.,Step 1; Step 2 CK; Step 3,Neurology; Internal Medicine; Pediatrics; Emergency Medicine,partially_source_supported
DCP-NEUR-0865CFC4C7C7,DIS-NEUR-130,COM-NEUR-CEREBRALEDEMA,"acute, delayed, or chronic according to the linked disease course",clinically important,variable,false,"Severity, delayed recognition, and disease-specific physiology increase risk of cerebral edema in Oligodendroglioma.","New deterioration, organ dysfunction, or symptoms compatible with cerebral edema require reassessment.","Use the linked Oligodendroglioma stabilization, monitoring, prevention, and rehabilitation pathway.",Recognize and immediately manage cerebral edema while escalating to the relevant specialty pathway.,Step 1; Step 2 CK; Step 3,Neurology; Internal Medicine; Pediatrics; Emergency Medicine,partially_source_supported
DCP-NEUR-966BF682E4BC,DIS-NEUR-131,COM-NEUR-B2DFA2B49A99,"acute, delayed, or chronic according to the linked disease course",clinically important,variable,false,"Severity, delayed recognition, and disease-specific physiology increase risk of seizures in Meningioma.","New deterioration, organ dysfunction, or symptoms compatible with seizures require reassessment.","Use the linked Meningioma stabilization, monitoring, prevention, and rehabilitation pathway.",Recognize and immediately manage seizures while escalating to the relevant specialty pathway.,Step 1; Step 2 CK; Step 3,Neurology; Internal Medicine; Pediatrics; Emergency Medicine,partially_source_supported
DCP-NEUR-73D15E5C06B8,DIS-NEUR-131,COM-COV-013,"acute, delayed, or chronic according to the linked disease course",clinically important,variable,false,"Severity, delayed recognition, and disease-specific physiology increase risk of hydrocephalus in Meningioma.","New deterioration, organ dysfunction, or symptoms compatible with hydrocephalus require reassessment.","Use the linked Meningioma stabilization, monitoring, prevention, and rehabilitation pathway.",Recognize and immediately manage hydrocephalus while escalating to the relevant specialty pathway.,Step 1; Step 2 CK; Step 3,Neurology; Internal Medicine; Pediatrics; Emergency Medicine,partially_source_supported
DCP-NEUR-2A06CF454479,DIS-NEUR-132,COM-NEUR-B2DFA2B49A99,"acute, delayed, or chronic according to the linked disease course",clinically important,variable,false,"Severity, delayed recognition, and disease-specific physiology increase risk of seizures in Vestibular schwannoma.","New deterioration, organ dysfunction, or symptoms compatible with seizures require reassessment.","Use the linked Vestibular schwannoma stabilization, monitoring, prevention, and rehabilitation pathway.",Recognize and immediately manage seizures while escalating to the relevant specialty pathway.,Step 1; Step 2 CK; Step 3,Neurology; Internal Medicine; Pediatrics; Emergency Medicine,partially_source_supported
DCP-NEUR-C1978DAA36FF,DIS-NEUR-132,COM-NEUR-CEREBRALEDEMA,"acute, delayed, or chronic according to the linked disease course",clinically important,variable,false,"Severity, delayed recognition, and disease-specific physiology increase risk of cerebral edema in Vestibular schwannoma.","New deterioration, organ dysfunction, or symptoms compatible with cerebral edema require reassessment.","Use the linked Vestibular schwannoma stabilization, monitoring, prevention, and rehabilitation pathway.",Recognize and immediately manage cerebral edema while escalating to the relevant specialty pathway.,Step 1; Step 2 CK; Step 3,Neurology; Internal Medicine; Pediatrics; Emergency Medicine,partially_source_supported
DCP-NEUR-EA870EE02AC8,DIS-NEUR-133,COM-NEUR-B2DFA2B49A99,"acute, delayed, or chronic according to the linked disease course",clinically important,variable,false,"Severity, delayed recognition, and disease-specific physiology increase risk of seizures in Pituitary adenoma.","New deterioration, organ dysfunction, or symptoms compatible with seizures require reassessment.","Use the linked Pituitary adenoma stabilization, monitoring, prevention, and rehabilitation pathway.",Recognize and immediately manage seizures while escalating to the relevant specialty pathway.,Step 1; Step 2 CK; Step 3,Neurology; Internal Medicine; Pediatrics; Emergency Medicine,partially_source_supported
DCP-NEUR-39DA8A124EB4,DIS-NEUR-133,COM-NEUR-CEREBRALEDEMA,"acute, delayed, or chronic according to the linked disease course",clinically important,variable,false,"Severity, delayed recognition, and disease-specific physiology increase risk of cerebral edema in Pituitary adenoma.","New deterioration, organ dysfunction, or symptoms compatible with cerebral edema require reassessment.","Use the linked Pituitary adenoma stabilization, monitoring, prevention, and rehabilitation pathway.",Recognize and immediately manage cerebral edema while escalating to the relevant specialty pathway.,Step 1; Step 2 CK; Step 3,Neurology; Internal Medicine; Pediatrics; Emergency Medicine,partially_source_supported
DCP-NEUR-A2DA0569C369,DIS-NEUR-134,COM-NEUR-B2DFA2B49A99,"acute, delayed, or chronic according to the linked disease course",clinically important,variable,false,"Severity, delayed recognition, and disease-specific physiology increase risk of seizures in Medulloblastoma.","New deterioration, organ dysfunction, or symptoms compatible with seizures require reassessment.","Use the linked Medulloblastoma stabilization, monitoring, prevention, and rehabilitation pathway.",Recognize and immediately manage seizures while escalating to the relevant specialty pathway.,Step 1; Step 2 CK; Step 3,Neurology; Internal Medicine; Pediatrics; Emergency Medicine,partially_source_supported
DCP-NEUR-FC8BDAFFB1CE,DIS-NEUR-134,COM-NEUR-CEREBRALEDEMA,"acute, delayed, or chronic according to the linked disease course",clinically important,variable,false,"Severity, delayed recognition, and disease-specific physiology increase risk of cerebral edema in Medulloblastoma.","New deterioration, organ dysfunction, or symptoms compatible with cerebral edema require reassessment.","Use the linked Medulloblastoma stabilization, monitoring, prevention, and rehabilitation pathway.",Recognize and immediately manage cerebral edema while escalating to the relevant specialty pathway.,Step 1; Step 2 CK; Step 3,Neurology; Internal Medicine; Pediatrics; Emergency Medicine,partially_source_supported
DCP-NEUR-A90B1A1438A5,DIS-NEUR-135,COM-NEUR-B2DFA2B49A99,"acute, delayed, or chronic according to the linked disease course",clinically important,variable,false,"Severity, delayed recognition, and disease-specific physiology increase risk of seizures in Primary CNS lymphoma.","New deterioration, organ dysfunction, or symptoms compatible with seizures require reassessment.","Use the linked Primary CNS lymphoma stabilization, monitoring, prevention, and rehabilitation pathway.",Recognize and immediately manage seizures while escalating to the relevant specialty pathway.,Step 1; Step 2 CK; Step 3,Neurology; Internal Medicine; Pediatrics; Emergency Medicine,partially_source_supported
DCP-NEUR-035590889B75,DIS-NEUR-135,COM-NEUR-CEREBRALEDEMA,"acute, delayed, or chronic according to the linked disease course",clinically important,variable,false,"Severity, delayed recognition, and disease-specific physiology increase risk of cerebral edema in Primary CNS lymphoma.","New deterioration, organ dysfunction, or symptoms compatible with cerebral edema require reassessment.","Use the linked Primary CNS lymphoma stabilization, monitoring, prevention, and rehabilitation pathway.",Recognize and immediately manage cerebral edema while escalating to the relevant specialty pathway.,Step 1; Step 2 CK; Step 3,Neurology; Internal Medicine; Pediatrics; Emergency Medicine,partially_source_supported
DCP-NEUR-17399B79BC14,DIS-NEUR-136,COM-NEUR-B2DFA2B49A99,"acute, delayed, or chronic according to the linked disease course",clinically important,variable,false,"Severity, delayed recognition, and disease-specific physiology increase risk of seizures in Brain metastases.","New deterioration, organ dysfunction, or symptoms compatible with seizures require reassessment.","Use the linked Brain metastases stabilization, monitoring, prevention, and rehabilitation pathway.",Recognize and immediately manage seizures while escalating to the relevant specialty pathway.,Step 1; Step 2 CK; Step 3,Neurology; Internal Medicine; Pediatrics; Emergency Medicine,partially_source_supported
DCP-NEUR-723B41382670,DIS-NEUR-136,COM-NEUR-CEREBRALEDEMA,"acute, delayed, or chronic according to the linked disease course",clinically important,variable,false,"Severity, delayed recognition, and disease-specific physiology increase risk of cerebral edema in Brain metastases.","New deterioration, organ dysfunction, or symptoms compatible with cerebral edema require reassessment.","Use the linked Brain metastases stabilization, monitoring, prevention, and rehabilitation pathway.",Recognize and immediately manage cerebral edema while escalating to the relevant specialty pathway.,Step 1; Step 2 CK; Step 3,Neurology; Internal Medicine; Pediatrics; Emergency Medicine,partially_source_supported
DCP-NEUR-248855A230FD,DIS-NEUR-137,COM-NEUR-29B382B9E8A2,"acute, delayed, or chronic according to the linked disease course",clinically important,high,true,"Severity, delayed recognition, and disease-specific physiology increase risk of falls in Increased intracranial pressure.","New deterioration, organ dysfunction, or symptoms compatible with falls require reassessment.","Use the linked Increased intracranial pressure stabilization, monitoring, prevention, and rehabilitation pathway.",Recognize and immediately manage falls while escalating to the relevant specialty pathway.,Step 1; Step 2 CK; Step 3,Neurology; Internal Medicine; Pediatrics; Emergency Medicine,partially_source_supported
DCP-NEUR-30120497139B,DIS-NEUR-137,COM-NEUR-ASPIRATION,"acute, delayed, or chronic according to the linked disease course",clinically important,high,true,"Severity, delayed recognition, and disease-specific physiology increase risk of aspiration in Increased intracranial pressure.","New deterioration, organ dysfunction, or symptoms compatible with aspiration require reassessment.","Use the linked Increased intracranial pressure stabilization, monitoring, prevention, and rehabilitation pathway.",Recognize and immediately manage aspiration while escalating to the relevant specialty pathway.,Step 1; Step 2 CK; Step 3,Neurology; Internal Medicine; Pediatrics; Emergency Medicine,partially_source_supported
DCP-NEUR-35FA2D0D2BB1,DIS-NEUR-137,COM-NEUR-D72F393064D3,"acute, delayed, or chronic according to the linked disease course",clinically important,high,true,"Severity, delayed recognition, and disease-specific physiology increase risk of caregiver burden in Increased intracranial pressure.","New deterioration, organ dysfunction, or symptoms compatible with caregiver burden require reassessment.","Use the linked Increased intracranial pressure stabilization, monitoring, prevention, and rehabilitation pathway.",Recognize and immediately manage caregiver burden while escalating to the relevant specialty pathway.,Step 1; Step 2 CK; Step 3,Neurology; Internal Medicine; Pediatrics; Emergency Medicine,partially_source_supported
DCP-NEUR-33E5441D2368,DIS-NEUR-137,COM-NEUR-B5D23B8686BF,"acute, delayed, or chronic according to the linked disease course",clinically important,high,true,"Severity, delayed recognition, and disease-specific physiology increase risk of medication adverse effects in Increased intracranial pressure.","New deterioration, organ dysfunction, or symptoms compatible with medication adverse effects require reassessment.","Use the linked Increased intracranial pressure stabilization, monitoring, prevention, and rehabilitation pathway.",Recognize and immediately manage medication adverse effects while escalating to the relevant specialty pathway.,Step 1; Step 2 CK; Step 3,Neurology; Internal Medicine; Pediatrics; Emergency Medicine,partially_source_supported
DCP-NEUR-E19CC0BBE9C1,DIS-NEUR-138,COM-NEUR-29B382B9E8A2,"acute, delayed, or chronic according to the linked disease course",clinically important,high,true,"Severity, delayed recognition, and disease-specific physiology increase risk of falls in Obstructive hydrocephalus.","New deterioration, organ dysfunction, or symptoms compatible with falls require reassessment.","Use the linked Obstructive hydrocephalus stabilization, monitoring, prevention, and rehabilitation pathway.",Recognize and immediately manage falls while escalating to the relevant specialty pathway.,Step 1; Step 2 CK; Step 3,Neurology; Internal Medicine; Pediatrics; Emergency Medicine,partially_source_supported
DCP-NEUR-9F3189A5D6DD,DIS-NEUR-138,COM-NEUR-ASPIRATION,"acute, delayed, or chronic according to the linked disease course",clinically important,high,true,"Severity, delayed recognition, and disease-specific physiology increase risk of aspiration in Obstructive hydrocephalus.","New deterioration, organ dysfunction, or symptoms compatible with aspiration require reassessment.","Use the linked Obstructive hydrocephalus stabilization, monitoring, prevention, and rehabilitation pathway.",Recognize and immediately manage aspiration while escalating to the relevant specialty pathway.,Step 1; Step 2 CK; Step 3,Neurology; Internal Medicine; Pediatrics; Emergency Medicine,partially_source_supported
DCP-NEUR-95510581BED9,DIS-NEUR-138,COM-NEUR-D72F393064D3,"acute, delayed, or chronic according to the linked disease course",clinically important,high,true,"Severity, delayed recognition, and disease-specific physiology increase risk of caregiver burden in Obstructive hydrocephalus.","New deterioration, organ dysfunction, or symptoms compatible with caregiver burden require reassessment.","Use the linked Obstructive hydrocephalus stabilization, monitoring, prevention, and rehabilitation pathway.",Recognize and immediately manage caregiver burden while escalating to the relevant specialty pathway.,Step 1; Step 2 CK; Step 3,Neurology; Internal Medicine; Pediatrics; Emergency Medicine,partially_source_supported
DCP-NEUR-D8FEC89CD757,DIS-NEUR-138,COM-NEUR-B5D23B8686BF,"acute, delayed, or chronic according to the linked disease course",clinically important,high,true,"Severity, delayed recognition, and disease-specific physiology increase risk of medication adverse effects in Obstructive hydrocephalus.","New deterioration, organ dysfunction, or symptoms compatible with medication adverse effects require reassessment.","Use the linked Obstructive hydrocephalus stabilization, monitoring, prevention, and rehabilitation pathway.",Recognize and immediately manage medication adverse effects while escalating to the relevant specialty pathway.,Step 1; Step 2 CK; Step 3,Neurology; Internal Medicine; Pediatrics; Emergency Medicine,partially_source_supported
DCP-NEUR-CF570D565395,DIS-NEUR-139,COM-NEUR-29B382B9E8A2,"acute, delayed, or chronic according to the linked disease course",clinically important,high,true,"Severity, delayed recognition, and disease-specific physiology increase risk of falls in Communicating hydrocephalus.","New deterioration, organ dysfunction, or symptoms compatible with falls require reassessment.","Use the linked Communicating hydrocephalus stabilization, monitoring, prevention, and rehabilitation pathway.",Recognize and immediately manage falls while escalating to the relevant specialty pathway.,Step 1; Step 2 CK; Step 3,Neurology; Internal Medicine; Pediatrics; Emergency Medicine,partially_source_supported
DCP-NEUR-BFAFCDB86ABB,DIS-NEUR-139,COM-NEUR-ASPIRATION,"acute, delayed, or chronic according to the linked disease course",clinically important,high,true,"Severity, delayed recognition, and disease-specific physiology increase risk of aspiration in Communicating hydrocephalus.","New deterioration, organ dysfunction, or symptoms compatible with aspiration require reassessment.","Use the linked Communicating hydrocephalus stabilization, monitoring, prevention, and rehabilitation pathway.",Recognize and immediately manage aspiration while escalating to the relevant specialty pathway.,Step 1; Step 2 CK; Step 3,Neurology; Internal Medicine; Pediatrics; Emergency Medicine,partially_source_supported
DCP-NEUR-7B4CAFA61977,DIS-NEUR-139,COM-NEUR-D72F393064D3,"acute, delayed, or chronic according to the linked disease course",clinically important,high,true,"Severity, delayed recognition, and disease-specific physiology increase risk of caregiver burden in Communicating hydrocephalus.","New deterioration, organ dysfunction, or symptoms compatible with caregiver burden require reassessment.","Use the linked Communicating hydrocephalus stabilization, monitoring, prevention, and rehabilitation pathway.",Recognize and immediately manage caregiver burden while escalating to the relevant specialty pathway.,Step 1; Step 2 CK; Step 3,Neurology; Internal Medicine; Pediatrics; Emergency Medicine,partially_source_supported
DCP-NEUR-7C477051733B,DIS-NEUR-139,COM-NEUR-B5D23B8686BF,"acute, delayed, or chronic according to the linked disease course",clinically important,high,true,"Severity, delayed recognition, and disease-specific physiology increase risk of medication adverse effects in Communicating hydrocephalus.","New deterioration, organ dysfunction, or symptoms compatible with medication adverse effects require reassessment.","Use the linked Communicating hydrocephalus stabilization, monitoring, prevention, and rehabilitation pathway.",Recognize and immediately manage medication adverse effects while escalating to the relevant specialty pathway.,Step 1; Step 2 CK; Step 3,Neurology; Internal Medicine; Pediatrics; Emergency Medicine,partially_source_supported
DCP-NEUR-A18D453801F8,DIS-NEUR-140,COM-NEUR-29B382B9E8A2,"acute, delayed, or chronic according to the linked disease course",clinically important,high,true,"Severity, delayed recognition, and disease-specific physiology increase risk of falls in Uncal herniation.","New deterioration, organ dysfunction, or symptoms compatible with falls require reassessment.","Use the linked Uncal herniation stabilization, monitoring, prevention, and rehabilitation pathway.",Recognize and immediately manage falls while escalating to the relevant specialty pathway.,Step 1; Step 2 CK; Step 3,Neurology; Internal Medicine; Pediatrics; Emergency Medicine,partially_source_supported
DCP-NEUR-673E37E21208,DIS-NEUR-140,COM-NEUR-ASPIRATION,"acute, delayed, or chronic according to the linked disease course",clinically important,high,true,"Severity, delayed recognition, and disease-specific physiology increase risk of aspiration in Uncal herniation.","New deterioration, organ dysfunction, or symptoms compatible with aspiration require reassessment.","Use the linked Uncal herniation stabilization, monitoring, prevention, and rehabilitation pathway.",Recognize and immediately manage aspiration while escalating to the relevant specialty pathway.,Step 1; Step 2 CK; Step 3,Neurology; Internal Medicine; Pediatrics; Emergency Medicine,partially_source_supported
DCP-NEUR-7AC840AB0F47,DIS-NEUR-140,COM-NEUR-D72F393064D3,"acute, delayed, or chronic according to the linked disease course",clinically important,high,true,"Severity, delayed recognition, and disease-specific physiology increase risk of caregiver burden in Uncal herniation.","New deterioration, organ dysfunction, or symptoms compatible with caregiver burden require reassessment.","Use the linked Uncal herniation stabilization, monitoring, prevention, and rehabilitation pathway.",Recognize and immediately manage caregiver burden while escalating to the relevant specialty pathway.,Step 1; Step 2 CK; Step 3,Neurology; Internal Medicine; Pediatrics; Emergency Medicine,partially_source_supported
DCP-NEUR-F0713B1C521E,DIS-NEUR-140,COM-NEUR-B5D23B8686BF,"acute, delayed, or chronic according to the linked disease course",clinically important,high,true,"Severity, delayed recognition, and disease-specific physiology increase risk of medication adverse effects in Uncal herniation.","New deterioration, organ dysfunction, or symptoms compatible with medication adverse effects require reassessment.","Use the linked Uncal herniation stabilization, monitoring, prevention, and rehabilitation pathway.",Recognize and immediately manage medication adverse effects while escalating to the relevant specialty pathway.,Step 1; Step 2 CK; Step 3,Neurology; Internal Medicine; Pediatrics; Emergency Medicine,partially_source_supported
DCP-NEUR-0B7CD49F3F43,DIS-NEUR-141,COM-NEUR-29B382B9E8A2,"acute, delayed, or chronic according to the linked disease course",clinically important,high,true,"Severity, delayed recognition, and disease-specific physiology increase risk of falls in Papilledema.","New deterioration, organ dysfunction, or symptoms compatible with falls require reassessment.","Use the linked Papilledema stabilization, monitoring, prevention, and rehabilitation pathway.",Recognize and immediately manage falls while escalating to the relevant specialty pathway.,Step 1; Step 2 CK; Step 3,Neurology; Internal Medicine; Pediatrics; Emergency Medicine,partially_source_supported
DCP-NEUR-06F92F7B7125,DIS-NEUR-141,COM-NEUR-ASPIRATION,"acute, delayed, or chronic according to the linked disease course",clinically important,high,true,"Severity, delayed recognition, and disease-specific physiology increase risk of aspiration in Papilledema.","New deterioration, organ dysfunction, or symptoms compatible with aspiration require reassessment.","Use the linked Papilledema stabilization, monitoring, prevention, and rehabilitation pathway.",Recognize and immediately manage aspiration while escalating to the relevant specialty pathway.,Step 1; Step 2 CK; Step 3,Neurology; Internal Medicine; Pediatrics; Emergency Medicine,partially_source_supported
DCP-NEUR-1CDDF9566878,DIS-NEUR-141,COM-NEUR-D72F393064D3,"acute, delayed, or chronic according to the linked disease course",clinically important,high,true,"Severity, delayed recognition, and disease-specific physiology increase risk of caregiver burden in Papilledema.","New deterioration, organ dysfunction, or symptoms compatible with caregiver burden require reassessment.","Use the linked Papilledema stabilization, monitoring, prevention, and rehabilitation pathway.",Recognize and immediately manage caregiver burden while escalating to the relevant specialty pathway.,Step 1; Step 2 CK; Step 3,Neurology; Internal Medicine; Pediatrics; Emergency Medicine,partially_source_supported
DCP-NEUR-D7C4CC37F744,DIS-NEUR-141,COM-NEUR-B5D23B8686BF,"acute, delayed, or chronic according to the linked disease course",clinically important,high,true,"Severity, delayed recognition, and disease-specific physiology increase risk of medication adverse effects in Papilledema.","New deterioration, organ dysfunction, or symptoms compatible with medication adverse effects require reassessment.","Use the linked Papilledema stabilization, monitoring, prevention, and rehabilitation pathway.",Recognize and immediately manage medication adverse effects while escalating to the relevant specialty pathway.,Step 1; Step 2 CK; Step 3,Neurology; Internal Medicine; Pediatrics; Emergency Medicine,partially_source_supported
DCP-NEUR-15EEDD1B5FA7,DIS-NEUR-142,COM-NEUR-29B382B9E8A2,"acute, delayed, or chronic according to the linked disease course",clinically important,variable,false,"Severity, delayed recognition, and disease-specific physiology increase risk of falls in Oculomotor nerve palsy.","New deterioration, organ dysfunction, or symptoms compatible with falls require reassessment.","Use the linked Oculomotor nerve palsy stabilization, monitoring, prevention, and rehabilitation pathway.",Recognize and immediately manage falls while escalating to the relevant specialty pathway.,Step 1; Step 2 CK; Step 3,Neurology; Internal Medicine; Pediatrics; Emergency Medicine,partially_source_supported
DCP-NEUR-738EAB2E7E4A,DIS-NEUR-142,COM-NEUR-6BA96DC8635E,"acute, delayed, or chronic according to the linked disease course",clinically important,variable,false,"Severity, delayed recognition, and disease-specific physiology increase risk of neuropathic pain in Oculomotor nerve palsy.","New deterioration, organ dysfunction, or symptoms compatible with neuropathic pain require reassessment.","Use the linked Oculomotor nerve palsy stabilization, monitoring, prevention, and rehabilitation pathway.",Recognize and immediately manage neuropathic pain while escalating to the relevant specialty pathway.,Step 1; Step 2 CK; Step 3,Neurology; Internal Medicine; Pediatrics; Emergency Medicine,partially_source_supported
DCP-NEUR-9B96EEE1D5AE,DIS-NEUR-143,COM-NEUR-29B382B9E8A2,"acute, delayed, or chronic according to the linked disease course",clinically important,variable,false,"Severity, delayed recognition, and disease-specific physiology increase risk of falls in Abducens nerve palsy.","New deterioration, organ dysfunction, or symptoms compatible with falls require reassessment.","Use the linked Abducens nerve palsy stabilization, monitoring, prevention, and rehabilitation pathway.",Recognize and immediately manage falls while escalating to the relevant specialty pathway.,Step 1; Step 2 CK; Step 3,Neurology; Internal Medicine; Pediatrics; Emergency Medicine,partially_source_supported
DCP-NEUR-C89AD8503C92,DIS-NEUR-143,COM-NEUR-6BA96DC8635E,"acute, delayed, or chronic according to the linked disease course",clinically important,variable,false,"Severity, delayed recognition, and disease-specific physiology increase risk of neuropathic pain in Abducens nerve palsy.","New deterioration, organ dysfunction, or symptoms compatible with neuropathic pain require reassessment.","Use the linked Abducens nerve palsy stabilization, monitoring, prevention, and rehabilitation pathway.",Recognize and immediately manage neuropathic pain while escalating to the relevant specialty pathway.,Step 1; Step 2 CK; Step 3,Neurology; Internal Medicine; Pediatrics; Emergency Medicine,partially_source_supported
DCP-NEUR-FC8537A9EA18,DIS-NEUR-144,COM-NEUR-29B382B9E8A2,"acute, delayed, or chronic according to the linked disease course",clinically important,variable,false,"Severity, delayed recognition, and disease-specific physiology increase risk of falls in Internuclear ophthalmoplegia.","New deterioration, organ dysfunction, or symptoms compatible with falls require reassessment.","Use the linked Internuclear ophthalmoplegia stabilization, monitoring, prevention, and rehabilitation pathway.",Recognize and immediately manage falls while escalating to the relevant specialty pathway.,Step 1; Step 2 CK; Step 3,Neurology; Internal Medicine; Pediatrics; Emergency Medicine,partially_source_supported
DCP-NEUR-E2CC11F38A4C,DIS-NEUR-144,COM-NEUR-ASPIRATION,"acute, delayed, or chronic according to the linked disease course",clinically important,variable,false,"Severity, delayed recognition, and disease-specific physiology increase risk of aspiration in Internuclear ophthalmoplegia.","New deterioration, organ dysfunction, or symptoms compatible with aspiration require reassessment.","Use the linked Internuclear ophthalmoplegia stabilization, monitoring, prevention, and rehabilitation pathway.",Recognize and immediately manage aspiration while escalating to the relevant specialty pathway.,Step 1; Step 2 CK; Step 3,Neurology; Internal Medicine; Pediatrics; Emergency Medicine,partially_source_supported
DCP-NEUR-C0294E6F6CC9,DIS-NEUR-145,COM-NEUR-29B382B9E8A2,"acute, delayed, or chronic according to the linked disease course",clinically important,variable,false,"Severity, delayed recognition, and disease-specific physiology increase risk of falls in Horner syndrome.","New deterioration, organ dysfunction, or symptoms compatible with falls require reassessment.","Use the linked Horner syndrome stabilization, monitoring, prevention, and rehabilitation pathway.",Recognize and immediately manage falls while escalating to the relevant specialty pathway.,Step 1; Step 2 CK; Step 3,Neurology; Internal Medicine; Pediatrics; Emergency Medicine,partially_source_supported
DCP-NEUR-ADFDB0F69AE9,DIS-NEUR-145,COM-NEUR-ASPIRATION,"acute, delayed, or chronic according to the linked disease course",clinically important,variable,false,"Severity, delayed recognition, and disease-specific physiology increase risk of aspiration in Horner syndrome.","New deterioration, organ dysfunction, or symptoms compatible with aspiration require reassessment.","Use the linked Horner syndrome stabilization, monitoring, prevention, and rehabilitation pathway.",Recognize and immediately manage aspiration while escalating to the relevant specialty pathway.,Step 1; Step 2 CK; Step 3,Neurology; Internal Medicine; Pediatrics; Emergency Medicine,partially_source_supported
DCP-NEUR-182F3C7D65E0,DIS-NEUR-146,COM-NEUR-29B382B9E8A2,"acute, delayed, or chronic according to the linked disease course",clinically important,variable,false,"Severity, delayed recognition, and disease-specific physiology increase risk of falls in Benign paroxysmal positional vertigo.","New deterioration, organ dysfunction, or symptoms compatible with falls require reassessment.","Use the linked Benign paroxysmal positional vertigo stabilization, monitoring, prevention, and rehabilitation pathway.",Recognize and immediately manage falls while escalating to the relevant specialty pathway.,Step 1; Step 2 CK; Step 3,Neurology; Internal Medicine; Pediatrics; Emergency Medicine,partially_source_supported
DCP-NEUR-3A23944355D2,DIS-NEUR-146,COM-NEUR-ASPIRATION,"acute, delayed, or chronic according to the linked disease course",clinically important,variable,false,"Severity, delayed recognition, and disease-specific physiology increase risk of aspiration in Benign paroxysmal positional vertigo.","New deterioration, organ dysfunction, or symptoms compatible with aspiration require reassessment.","Use the linked Benign paroxysmal positional vertigo stabilization, monitoring, prevention, and rehabilitation pathway.",Recognize and immediately manage aspiration while escalating to the relevant specialty pathway.,Step 1; Step 2 CK; Step 3,Neurology; Internal Medicine; Pediatrics; Emergency Medicine,partially_source_supported
DCP-NEUR-0AAD284C1BAF,DIS-NEUR-147,COM-NEUR-29B382B9E8A2,"acute, delayed, or chronic according to the linked disease course",clinically important,variable,false,"Severity, delayed recognition, and disease-specific physiology increase risk of falls in Vestibular neuritis.","New deterioration, organ dysfunction, or symptoms compatible with falls require reassessment.","Use the linked Vestibular neuritis stabilization, monitoring, prevention, and rehabilitation pathway.",Recognize and immediately manage falls while escalating to the relevant specialty pathway.,Step 1; Step 2 CK; Step 3,Neurology; Internal Medicine; Pediatrics; Emergency Medicine,partially_source_supported
DCP-NEUR-3A87A7D3E9BB,DIS-NEUR-147,COM-NEUR-ASPIRATION,"acute, delayed, or chronic according to the linked disease course",clinically important,variable,false,"Severity, delayed recognition, and disease-specific physiology increase risk of aspiration in Vestibular neuritis.","New deterioration, organ dysfunction, or symptoms compatible with aspiration require reassessment.","Use the linked Vestibular neuritis stabilization, monitoring, prevention, and rehabilitation pathway.",Recognize and immediately manage aspiration while escalating to the relevant specialty pathway.,Step 1; Step 2 CK; Step 3,Neurology; Internal Medicine; Pediatrics; Emergency Medicine,partially_source_supported
DCP-NEUR-B78AF0A29634,DIS-NEUR-148,COM-NEUR-29B382B9E8A2,"acute, delayed, or chronic according to the linked disease course",clinically important,variable,false,"Severity, delayed recognition, and disease-specific physiology increase risk of falls in Central vertigo.","New deterioration, organ dysfunction, or symptoms compatible with falls require reassessment.","Use the linked Central vertigo stabilization, monitoring, prevention, and rehabilitation pathway.",Recognize and immediately manage falls while escalating to the relevant specialty pathway.,Step 1; Step 2 CK; Step 3,Neurology; Internal Medicine; Pediatrics; Emergency Medicine,partially_source_supported
DCP-NEUR-778884959ED0,DIS-NEUR-148,COM-NEUR-ASPIRATION,"acute, delayed, or chronic according to the linked disease course",clinically important,variable,false,"Severity, delayed recognition, and disease-specific physiology increase risk of aspiration in Central vertigo.","New deterioration, organ dysfunction, or symptoms compatible with aspiration require reassessment.","Use the linked Central vertigo stabilization, monitoring, prevention, and rehabilitation pathway.",Recognize and immediately manage aspiration while escalating to the relevant specialty pathway.,Step 1; Step 2 CK; Step 3,Neurology; Internal Medicine; Pediatrics; Emergency Medicine,partially_source_supported
DCP-NEUR-9C690088F0BA,DIS-NEUR-149,COM-NEUR-CEREBRALEDEMA,"acute, delayed, or chronic according to the linked disease course",clinically important,variable,false,"Severity, delayed recognition, and disease-specific physiology increase risk of cerebral edema in Cerebellar stroke.","New deterioration, organ dysfunction, or symptoms compatible with cerebral edema require reassessment.","Use the linked Cerebellar stroke stabilization, monitoring, prevention, and rehabilitation pathway.",Recognize and immediately manage cerebral edema while escalating to the relevant specialty pathway.,Step 1; Step 2 CK; Step 3,Neurology; Internal Medicine; Pediatrics; Emergency Medicine,partially_source_supported
DCP-NEUR-BDB3B1203C0E,DIS-NEUR-149,COM-NEUR-HEMORRHAGICTRANSFORM,"acute, delayed, or chronic according to the linked disease course",clinically important,variable,false,"Severity, delayed recognition, and disease-specific physiology increase risk of hemorrhagic transformation in Cerebellar stroke.","New deterioration, organ dysfunction, or symptoms compatible with hemorrhagic transformation require reassessment.","Use the linked Cerebellar stroke stabilization, monitoring, prevention, and rehabilitation pathway.",Recognize and immediately manage hemorrhagic transformation while escalating to the relevant specialty pathway.,Step 1; Step 2 CK; Step 3,Neurology; Internal Medicine; Pediatrics; Emergency Medicine,partially_source_supported
DCP-NEUR-0FAD6AC0B978,DIS-NEUR-150,COM-NEUR-29B382B9E8A2,"acute, delayed, or chronic according to the linked disease course",clinically important,variable,false,"Severity, delayed recognition, and disease-specific physiology increase risk of falls in Cerebral palsy.","New deterioration, organ dysfunction, or symptoms compatible with falls require reassessment.","Use the linked Cerebral palsy stabilization, monitoring, prevention, and rehabilitation pathway.",Recognize and immediately manage falls while escalating to the relevant specialty pathway.,Step 1; Step 2 CK; Step 3,Neurology; Internal Medicine; Pediatrics; Emergency Medicine,partially_source_supported
DCP-NEUR-8CADCB41379A,DIS-NEUR-150,COM-NEUR-6BA96DC8635E,"acute, delayed, or chronic according to the linked disease course",clinically important,variable,false,"Severity, delayed recognition, and disease-specific physiology increase risk of neuropathic pain in Cerebral palsy.","New deterioration, organ dysfunction, or symptoms compatible with neuropathic pain require reassessment.","Use the linked Cerebral palsy stabilization, monitoring, prevention, and rehabilitation pathway.",Recognize and immediately manage neuropathic pain while escalating to the relevant specialty pathway.,Step 1; Step 2 CK; Step 3,Neurology; Internal Medicine; Pediatrics; Emergency Medicine,partially_source_supported
DCP-NEUR-CEBC4195CA8A,DIS-NEUR-151,COM-NEUR-7219A304E6FD,"acute, delayed, or chronic according to the linked disease course",clinically important,variable,false,"Severity, delayed recognition, and disease-specific physiology increase risk of permanent weakness or paralysis in Spinal muscular atrophy.","New deterioration, organ dysfunction, or symptoms compatible with permanent weakness or paralysis require reassessment.","Use the linked Spinal muscular atrophy stabilization, monitoring, prevention, and rehabilitation pathway.",Recognize and immediately manage permanent weakness or paralysis while escalating to the relevant specialty pathway.,Step 1; Step 2 CK; Step 3,Neurology; Internal Medicine; Pediatrics; Emergency Medicine,partially_source_supported
DCP-NEUR-D374F86FD846,DIS-NEUR-151,COM-NEUR-NEUROGENICBLADDER,"acute, delayed, or chronic according to the linked disease course",clinically important,variable,false,"Severity, delayed recognition, and disease-specific physiology increase risk of neurogenic bladder in Spinal muscular atrophy.","New deterioration, organ dysfunction, or symptoms compatible with neurogenic bladder require reassessment.","Use the linked Spinal muscular atrophy stabilization, monitoring, prevention, and rehabilitation pathway.",Recognize and immediately manage neurogenic bladder while escalating to the relevant specialty pathway.,Step 1; Step 2 CK; Step 3,Neurology; Internal Medicine; Pediatrics; Emergency Medicine,partially_source_supported
DCP-NEUR-6D92A3BA5055,DIS-NEUR-152,COM-NEUR-7E6473717F58,"acute, delayed, or chronic according to the linked disease course",clinically important,variable,false,"Severity, delayed recognition, and disease-specific physiology increase risk of developmental disability in Tuberous sclerosis.","New deterioration, organ dysfunction, or symptoms compatible with developmental disability require reassessment.","Use the linked Tuberous sclerosis stabilization, monitoring, prevention, and rehabilitation pathway.",Recognize and immediately manage developmental disability while escalating to the relevant specialty pathway.,Step 1; Step 2 CK; Step 3,Neurology; Internal Medicine; Pediatrics; Emergency Medicine,partially_source_supported
DCP-NEUR-3B41CBEC1CB1,DIS-NEUR-152,COM-NEUR-ASPIRATION,"acute, delayed, or chronic according to the linked disease course",clinically important,variable,false,"Severity, delayed recognition, and disease-specific physiology increase risk of aspiration in Tuberous sclerosis.","New deterioration, organ dysfunction, or symptoms compatible with aspiration require reassessment.","Use the linked Tuberous sclerosis stabilization, monitoring, prevention, and rehabilitation pathway.",Recognize and immediately manage aspiration while escalating to the relevant specialty pathway.,Step 1; Step 2 CK; Step 3,Neurology; Internal Medicine; Pediatrics; Emergency Medicine,partially_source_supported
DCP-NEUR-89229B3BCFE8,DIS-NEUR-153,COM-NEUR-7E6473717F58,"acute, delayed, or chronic according to the linked disease course",clinically important,variable,false,"Severity, delayed recognition, and disease-specific physiology increase risk of developmental disability in Neurofibromatosis type 1.","New deterioration, organ dysfunction, or symptoms compatible with developmental disability require reassessment.","Use the linked Neurofibromatosis type 1 stabilization, monitoring, prevention, and rehabilitation pathway.",Recognize and immediately manage developmental disability while escalating to the relevant specialty pathway.,Step 1; Step 2 CK; Step 3,Neurology; Internal Medicine; Pediatrics; Emergency Medicine,partially_source_supported
DCP-NEUR-50A1B7A4F431,DIS-NEUR-153,COM-NEUR-ASPIRATION,"acute, delayed, or chronic according to the linked disease course",clinically important,variable,false,"Severity, delayed recognition, and disease-specific physiology increase risk of aspiration in Neurofibromatosis type 1.","New deterioration, organ dysfunction, or symptoms compatible with aspiration require reassessment.","Use the linked Neurofibromatosis type 1 stabilization, monitoring, prevention, and rehabilitation pathway.",Recognize and immediately manage aspiration while escalating to the relevant specialty pathway.,Step 1; Step 2 CK; Step 3,Neurology; Internal Medicine; Pediatrics; Emergency Medicine,partially_source_supported
DCP-NEUR-0C13A9F63699,DIS-NEUR-154,COM-NEUR-7E6473717F58,"acute, delayed, or chronic according to the linked disease course",clinically important,variable,false,"Severity, delayed recognition, and disease-specific physiology increase risk of developmental disability in Rett syndrome.","New deterioration, organ dysfunction, or symptoms compatible with developmental disability require reassessment.","Use the linked Rett syndrome stabilization, monitoring, prevention, and rehabilitation pathway.",Recognize and immediately manage developmental disability while escalating to the relevant specialty pathway.,Step 1; Step 2 CK; Step 3,Neurology; Internal Medicine; Pediatrics; Emergency Medicine,partially_source_supported
DCP-NEUR-FAF54B0F8D14,DIS-NEUR-154,COM-NEUR-ASPIRATION,"acute, delayed, or chronic according to the linked disease course",clinically important,variable,false,"Severity, delayed recognition, and disease-specific physiology increase risk of aspiration in Rett syndrome.","New deterioration, organ dysfunction, or symptoms compatible with aspiration require reassessment.","Use the linked Rett syndrome stabilization, monitoring, prevention, and rehabilitation pathway.",Recognize and immediately manage aspiration while escalating to the relevant specialty pathway.,Step 1; Step 2 CK; Step 3,Neurology; Internal Medicine; Pediatrics; Emergency Medicine,partially_source_supported
DCP-NEUR-A989D2CF8AAE,DIS-NEUR-155,COM-NEUR-B2DFA2B49A99,"acute, delayed, or chronic according to the linked disease course",clinically important,variable,false,"Severity, delayed recognition, and disease-specific physiology increase risk of seizures in Hepatic encephalopathy.","New deterioration, organ dysfunction, or symptoms compatible with seizures require reassessment.","Use the linked Hepatic encephalopathy stabilization, monitoring, prevention, and rehabilitation pathway.",Recognize and immediately manage seizures while escalating to the relevant specialty pathway.,Step 1; Step 2 CK; Step 3,Neurology; Internal Medicine; Pediatrics; Emergency Medicine,partially_source_supported
DCP-NEUR-CBD4759743BE,DIS-NEUR-155,COM-COV-013,"acute, delayed, or chronic according to the linked disease course",clinically important,variable,false,"Severity, delayed recognition, and disease-specific physiology increase risk of hydrocephalus in Hepatic encephalopathy.","New deterioration, organ dysfunction, or symptoms compatible with hydrocephalus require reassessment.","Use the linked Hepatic encephalopathy stabilization, monitoring, prevention, and rehabilitation pathway.",Recognize and immediately manage hydrocephalus while escalating to the relevant specialty pathway.,Step 1; Step 2 CK; Step 3,Neurology; Internal Medicine; Pediatrics; Emergency Medicine,partially_source_supported
DCP-NEUR-366A99220F2F,DIS-NEUR-156,COM-NEUR-B2DFA2B49A99,"acute, delayed, or chronic according to the linked disease course",clinically important,variable,false,"Severity, delayed recognition, and disease-specific physiology increase risk of seizures in Hyponatremic encephalopathy.","New deterioration, organ dysfunction, or symptoms compatible with seizures require reassessment.","Use the linked Hyponatremic encephalopathy stabilization, monitoring, prevention, and rehabilitation pathway.",Recognize and immediately manage seizures while escalating to the relevant specialty pathway.,Step 1; Step 2 CK; Step 3,Neurology; Internal Medicine; Pediatrics; Emergency Medicine,partially_source_supported
DCP-NEUR-C6D41FB2BB00,DIS-NEUR-156,COM-COV-013,"acute, delayed, or chronic according to the linked disease course",clinically important,variable,false,"Severity, delayed recognition, and disease-specific physiology increase risk of hydrocephalus in Hyponatremic encephalopathy.","New deterioration, organ dysfunction, or symptoms compatible with hydrocephalus require reassessment.","Use the linked Hyponatremic encephalopathy stabilization, monitoring, prevention, and rehabilitation pathway.",Recognize and immediately manage hydrocephalus while escalating to the relevant specialty pathway.,Step 1; Step 2 CK; Step 3,Neurology; Internal Medicine; Pediatrics; Emergency Medicine,partially_source_supported
DCP-NEUR-099E510B2649,DIS-NEUR-157,COM-NEUR-29B382B9E8A2,"acute, delayed, or chronic according to the linked disease course",clinically important,variable,false,"Severity, delayed recognition, and disease-specific physiology increase risk of falls in Carbon monoxide poisoning.","New deterioration, organ dysfunction, or symptoms compatible with falls require reassessment.","Use the linked Carbon monoxide poisoning stabilization, monitoring, prevention, and rehabilitation pathway.",Recognize and immediately manage falls while escalating to the relevant specialty pathway.,Step 1; Step 2 CK; Step 3,Neurology; Internal Medicine; Pediatrics; Emergency Medicine,partially_source_supported
DCP-NEUR-E3839B671359,DIS-NEUR-157,COM-NEUR-ASPIRATION,"acute, delayed, or chronic according to the linked disease course",clinically important,variable,false,"Severity, delayed recognition, and disease-specific physiology increase risk of aspiration in Carbon monoxide poisoning.","New deterioration, organ dysfunction, or symptoms compatible with aspiration require reassessment.","Use the linked Carbon monoxide poisoning stabilization, monitoring, prevention, and rehabilitation pathway.",Recognize and immediately manage aspiration while escalating to the relevant specialty pathway.,Step 1; Step 2 CK; Step 3,Neurology; Internal Medicine; Pediatrics; Emergency Medicine,partially_source_supported
DCP-NEUR-8E761D7E3B73,DIS-NEUR-158,COM-NEUR-NEUROGENICBLADDER,"acute, delayed, or chronic according to the linked disease course",clinically important,variable,false,"Severity, delayed recognition, and disease-specific physiology increase risk of neurogenic bladder in Osmotic demyelination syndrome.","New deterioration, organ dysfunction, or symptoms compatible with neurogenic bladder require reassessment.","Use the linked Osmotic demyelination syndrome stabilization, monitoring, prevention, and rehabilitation pathway.",Recognize and immediately manage neurogenic bladder while escalating to the relevant specialty pathway.,Step 1; Step 2 CK; Step 3,Neurology; Internal Medicine; Pediatrics; Emergency Medicine,partially_source_supported
DCP-NEUR-6DB4A258CDCF,DIS-NEUR-158,COM-NEUR-SPASTICITY,"acute, delayed, or chronic according to the linked disease course",clinically important,variable,false,"Severity, delayed recognition, and disease-specific physiology increase risk of spasticity in Osmotic demyelination syndrome.","New deterioration, organ dysfunction, or symptoms compatible with spasticity require reassessment.","Use the linked Osmotic demyelination syndrome stabilization, monitoring, prevention, and rehabilitation pathway.",Recognize and immediately manage spasticity while escalating to the relevant specialty pathway.,Step 1; Step 2 CK; Step 3,Neurology; Internal Medicine; Pediatrics; Emergency Medicine,partially_source_supported
DCP-NEUR-A6A915192072,DIS-P-0023,COM-NEUR-29B382B9E8A2,"acute, delayed, or chronic according to the linked disease course",clinically important,variable,false,"Severity, delayed recognition, and disease-specific physiology increase risk of falls in Obstructive sleep apnea.","New deterioration, organ dysfunction, or symptoms compatible with falls require reassessment.","Use the linked Obstructive sleep apnea stabilization, monitoring, prevention, and rehabilitation pathway.",Recognize and immediately manage falls while escalating to the relevant specialty pathway.,Step 1; Step 2 CK; Step 3,Neurology; Internal Medicine; Pediatrics; Emergency Medicine,partially_source_supported
DCP-NEUR-2EAF60D82B6E,DIS-P-0023,COM-NEUR-ASPIRATION,"acute, delayed, or chronic according to the linked disease course",clinically important,variable,false,"Severity, delayed recognition, and disease-specific physiology increase risk of aspiration in Obstructive sleep apnea.","New deterioration, organ dysfunction, or symptoms compatible with aspiration require reassessment.","Use the linked Obstructive sleep apnea stabilization, monitoring, prevention, and rehabilitation pathway.",Recognize and immediately manage aspiration while escalating to the relevant specialty pathway.,Step 1; Step 2 CK; Step 3,Neurology; Internal Medicine; Pediatrics; Emergency Medicine,partially_source_supported
DCP-NEUR-4FB060C9F16E,DIS-NEUR-160,COM-NEUR-29B382B9E8A2,"acute, delayed, or chronic according to the linked disease course",clinically important,variable,false,"Severity, delayed recognition, and disease-specific physiology increase risk of falls in Narcolepsy.","New deterioration, organ dysfunction, or symptoms compatible with falls require reassessment.","Use the linked Narcolepsy stabilization, monitoring, prevention, and rehabilitation pathway.",Recognize and immediately manage falls while escalating to the relevant specialty pathway.,Step 1; Step 2 CK; Step 3,Neurology; Internal Medicine; Pediatrics; Emergency Medicine,partially_source_supported
DCP-NEUR-D05FA6F84D93,DIS-NEUR-160,COM-NEUR-ASPIRATION,"acute, delayed, or chronic according to the linked disease course",clinically important,variable,false,"Severity, delayed recognition, and disease-specific physiology increase risk of aspiration in Narcolepsy.","New deterioration, organ dysfunction, or symptoms compatible with aspiration require reassessment.","Use the linked Narcolepsy stabilization, monitoring, prevention, and rehabilitation pathway.",Recognize and immediately manage aspiration while escalating to the relevant specialty pathway.,Step 1; Step 2 CK; Step 3,Neurology; Internal Medicine; Pediatrics; Emergency Medicine,partially_source_supported
DCP-NEUR-FA0D291F7C13,DIS-NEUR-161,COM-NEUR-29B382B9E8A2,"acute, delayed, or chronic according to the linked disease course",clinically important,variable,false,"Severity, delayed recognition, and disease-specific physiology increase risk of falls in REM sleep behavior disorder.","New deterioration, organ dysfunction, or symptoms compatible with falls require reassessment.","Use the linked REM sleep behavior disorder stabilization, monitoring, prevention, and rehabilitation pathway.",Recognize and immediately manage falls while escalating to the relevant specialty pathway.,Step 1; Step 2 CK; Step 3,Neurology; Internal Medicine; Pediatrics; Emergency Medicine,partially_source_supported
DCP-NEUR-3488AAD686F9,DIS-NEUR-161,COM-NEUR-ASPIRATION,"acute, delayed, or chronic according to the linked disease course",clinically important,variable,false,"Severity, delayed recognition, and disease-specific physiology increase risk of aspiration in REM sleep behavior disorder.","New deterioration, organ dysfunction, or symptoms compatible with aspiration require reassessment.","Use the linked REM sleep behavior disorder stabilization, monitoring, prevention, and rehabilitation pathway.",Recognize and immediately manage aspiration while escalating to the relevant specialty pathway.,Step 1; Step 2 CK; Step 3,Neurology; Internal Medicine; Pediatrics; Emergency Medicine,partially_source_supported
DCP-NEUR-737555BD111F,DIS-NEUR-162,COM-NEUR-29B382B9E8A2,"acute, delayed, or chronic according to the linked disease course",clinically important,variable,false,"Severity, delayed recognition, and disease-specific physiology increase risk of falls in Restless legs syndrome.","New deterioration, organ dysfunction, or symptoms compatible with falls require reassessment.","Use the linked Restless legs syndrome stabilization, monitoring, prevention, and rehabilitation pathway.",Recognize and immediately manage falls while escalating to the relevant specialty pathway.,Step 1; Step 2 CK; Step 3,Neurology; Internal Medicine; Pediatrics; Emergency Medicine,partially_source_supported
DCP-NEUR-474948C6F8A9,DIS-NEUR-162,COM-NEUR-ASPIRATION,"acute, delayed, or chronic according to the linked disease course",clinically important,variable,false,"Severity, delayed recognition, and disease-specific physiology increase risk of aspiration in Restless legs syndrome.","New deterioration, organ dysfunction, or symptoms compatible with aspiration require reassessment.","Use the linked Restless legs syndrome stabilization, monitoring, prevention, and rehabilitation pathway.",Recognize and immediately manage aspiration while escalating to the relevant specialty pathway.,Step 1; Step 2 CK; Step 3,Neurology; Internal Medicine; Pediatrics; Emergency Medicine,partially_source_supported
DCP-NEUR-A5A1CC180C9B,DIS-NEUR-MEDICATIONOVERUSEHEA,COM-NEUR-7EAAA858B9CF,"acute, delayed, or chronic according to the linked disease course",clinically important,variable,false,"Severity, delayed recognition, and disease-specific physiology increase risk of medication-overuse headache in Medication-overuse headache.","New deterioration, organ dysfunction, or symptoms compatible with medication-overuse headache require reassessment.","Use the linked Medication-overuse headache stabilization, monitoring, prevention, and rehabilitation pathway.",Recognize and immediately manage medication-overuse headache while escalating to the relevant specialty pathway.,Step 1; Step 2 CK; Step 3,Neurology; Internal Medicine; Pediatrics; Emergency Medicine,partially_source_supported
DCP-NEUR-C62E3117B954,DIS-NEUR-MEDICATIONOVERUSEHEA,COM-NEUR-8E7438F147E4,"acute, delayed, or chronic according to the linked disease course",clinically important,variable,false,"Severity, delayed recognition, and disease-specific physiology increase risk of visual loss in Medication-overuse headache.","New deterioration, organ dysfunction, or symptoms compatible with visual loss require reassessment.","Use the linked Medication-overuse headache stabilization, monitoring, prevention, and rehabilitation pathway.",Recognize and immediately manage visual loss while escalating to the relevant specialty pathway.,Step 1; Step 2 CK; Step 3,Neurology; Internal Medicine; Pediatrics; Emergency Medicine,partially_source_supported
DCP-NEUR-056E62661F35,DIS-NEUR-TENSIONTYPEHEADACHE,COM-NEUR-7EAAA858B9CF,"acute, delayed, or chronic according to the linked disease course",clinically important,variable,false,"Severity, delayed recognition, and disease-specific physiology increase risk of medication-overuse headache in Tension-type headache.","New deterioration, organ dysfunction, or symptoms compatible with medication-overuse headache require reassessment.","Use the linked Tension-type headache stabilization, monitoring, prevention, and rehabilitation pathway.",Recognize and immediately manage medication-overuse headache while escalating to the relevant specialty pathway.,Step 1; Step 2 CK; Step 3,Neurology; Internal Medicine; Pediatrics; Emergency Medicine,partially_source_supported
DCP-NEUR-89D643084EC7,DIS-NEUR-TENSIONTYPEHEADACHE,COM-NEUR-8E7438F147E4,"acute, delayed, or chronic according to the linked disease course",clinically important,variable,false,"Severity, delayed recognition, and disease-specific physiology increase risk of visual loss in Tension-type headache.","New deterioration, organ dysfunction, or symptoms compatible with visual loss require reassessment.","Use the linked Tension-type headache stabilization, monitoring, prevention, and rehabilitation pathway.",Recognize and immediately manage visual loss while escalating to the relevant specialty pathway.,Step 1; Step 2 CK; Step 3,Neurology; Internal Medicine; Pediatrics; Emergency Medicine,partially_source_supported
DCP-NEUR-7398E558B1DF,DIS-NEUR-VESTIBULARMIGRAINE,COM-NEUR-7EAAA858B9CF,"acute, delayed, or chronic according to the linked disease course",clinically important,variable,false,"Severity, delayed recognition, and disease-specific physiology increase risk of medication-overuse headache in Vestibular migraine.","New deterioration, organ dysfunction, or symptoms compatible with medication-overuse headache require reassessment.","Use the linked Vestibular migraine stabilization, monitoring, prevention, and rehabilitation pathway.",Recognize and immediately manage medication-overuse headache while escalating to the relevant specialty pathway.,Step 1; Step 2 CK; Step 3,Neurology; Internal Medicine; Pediatrics; Emergency Medicine,partially_source_supported
DCP-NEUR-EF44720F5EE7,DIS-NEUR-VESTIBULARMIGRAINE,COM-NEUR-8E7438F147E4,"acute, delayed, or chronic according to the linked disease course",clinically important,variable,false,"Severity, delayed recognition, and disease-specific physiology increase risk of visual loss in Vestibular migraine.","New deterioration, organ dysfunction, or symptoms compatible with visual loss require reassessment.","Use the linked Vestibular migraine stabilization, monitoring, prevention, and rehabilitation pathway.",Recognize and immediately manage visual loss while escalating to the relevant specialty pathway.,Step 1; Step 2 CK; Step 3,Neurology; Internal Medicine; Pediatrics; Emergency Medicine,partially_source_supported
DCP-NEUR-5C4D5BF7AC0C,DIS-NEUR-CHRONICMIGRAINE,COM-NEUR-7EAAA858B9CF,"acute, delayed, or chronic according to the linked disease course",clinically important,variable,false,"Severity, delayed recognition, and disease-specific physiology increase risk of medication-overuse headache in Chronic migraine.","New deterioration, organ dysfunction, or symptoms compatible with medication-overuse headache require reassessment.","Use the linked Chronic migraine stabilization, monitoring, prevention, and rehabilitation pathway.",Recognize and immediately manage medication-overuse headache while escalating to the relevant specialty pathway.,Step 1; Step 2 CK; Step 3,Neurology; Internal Medicine; Pediatrics; Emergency Medicine,partially_source_supported
DCP-NEUR-F5272777C533,DIS-NEUR-CHRONICMIGRAINE,COM-NEUR-8E7438F147E4,"acute, delayed, or chronic according to the linked disease course",clinically important,variable,false,"Severity, delayed recognition, and disease-specific physiology increase risk of visual loss in Chronic migraine.","New deterioration, organ dysfunction, or symptoms compatible with visual loss require reassessment.","Use the linked Chronic migraine stabilization, monitoring, prevention, and rehabilitation pathway.",Recognize and immediately manage visual loss while escalating to the relevant specialty pathway.,Step 1; Step 2 CK; Step 3,Neurology; Internal Medicine; Pediatrics; Emergency Medicine,partially_source_supported
DCP-NEUR-68B89F3C3D6C,DIS-NEUR-OCCIPITALNEURALGIA,COM-NEUR-7EAAA858B9CF,"acute, delayed, or chronic according to the linked disease course",clinically important,variable,false,"Severity, delayed recognition, and disease-specific physiology increase risk of medication-overuse headache in Occipital neuralgia.","New deterioration, organ dysfunction, or symptoms compatible with medication-overuse headache require reassessment.","Use the linked Occipital neuralgia stabilization, monitoring, prevention, and rehabilitation pathway.",Recognize and immediately manage medication-overuse headache while escalating to the relevant specialty pathway.,Step 1; Step 2 CK; Step 3,Neurology; Internal Medicine; Pediatrics; Emergency Medicine,partially_source_supported
DCP-NEUR-22C00D06F35C,DIS-NEUR-OCCIPITALNEURALGIA,COM-NEUR-8E7438F147E4,"acute, delayed, or chronic according to the linked disease course",clinically important,variable,false,"Severity, delayed recognition, and disease-specific physiology increase risk of visual loss in Occipital neuralgia.","New deterioration, organ dysfunction, or symptoms compatible with visual loss require reassessment.","Use the linked Occipital neuralgia stabilization, monitoring, prevention, and rehabilitation pathway.",Recognize and immediately manage visual loss while escalating to the relevant specialty pathway.,Step 1; Step 2 CK; Step 3,Neurology; Internal Medicine; Pediatrics; Emergency Medicine,partially_source_supported
DCP-NEUR-9D89A9EDF835,DIS-NEUR-GLOSSOPHARYNGEALNEUR,COM-NEUR-7EAAA858B9CF,"acute, delayed, or chronic according to the linked disease course",clinically important,variable,false,"Severity, delayed recognition, and disease-specific physiology increase risk of medication-overuse headache in Glossopharyngeal neuralgia.","New deterioration, organ dysfunction, or symptoms compatible with medication-overuse headache require reassessment.","Use the linked Glossopharyngeal neuralgia stabilization, monitoring, prevention, and rehabilitation pathway.",Recognize and immediately manage medication-overuse headache while escalating to the relevant specialty pathway.,Step 1; Step 2 CK; Step 3,Neurology; Internal Medicine; Pediatrics; Emergency Medicine,partially_source_supported
DCP-NEUR-EB3C57EF9261,DIS-NEUR-GLOSSOPHARYNGEALNEUR,COM-NEUR-8E7438F147E4,"acute, delayed, or chronic according to the linked disease course",clinically important,variable,false,"Severity, delayed recognition, and disease-specific physiology increase risk of visual loss in Glossopharyngeal neuralgia.","New deterioration, organ dysfunction, or symptoms compatible with visual loss require reassessment.","Use the linked Glossopharyngeal neuralgia stabilization, monitoring, prevention, and rehabilitation pathway.",Recognize and immediately manage visual loss while escalating to the relevant specialty pathway.,Step 1; Step 2 CK; Step 3,Neurology; Internal Medicine; Pediatrics; Emergency Medicine,partially_source_supported
DCP-NEUR-F82AC402456D,DIS-NEUR-NEUROBORRELIOSIS,COM-NEUR-29B382B9E8A2,"acute, delayed, or chronic according to the linked disease course",clinically important,variable,false,"Severity, delayed recognition, and disease-specific physiology increase risk of falls in Neuroborreliosis.","New deterioration, organ dysfunction, or symptoms compatible with falls require reassessment.","Use the linked Neuroborreliosis stabilization, monitoring, prevention, and rehabilitation pathway.",Recognize and immediately manage falls while escalating to the relevant specialty pathway.,Step 1; Step 2 CK; Step 3,Neurology; Internal Medicine; Pediatrics; Emergency Medicine,partially_source_supported
DCP-NEUR-B19CCDFB2902,DIS-NEUR-NEUROBORRELIOSIS,COM-NEUR-ASPIRATION,"acute, delayed, or chronic according to the linked disease course",clinically important,variable,false,"Severity, delayed recognition, and disease-specific physiology increase risk of aspiration in Neuroborreliosis.","New deterioration, organ dysfunction, or symptoms compatible with aspiration require reassessment.","Use the linked Neuroborreliosis stabilization, monitoring, prevention, and rehabilitation pathway.",Recognize and immediately manage aspiration while escalating to the relevant specialty pathway.,Step 1; Step 2 CK; Step 3,Neurology; Internal Medicine; Pediatrics; Emergency Medicine,partially_source_supported
DCP-NEUR-1C202FD8190F,DIS-NEUR-RABIESENCEPHALITIS,COM-NEUR-B2DFA2B49A99,"acute, delayed, or chronic according to the linked disease course",clinically important,variable,false,"Severity, delayed recognition, and disease-specific physiology increase risk of seizures in Rabies encephalitis.","New deterioration, organ dysfunction, or symptoms compatible with seizures require reassessment.","Use the linked Rabies encephalitis stabilization, monitoring, prevention, and rehabilitation pathway.",Recognize and immediately manage seizures while escalating to the relevant specialty pathway.,Step 1; Step 2 CK; Step 3,Neurology; Internal Medicine; Pediatrics; Emergency Medicine,partially_source_supported
DCP-NEUR-E2B8861BA3B9,DIS-NEUR-RABIESENCEPHALITIS,COM-COV-013,"acute, delayed, or chronic according to the linked disease course",clinically important,variable,false,"Severity, delayed recognition, and disease-specific physiology increase risk of hydrocephalus in Rabies encephalitis.","New deterioration, organ dysfunction, or symptoms compatible with hydrocephalus require reassessment.","Use the linked Rabies encephalitis stabilization, monitoring, prevention, and rehabilitation pathway.",Recognize and immediately manage hydrocephalus while escalating to the relevant specialty pathway.,Step 1; Step 2 CK; Step 3,Neurology; Internal Medicine; Pediatrics; Emergency Medicine,partially_source_supported
DCP-NEUR-4C1873F7FA57,DIS-NEUR-ACUTEFLACCIDMYELITIS,COM-NEUR-NEUROGENICBLADDER,"acute, delayed, or chronic according to the linked disease course",clinically important,variable,false,"Severity, delayed recognition, and disease-specific physiology increase risk of neurogenic bladder in Acute flaccid myelitis.","New deterioration, organ dysfunction, or symptoms compatible with neurogenic bladder require reassessment.","Use the linked Acute flaccid myelitis stabilization, monitoring, prevention, and rehabilitation pathway.",Recognize and immediately manage neurogenic bladder while escalating to the relevant specialty pathway.,Step 1; Step 2 CK; Step 3,Neurology; Internal Medicine; Pediatrics; Emergency Medicine,partially_source_supported
DCP-NEUR-1AEBE0F65047,DIS-NEUR-ACUTEFLACCIDMYELITIS,COM-NEUR-SPASTICITY,"acute, delayed, or chronic according to the linked disease course",clinically important,variable,false,"Severity, delayed recognition, and disease-specific physiology increase risk of spasticity in Acute flaccid myelitis.","New deterioration, organ dysfunction, or symptoms compatible with spasticity require reassessment.","Use the linked Acute flaccid myelitis stabilization, monitoring, prevention, and rehabilitation pathway.",Recognize and immediately manage spasticity while escalating to the relevant specialty pathway.,Step 1; Step 2 CK; Step 3,Neurology; Internal Medicine; Pediatrics; Emergency Medicine,partially_source_supported
DCP-NEUR-480E178CA885,DIS-NEUR-FACIOSCAPULOHUMERALM,COM-NEUR-RESPIRATORYFAILURE,"acute, delayed, or chronic according to the linked disease course",clinically important,variable,false,"Severity, delayed recognition, and disease-specific physiology increase risk of respiratory failure in Facioscapulohumeral muscular dystrophy.","New deterioration, organ dysfunction, or symptoms compatible with respiratory failure require reassessment.","Use the linked Facioscapulohumeral muscular dystrophy stabilization, monitoring, prevention, and rehabilitation pathway.",Recognize and immediately manage respiratory failure while escalating to the relevant specialty pathway.,Step 1; Step 2 CK; Step 3,Neurology; Internal Medicine; Pediatrics; Emergency Medicine,partially_source_supported
DCP-NEUR-10E415D4342C,DIS-NEUR-FACIOSCAPULOHUMERALM,COM-NEUR-DYSAUTONOMIA,"acute, delayed, or chronic according to the linked disease course",clinically important,variable,false,"Severity, delayed recognition, and disease-specific physiology increase risk of dysautonomia in Facioscapulohumeral muscular dystrophy.","New deterioration, organ dysfunction, or symptoms compatible with dysautonomia require reassessment.","Use the linked Facioscapulohumeral muscular dystrophy stabilization, monitoring, prevention, and rehabilitation pathway.",Recognize and immediately manage dysautonomia while escalating to the relevant specialty pathway.,Step 1; Step 2 CK; Step 3,Neurology; Internal Medicine; Pediatrics; Emergency Medicine,partially_source_supported
DCP-NEUR-6F59BC47C8F5,DIS-NEUR-MYOTONICDYSTROPHY,COM-NEUR-29B382B9E8A2,"acute, delayed, or chronic according to the linked disease course",clinically important,variable,false,"Severity, delayed recognition, and disease-specific physiology increase risk of falls in Myotonic dystrophy.","New deterioration, organ dysfunction, or symptoms compatible with falls require reassessment.","Use the linked Myotonic dystrophy stabilization, monitoring, prevention, and rehabilitation pathway.",Recognize and immediately manage falls while escalating to the relevant specialty pathway.,Step 1; Step 2 CK; Step 3,Neurology; Internal Medicine; Pediatrics; Emergency Medicine,partially_source_supported
DCP-NEUR-B7F42B7F6522,DIS-NEUR-MYOTONICDYSTROPHY,COM-NEUR-ASPIRATION,"acute, delayed, or chronic according to the linked disease course",clinically important,variable,false,"Severity, delayed recognition, and disease-specific physiology increase risk of aspiration in Myotonic dystrophy.","New deterioration, organ dysfunction, or symptoms compatible with aspiration require reassessment.","Use the linked Myotonic dystrophy stabilization, monitoring, prevention, and rehabilitation pathway.",Recognize and immediately manage aspiration while escalating to the relevant specialty pathway.,Step 1; Step 2 CK; Step 3,Neurology; Internal Medicine; Pediatrics; Emergency Medicine,partially_source_supported
DCP-NEUR-ADFE62E977F8,DIS-NEUR-MCARDLEDISEASE,COM-NEUR-RESPIRATORYFAILURE,"acute, delayed, or chronic according to the linked disease course",clinically important,variable,false,"Severity, delayed recognition, and disease-specific physiology increase risk of respiratory failure in McArdle disease.","New deterioration, organ dysfunction, or symptoms compatible with respiratory failure require reassessment.","Use the linked McArdle disease stabilization, monitoring, prevention, and rehabilitation pathway.",Recognize and immediately manage respiratory failure while escalating to the relevant specialty pathway.,Step 1; Step 2 CK; Step 3,Neurology; Internal Medicine; Pediatrics; Emergency Medicine,partially_source_supported
DCP-NEUR-60140A7CCF23,DIS-NEUR-MCARDLEDISEASE,COM-NEUR-DYSAUTONOMIA,"acute, delayed, or chronic according to the linked disease course",clinically important,variable,false,"Severity, delayed recognition, and disease-specific physiology increase risk of dysautonomia in McArdle disease.","New deterioration, organ dysfunction, or symptoms compatible with dysautonomia require reassessment.","Use the linked McArdle disease stabilization, monitoring, prevention, and rehabilitation pathway.",Recognize and immediately manage dysautonomia while escalating to the relevant specialty pathway.,Step 1; Step 2 CK; Step 3,Neurology; Internal Medicine; Pediatrics; Emergency Medicine,partially_source_supported
DCP-NEUR-F9AC3A42929F,DIS-NEUR-POMPEDISEASE,COM-NEUR-RESPIRATORYFAILURE,"acute, delayed, or chronic according to the linked disease course",clinically important,variable,false,"Severity, delayed recognition, and disease-specific physiology increase risk of respiratory failure in Pompe disease.","New deterioration, organ dysfunction, or symptoms compatible with respiratory failure require reassessment.","Use the linked Pompe disease stabilization, monitoring, prevention, and rehabilitation pathway.",Recognize and immediately manage respiratory failure while escalating to the relevant specialty pathway.,Step 1; Step 2 CK; Step 3,Neurology; Internal Medicine; Pediatrics; Emergency Medicine,partially_source_supported
DCP-NEUR-2B929202735A,DIS-NEUR-POMPEDISEASE,COM-NEUR-DYSAUTONOMIA,"acute, delayed, or chronic according to the linked disease course",clinically important,variable,false,"Severity, delayed recognition, and disease-specific physiology increase risk of dysautonomia in Pompe disease.","New deterioration, organ dysfunction, or symptoms compatible with dysautonomia require reassessment.","Use the linked Pompe disease stabilization, monitoring, prevention, and rehabilitation pathway.",Recognize and immediately manage dysautonomia while escalating to the relevant specialty pathway.,Step 1; Step 2 CK; Step 3,Neurology; Internal Medicine; Pediatrics; Emergency Medicine,partially_source_supported
DCP-NEUR-2ACADF12BBC1,DIS-NEUR-SMALLFIBERNEUROPATHY,COM-NEUR-29B382B9E8A2,"acute, delayed, or chronic according to the linked disease course",clinically important,variable,false,"Severity, delayed recognition, and disease-specific physiology increase risk of falls in Small-fiber neuropathy.","New deterioration, organ dysfunction, or symptoms compatible with falls require reassessment.","Use the linked Small-fiber neuropathy stabilization, monitoring, prevention, and rehabilitation pathway.",Recognize and immediately manage falls while escalating to the relevant specialty pathway.,Step 1; Step 2 CK; Step 3,Neurology; Internal Medicine; Pediatrics; Emergency Medicine,partially_source_supported
DCP-NEUR-A946F4A58B33,DIS-NEUR-SMALLFIBERNEUROPATHY,COM-NEUR-6BA96DC8635E,"acute, delayed, or chronic according to the linked disease course",clinically important,variable,false,"Severity, delayed recognition, and disease-specific physiology increase risk of neuropathic pain in Small-fiber neuropathy.","New deterioration, organ dysfunction, or symptoms compatible with neuropathic pain require reassessment.","Use the linked Small-fiber neuropathy stabilization, monitoring, prevention, and rehabilitation pathway.",Recognize and immediately manage neuropathic pain while escalating to the relevant specialty pathway.,Step 1; Step 2 CK; Step 3,Neurology; Internal Medicine; Pediatrics; Emergency Medicine,partially_source_supported
DCP-NEUR-B288E5FB20F5,DIS-NEUR-MONONEURITISMULTIPLE,COM-NEUR-29B382B9E8A2,"acute, delayed, or chronic according to the linked disease course",clinically important,variable,false,"Severity, delayed recognition, and disease-specific physiology increase risk of falls in Mononeuritis multiplex.","New deterioration, organ dysfunction, or symptoms compatible with falls require reassessment.","Use the linked Mononeuritis multiplex stabilization, monitoring, prevention, and rehabilitation pathway.",Recognize and immediately manage falls while escalating to the relevant specialty pathway.,Step 1; Step 2 CK; Step 3,Neurology; Internal Medicine; Pediatrics; Emergency Medicine,partially_source_supported
DCP-NEUR-3383B5CE6F83,DIS-NEUR-MONONEURITISMULTIPLE,COM-NEUR-ASPIRATION,"acute, delayed, or chronic according to the linked disease course",clinically important,variable,false,"Severity, delayed recognition, and disease-specific physiology increase risk of aspiration in Mononeuritis multiplex.","New deterioration, organ dysfunction, or symptoms compatible with aspiration require reassessment.","Use the linked Mononeuritis multiplex stabilization, monitoring, prevention, and rehabilitation pathway.",Recognize and immediately manage aspiration while escalating to the relevant specialty pathway.,Step 1; Step 2 CK; Step 3,Neurology; Internal Medicine; Pediatrics; Emergency Medicine,partially_source_supported
DCP-NEUR-750562677279,DIS-NEUR-TABESDORSALIS,COM-NEUR-29B382B9E8A2,"acute, delayed, or chronic according to the linked disease course",clinically important,variable,false,"Severity, delayed recognition, and disease-specific physiology increase risk of falls in Tabes dorsalis.","New deterioration, organ dysfunction, or symptoms compatible with falls require reassessment.","Use the linked Tabes dorsalis stabilization, monitoring, prevention, and rehabilitation pathway.",Recognize and immediately manage falls while escalating to the relevant specialty pathway.,Step 1; Step 2 CK; Step 3,Neurology; Internal Medicine; Pediatrics; Emergency Medicine,partially_source_supported
DCP-NEUR-823535B61042,DIS-NEUR-TABESDORSALIS,COM-NEUR-ASPIRATION,"acute, delayed, or chronic according to the linked disease course",clinically important,variable,false,"Severity, delayed recognition, and disease-specific physiology increase risk of aspiration in Tabes dorsalis.","New deterioration, organ dysfunction, or symptoms compatible with aspiration require reassessment.","Use the linked Tabes dorsalis stabilization, monitoring, prevention, and rehabilitation pathway.",Recognize and immediately manage aspiration while escalating to the relevant specialty pathway.,Step 1; Step 2 CK; Step 3,Neurology; Internal Medicine; Pediatrics; Emergency Medicine,partially_source_supported
DCP-NEUR-0BE9ABF5C7CC,DIS-NEUR-CENTRALCORDSYNDROME,COM-NEUR-7219A304E6FD,"acute, delayed, or chronic according to the linked disease course",clinically important,variable,false,"Severity, delayed recognition, and disease-specific physiology increase risk of permanent weakness or paralysis in Central cord syndrome.","New deterioration, organ dysfunction, or symptoms compatible with permanent weakness or paralysis require reassessment.","Use the linked Central cord syndrome stabilization, monitoring, prevention, and rehabilitation pathway.",Recognize and immediately manage permanent weakness or paralysis while escalating to the relevant specialty pathway.,Step 1; Step 2 CK; Step 3,Neurology; Internal Medicine; Pediatrics; Emergency Medicine,partially_source_supported
DCP-NEUR-67B558E4D46B,DIS-NEUR-CENTRALCORDSYNDROME,COM-NEUR-NEUROGENICBLADDER,"acute, delayed, or chronic according to the linked disease course",clinically important,variable,false,"Severity, delayed recognition, and disease-specific physiology increase risk of neurogenic bladder in Central cord syndrome.","New deterioration, organ dysfunction, or symptoms compatible with neurogenic bladder require reassessment.","Use the linked Central cord syndrome stabilization, monitoring, prevention, and rehabilitation pathway.",Recognize and immediately manage neurogenic bladder while escalating to the relevant specialty pathway.,Step 1; Step 2 CK; Step 3,Neurology; Internal Medicine; Pediatrics; Emergency Medicine,partially_source_supported
DCP-NEUR-9FFB223A5D12,DIS-NEUR-POSTERIORCORDSYNDROM,COM-NEUR-7219A304E6FD,"acute, delayed, or chronic according to the linked disease course",clinically important,variable,false,"Severity, delayed recognition, and disease-specific physiology increase risk of permanent weakness or paralysis in Posterior cord syndrome.","New deterioration, organ dysfunction, or symptoms compatible with permanent weakness or paralysis require reassessment.","Use the linked Posterior cord syndrome stabilization, monitoring, prevention, and rehabilitation pathway.",Recognize and immediately manage permanent weakness or paralysis while escalating to the relevant specialty pathway.,Step 1; Step 2 CK; Step 3,Neurology; Internal Medicine; Pediatrics; Emergency Medicine,partially_source_supported
DCP-NEUR-61C1BD481A2E,DIS-NEUR-POSTERIORCORDSYNDROM,COM-NEUR-NEUROGENICBLADDER,"acute, delayed, or chronic according to the linked disease course",clinically important,variable,false,"Severity, delayed recognition, and disease-specific physiology increase risk of neurogenic bladder in Posterior cord syndrome.","New deterioration, organ dysfunction, or symptoms compatible with neurogenic bladder require reassessment.","Use the linked Posterior cord syndrome stabilization, monitoring, prevention, and rehabilitation pathway.",Recognize and immediately manage neurogenic bladder while escalating to the relevant specialty pathway.,Step 1; Step 2 CK; Step 3,Neurology; Internal Medicine; Pediatrics; Emergency Medicine,partially_source_supported
DCP-NEUR-E62A57744A6F,DIS-NEUR-DIFFUSEASTROCYTOMA,COM-NEUR-29B382B9E8A2,"acute, delayed, or chronic according to the linked disease course",clinically important,variable,false,"Severity, delayed recognition, and disease-specific physiology increase risk of falls in Diffuse astrocytoma.","New deterioration, organ dysfunction, or symptoms compatible with falls require reassessment.","Use the linked Diffuse astrocytoma stabilization, monitoring, prevention, and rehabilitation pathway.",Recognize and immediately manage falls while escalating to the relevant specialty pathway.,Step 1; Step 2 CK; Step 3,Neurology; Internal Medicine; Pediatrics; Emergency Medicine,partially_source_supported
DCP-NEUR-1238A30973FB,DIS-NEUR-DIFFUSEASTROCYTOMA,COM-NEUR-ASPIRATION,"acute, delayed, or chronic according to the linked disease course",clinically important,variable,false,"Severity, delayed recognition, and disease-specific physiology increase risk of aspiration in Diffuse astrocytoma.","New deterioration, organ dysfunction, or symptoms compatible with aspiration require reassessment.","Use the linked Diffuse astrocytoma stabilization, monitoring, prevention, and rehabilitation pathway.",Recognize and immediately manage aspiration while escalating to the relevant specialty pathway.,Step 1; Step 2 CK; Step 3,Neurology; Internal Medicine; Pediatrics; Emergency Medicine,partially_source_supported
DCP-NEUR-C88B302846E1,DIS-NEUR-EPENDYMOMA,COM-NEUR-29B382B9E8A2,"acute, delayed, or chronic according to the linked disease course",clinically important,variable,false,"Severity, delayed recognition, and disease-specific physiology increase risk of falls in Ependymoma.","New deterioration, organ dysfunction, or symptoms compatible with falls require reassessment.","Use the linked Ependymoma stabilization, monitoring, prevention, and rehabilitation pathway.",Recognize and immediately manage falls while escalating to the relevant specialty pathway.,Step 1; Step 2 CK; Step 3,Neurology; Internal Medicine; Pediatrics; Emergency Medicine,partially_source_supported
DCP-NEUR-C9B98F498355,DIS-NEUR-EPENDYMOMA,COM-NEUR-ASPIRATION,"acute, delayed, or chronic according to the linked disease course",clinically important,variable,false,"Severity, delayed recognition, and disease-specific physiology increase risk of aspiration in Ependymoma.","New deterioration, organ dysfunction, or symptoms compatible with aspiration require reassessment.","Use the linked Ependymoma stabilization, monitoring, prevention, and rehabilitation pathway.",Recognize and immediately manage aspiration while escalating to the relevant specialty pathway.,Step 1; Step 2 CK; Step 3,Neurology; Internal Medicine; Pediatrics; Emergency Medicine,partially_source_supported
DCP-NEUR-CA9A1110C570,DIS-NEUR-HEMANGIOBLASTOMA,COM-NEUR-29B382B9E8A2,"acute, delayed, or chronic according to the linked disease course",clinically important,variable,false,"Severity, delayed recognition, and disease-specific physiology increase risk of falls in Hemangioblastoma.","New deterioration, organ dysfunction, or symptoms compatible with falls require reassessment.","Use the linked Hemangioblastoma stabilization, monitoring, prevention, and rehabilitation pathway.",Recognize and immediately manage falls while escalating to the relevant specialty pathway.,Step 1; Step 2 CK; Step 3,Neurology; Internal Medicine; Pediatrics; Emergency Medicine,partially_source_supported
DCP-NEUR-58C64AC6A021,DIS-NEUR-HEMANGIOBLASTOMA,COM-NEUR-ASPIRATION,"acute, delayed, or chronic according to the linked disease course",clinically important,variable,false,"Severity, delayed recognition, and disease-specific physiology increase risk of aspiration in Hemangioblastoma.","New deterioration, organ dysfunction, or symptoms compatible with aspiration require reassessment.","Use the linked Hemangioblastoma stabilization, monitoring, prevention, and rehabilitation pathway.",Recognize and immediately manage aspiration while escalating to the relevant specialty pathway.,Step 1; Step 2 CK; Step 3,Neurology; Internal Medicine; Pediatrics; Emergency Medicine,partially_source_supported
DCP-NEUR-E0604D9FFF92,DIS-NEUR-CRANIOPHARYNGIOMA,COM-NEUR-29B382B9E8A2,"acute, delayed, or chronic according to the linked disease course",clinically important,variable,false,"Severity, delayed recognition, and disease-specific physiology increase risk of falls in Craniopharyngioma.","New deterioration, organ dysfunction, or symptoms compatible with falls require reassessment.","Use the linked Craniopharyngioma stabilization, monitoring, prevention, and rehabilitation pathway.",Recognize and immediately manage falls while escalating to the relevant specialty pathway.,Step 1; Step 2 CK; Step 3,Neurology; Internal Medicine; Pediatrics; Emergency Medicine,partially_source_supported
DCP-NEUR-FF847D757A5B,DIS-NEUR-CRANIOPHARYNGIOMA,COM-NEUR-ASPIRATION,"acute, delayed, or chronic according to the linked disease course",clinically important,variable,false,"Severity, delayed recognition, and disease-specific physiology increase risk of aspiration in Craniopharyngioma.","New deterioration, organ dysfunction, or symptoms compatible with aspiration require reassessment.","Use the linked Craniopharyngioma stabilization, monitoring, prevention, and rehabilitation pathway.",Recognize and immediately manage aspiration while escalating to the relevant specialty pathway.,Step 1; Step 2 CK; Step 3,Neurology; Internal Medicine; Pediatrics; Emergency Medicine,partially_source_supported
DCP-NEUR-8530DBC988E7,DIS-NEUR-CHIARIMALFORMATION,COM-NEUR-7E6473717F58,"acute, delayed, or chronic according to the linked disease course",clinically important,variable,false,"Severity, delayed recognition, and disease-specific physiology increase risk of developmental disability in Chiari malformation.","New deterioration, organ dysfunction, or symptoms compatible with developmental disability require reassessment.","Use the linked Chiari malformation stabilization, monitoring, prevention, and rehabilitation pathway.",Recognize and immediately manage developmental disability while escalating to the relevant specialty pathway.,Step 1; Step 2 CK; Step 3,Neurology; Internal Medicine; Pediatrics; Emergency Medicine,partially_source_supported
DCP-NEUR-20EDF7BBDB4F,DIS-NEUR-CHIARIMALFORMATION,COM-NEUR-ASPIRATION,"acute, delayed, or chronic according to the linked disease course",clinically important,variable,false,"Severity, delayed recognition, and disease-specific physiology increase risk of aspiration in Chiari malformation.","New deterioration, organ dysfunction, or symptoms compatible with aspiration require reassessment.","Use the linked Chiari malformation stabilization, monitoring, prevention, and rehabilitation pathway.",Recognize and immediately manage aspiration while escalating to the relevant specialty pathway.,Step 1; Step 2 CK; Step 3,Neurology; Internal Medicine; Pediatrics; Emergency Medicine,partially_source_supported
DCP-NEUR-858C190521DA,DIS-NEUR-DANDYWALKERMALFORMAT,COM-NEUR-7E6473717F58,"acute, delayed, or chronic according to the linked disease course",clinically important,variable,false,"Severity, delayed recognition, and disease-specific physiology increase risk of developmental disability in Dandy-Walker malformation.","New deterioration, organ dysfunction, or symptoms compatible with developmental disability require reassessment.","Use the linked Dandy-Walker malformation stabilization, monitoring, prevention, and rehabilitation pathway.",Recognize and immediately manage developmental disability while escalating to the relevant specialty pathway.,Step 1; Step 2 CK; Step 3,Neurology; Internal Medicine; Pediatrics; Emergency Medicine,partially_source_supported
DCP-NEUR-1F75B18C9AFB,DIS-NEUR-DANDYWALKERMALFORMAT,COM-NEUR-ASPIRATION,"acute, delayed, or chronic according to the linked disease course",clinically important,variable,false,"Severity, delayed recognition, and disease-specific physiology increase risk of aspiration in Dandy-Walker malformation.","New deterioration, organ dysfunction, or symptoms compatible with aspiration require reassessment.","Use the linked Dandy-Walker malformation stabilization, monitoring, prevention, and rehabilitation pathway.",Recognize and immediately manage aspiration while escalating to the relevant specialty pathway.,Step 1; Step 2 CK; Step 3,Neurology; Internal Medicine; Pediatrics; Emergency Medicine,partially_source_supported
